<library>
  <extends>modm:disco-f407vg</extends>
  <options>
    <option name="modm:build:build.path">../../../build/stm32f4_discovery/colour_tcs3414</option>
  </options>
  <modules>
    <module>modm:driver:tcs3414</module>
    <module>modm:io</module>
    <module>modm:platform:gpio</module>
    <module>modm:platform:i2c.bitbang</module>
    <module>modm:platform:i2c:2</module>
    <module>modm:platform:uart:2</module>
    <module>modm:processing:protothread</module>
    <module>modm:processing:timer</module>
    <module>modm:build:scons</module>
  </modules>
</library>
