<?xml version='1.0' encoding='UTF-8'?>
<modm version="0.4.0">
  <!-- WARNING: This file is generated by the modm device file generator. Do not edit! -->
  <device platform="stm32" family="l4" name="51|71" pin="c|q|r|v|z" size="c|e|g" package="i|t|u|y">
    <naming-schema>{platform}{family}{name}{pin}{size}{package}</naming-schema>
    <valid-device>stm32l451ccu</valid-device>
    <valid-device>stm32l451ceu</valid-device>
    <valid-device>stm32l451rci</valid-device>
    <valid-device>stm32l451rct</valid-device>
    <valid-device>stm32l451rcy</valid-device>
    <valid-device>stm32l451rei</valid-device>
    <valid-device>stm32l451ret</valid-device>
    <valid-device>stm32l451rey</valid-device>
    <valid-device>stm32l451vci</valid-device>
    <valid-device>stm32l451vct</valid-device>
    <valid-device>stm32l451vei</valid-device>
    <valid-device>stm32l451vet</valid-device>
    <valid-device>stm32l471qei</valid-device>
    <valid-device>stm32l471qgi</valid-device>
    <valid-device>stm32l471ret</valid-device>
    <valid-device>stm32l471rgt</valid-device>
    <valid-device>stm32l471vet</valid-device>
    <valid-device>stm32l471vgt</valid-device>
    <valid-device>stm32l471zet</valid-device>
    <valid-device>stm32l471zgt</valid-device>
    <driver name="core" type="cortex-m4f">
      <memory device-size="c" name="flash" access="rx" start="0x8000000" size="262144"/>
      <memory device-size="e" name="flash" access="rx" start="0x8000000" size="524288"/>
      <memory device-size="g" name="flash" access="rx" start="0x8000000" size="1048576"/>
      <memory device-name="71" name="sram1" access="rwx" start="0x20000000" size="98304"/>
      <memory device-name="51" name="sram1" access="rwx" start="0x20000000" size="131072"/>
      <memory device-name="71" name="sram2" access="rwx" start="0x20018000" size="32768"/>
      <memory device-name="51" name="sram2" access="rwx" start="0x20020000" size="32768"/>
      <vector position="0" name="WWDG"/>
      <vector position="1" name="PVD_PVM"/>
      <vector position="2" name="TAMP_STAMP"/>
      <vector position="3" name="RTC_WKUP"/>
      <vector position="4" name="FLASH"/>
      <vector position="5" name="RCC"/>
      <vector position="6" name="EXTI0"/>
      <vector position="7" name="EXTI1"/>
      <vector position="8" name="EXTI2"/>
      <vector position="9" name="EXTI3"/>
      <vector position="10" name="EXTI4"/>
      <vector position="11" name="DMA1_Channel1"/>
      <vector position="12" name="DMA1_Channel2"/>
      <vector position="13" name="DMA1_Channel3"/>
      <vector position="14" name="DMA1_Channel4"/>
      <vector position="15" name="DMA1_Channel5"/>
      <vector position="16" name="DMA1_Channel6"/>
      <vector position="17" name="DMA1_Channel7"/>
      <vector device-name="51" position="18" name="ADC1"/>
      <vector device-name="71" position="18" name="ADC1_2"/>
      <vector position="19" name="CAN1_TX"/>
      <vector position="20" name="CAN1_RX0"/>
      <vector position="21" name="CAN1_RX1"/>
      <vector position="22" name="CAN1_SCE"/>
      <vector position="23" name="EXTI9_5"/>
      <vector position="24" name="TIM1_BRK_TIM15"/>
      <vector position="25" name="TIM1_UP_TIM16"/>
      <vector device-name="51" position="26" name="TIM1_TRG_COM"/>
      <vector device-name="71" position="26" name="TIM1_TRG_COM_TIM17"/>
      <vector position="27" name="TIM1_CC"/>
      <vector position="28" name="TIM2"/>
      <vector position="29" name="TIM3"/>
      <vector device-name="71" position="30" name="TIM4"/>
      <vector position="31" name="I2C1_EV"/>
      <vector position="32" name="I2C1_ER"/>
      <vector position="33" name="I2C2_EV"/>
      <vector position="34" name="I2C2_ER"/>
      <vector position="35" name="SPI1"/>
      <vector position="36" name="SPI2"/>
      <vector position="37" name="USART1"/>
      <vector position="38" name="USART2"/>
      <vector position="39" name="USART3"/>
      <vector position="40" name="EXTI15_10"/>
      <vector position="41" name="RTC_Alarm"/>
      <vector device-name="71" position="42" name="DFSDM1_FLT3"/>
      <vector device-name="71" position="43" name="TIM8_BRK"/>
      <vector device-name="71" position="44" name="TIM8_UP"/>
      <vector device-name="71" position="45" name="TIM8_TRG_COM"/>
      <vector device-name="71" position="46" name="TIM8_CC"/>
      <vector device-name="71" position="47" name="ADC3"/>
      <vector device-name="71" position="48" name="FMC"/>
      <vector position="49" name="SDMMC1"/>
      <vector device-name="71" position="50" name="TIM5"/>
      <vector position="51" name="SPI3"/>
      <vector position="52" name="UART4"/>
      <vector device-name="71" position="53" name="UART5"/>
      <vector position="54" name="TIM6_DAC"/>
      <vector device-name="71" position="55" name="TIM7"/>
      <vector position="56" name="DMA2_Channel1"/>
      <vector position="57" name="DMA2_Channel2"/>
      <vector position="58" name="DMA2_Channel3"/>
      <vector position="59" name="DMA2_Channel4"/>
      <vector position="60" name="DMA2_Channel5"/>
      <vector position="61" name="DFSDM1_FLT0"/>
      <vector position="62" name="DFSDM1_FLT1"/>
      <vector device-name="71" position="63" name="DFSDM1_FLT2"/>
      <vector position="64" name="COMP"/>
      <vector position="65" name="LPTIM1"/>
      <vector position="66" name="LPTIM2"/>
      <vector position="68" name="DMA2_Channel6"/>
      <vector position="69" name="DMA2_Channel7"/>
      <vector position="70" name="LPUART1"/>
      <vector position="71" name="QUADSPI"/>
      <vector position="72" name="I2C3_EV"/>
      <vector position="73" name="I2C3_ER"/>
      <vector position="74" name="SAI1"/>
      <vector device-name="71" position="75" name="SAI2"/>
      <vector device-name="71" position="76" name="SWPMI1"/>
      <vector position="77" name="TSC"/>
      <vector position="80" name="RNG"/>
      <vector position="81" name="FPU"/>
      <vector device-name="51" position="82" name="CRS"/>
      <vector device-name="51" position="83" name="I2C4_EV"/>
      <vector device-name="51" position="84" name="I2C4_ER"/>
    </driver>
    <driver name="adc" type="stm32-f3">
      <instance value="1"/>
      <instance device-name="71" value="2"/>
      <instance device-name="71" value="3"/>
    </driver>
    <driver name="can" type="stm32">
      <feature value="filter-28"/>
      <instance value="1"/>
    </driver>
    <driver device-name="71" name="comp" type="stm32-tsmc90_cube">
      <instance value="1"/>
      <instance value="2"/>
    </driver>
    <driver device-name="51" name="comp" type="stm32-tsmc90_orca512_cube">
      <instance value="1"/>
      <instance value="2"/>
    </driver>
    <driver name="crc" type="stm32"/>
    <driver name="dac" type="stm32">
      <feature value="status"/>
      <instance value="1"/>
    </driver>
    <driver name="dfsdm" type="stm32-v1.0">
      <instance value="1"/>
    </driver>
    <driver name="dma" type="stm32-extended">
      <instance value="1"/>
      <instance value="2"/>
    </driver>
    <driver name="flash" type="stm32-v1.0">
      <latency vcore-min="1000">
        <wait-state ws="0" hclk-max="6000000"/>
        <wait-state ws="1" hclk-max="12000000"/>
        <wait-state ws="2" hclk-max="18000000"/>
        <wait-state ws="3" hclk-max="26000000"/>
      </latency>
      <latency vcore-min="1200">
        <wait-state ws="0" hclk-max="16000000"/>
        <wait-state ws="1" hclk-max="32000000"/>
        <wait-state ws="2" hclk-max="48000000"/>
        <wait-state ws="3" hclk-max="64000000"/>
        <wait-state ws="4" hclk-max="80000000"/>
      </latency>
    </driver>
    <driver device-name="71" device-pin="q|v|z" name="fmc" type="stm32-v1.1"/>
    <driver name="i2c" type="stm32-extended">
      <feature value="dnf"/>
      <feature value="fmp"/>
      <instance value="1"/>
      <instance value="2"/>
      <instance value="3"/>
      <instance device-name="51" value="4"/>
    </driver>
    <driver name="irtim" type="stm32-v1.0"/>
    <driver name="iwdg" type="stm32"/>
    <driver name="lptim" type="stm32-v1.0">
      <instance value="1"/>
      <instance value="2"/>
    </driver>
    <driver name="lpuart" type="stm32-v1.1">
      <instance value="1"/>
    </driver>
    <driver name="opamp" type="stm32-v1.0">
      <instance value="1"/>
      <instance device-name="71" value="2"/>
    </driver>
    <driver device-name="71" name="quadspi" type="stm32-v2.0"/>
    <driver device-name="51" name="quadspi" type="stm32-v2.2"/>
    <driver name="rcc" type="stm32-v1.0"/>
    <driver name="rng" type="stm32"/>
    <driver name="rtc" type="stm32-v2.4"/>
    <driver name="sai" type="stm32-v1.1">
      <instance value="1"/>
      <instance device-name="71" value="2"/>
    </driver>
    <driver device-pin="q|r|v|z" name="sdmmc" type="stm32-v1.3">
      <instance value="1"/>
    </driver>
    <driver name="spi" type="stm32">
      <feature value="data-size"/>
      <feature value="fifo"/>
      <feature value="nss-pulse"/>
      <instance value="1"/>
      <instance value="2"/>
      <instance value="3"/>
    </driver>
    <driver device-name="71" name="swpmi" type="stm32-v1.0">
      <instance value="1"/>
    </driver>
    <driver name="sys" type="stm32">
      <feature value="exti"/>
    </driver>
    <driver name="tim" type="stm32-advanced">
      <instance value="1"/>
      <instance device-name="71" value="8"/>
    </driver>
    <driver name="tim" type="stm32-basic">
      <instance value="6"/>
      <instance device-name="71" value="7"/>
    </driver>
    <driver name="tim" type="stm32-general-purpose">
      <instance value="2"/>
      <instance value="3"/>
      <instance device-name="71" value="4"/>
      <instance device-name="71" value="5"/>
      <instance value="15"/>
      <instance value="16"/>
      <instance device-name="71" value="17"/>
    </driver>
    <driver name="tsc" type="stm32-v1.0"/>
    <driver name="uart" type="stm32-extended">
      <instance value="4"/>
      <instance device-name="71" value="5"/>
    </driver>
    <driver name="usart" type="stm32-extended">
      <instance value="1"/>
      <instance value="2"/>
      <instance value="3"/>
    </driver>
    <driver name="wwdg" type="stm32-v1.0"/>
    <driver name="gpio" type="stm32">
      <gpio port="a" pin="0">
        <signal driver="adc" instance="1" name="in5"/>
        <signal device-name="71" driver="adc" instance="2" name="in5"/>
        <signal device-name="51" driver="comp" instance="1" name="inm"/>
        <signal driver="opamp" instance="1" name="vinp"/>
        <signal driver="rtc" name="tamp2"/>
        <signal driver="sys" name="wkup1"/>
        <signal af="1" driver="tim" instance="2" name="ch1"/>
        <signal device-name="71" af="2" driver="tim" instance="5" name="ch1"/>
        <signal device-name="71" af="3" driver="tim" instance="8" name="etr"/>
        <signal af="7" driver="usart" instance="2" name="cts"/>
        <signal af="8" driver="uart" instance="4" name="tx"/>
        <signal device-name="51" af="12" driver="comp" instance="1" name="out"/>
        <signal af="13" driver="sai" instance="1" name="extclk"/>
        <signal af="14" driver="tim" instance="2" name="etr"/>
      </gpio>
      <gpio port="a" pin="1">
        <signal driver="adc" instance="1" name="in6"/>
        <signal device-name="71" driver="adc" instance="2" name="in6"/>
        <signal device-name="51" driver="comp" instance="1" name="inp"/>
        <signal driver="opamp" instance="1" name="vinm"/>
        <signal af="1" driver="tim" instance="2" name="ch2"/>
        <signal device-name="71" af="2" driver="tim" instance="5" name="ch2"/>
        <signal device-name="51" af="4" driver="i2c" instance="1" name="smba"/>
        <signal device-name="51" af="5" driver="spi" instance="1" name="sck"/>
        <signal af="7" driver="usart" instance="2" name="de"/>
        <signal af="7" driver="usart" instance="2" name="rts"/>
        <signal af="8" driver="uart" instance="4" name="rx"/>
        <signal af="14" driver="tim" instance="15" name="ch1n"/>
      </gpio>
      <gpio port="a" pin="2">
        <signal driver="adc" instance="1" name="in7"/>
        <signal device-name="71" driver="adc" instance="2" name="in7"/>
        <signal device-name="51" driver="comp" instance="2" name="inm"/>
        <signal driver="rcc" name="lsco"/>
        <signal driver="sys" name="wkup4"/>
        <signal af="1" driver="tim" instance="2" name="ch3"/>
        <signal device-name="71" af="2" driver="tim" instance="5" name="ch3"/>
        <signal af="7" driver="usart" instance="2" name="tx"/>
        <signal device-name="51" af="8" driver="lpuart" instance="1" name="tx"/>
        <signal device-name="51" af="10" driver="quadspi" name="bk1_ncs"/>
        <signal device-name="51" af="12" driver="comp" instance="2" name="out"/>
        <signal device-name="71" af="13" driver="sai" instance="2" name="extclk"/>
        <signal af="14" driver="tim" instance="15" name="ch1"/>
      </gpio>
      <gpio port="a" pin="3">
        <signal driver="adc" instance="1" name="in8"/>
        <signal device-name="71" driver="adc" instance="2" name="in8"/>
        <signal device-name="51" driver="comp" instance="2" name="inp"/>
        <signal driver="opamp" instance="1" name="vout"/>
        <signal af="1" driver="tim" instance="2" name="ch4"/>
        <signal device-name="71" af="2" driver="tim" instance="5" name="ch4"/>
        <signal af="7" driver="usart" instance="2" name="rx"/>
        <signal device-name="51" af="8" driver="lpuart" instance="1" name="rx"/>
        <signal device-name="51" af="10" driver="quadspi" name="clk"/>
        <signal device-name="51" af="13" driver="sai" instance="1" name="mclk_a"/>
        <signal af="14" driver="tim" instance="15" name="ch2"/>
      </gpio>
      <gpio port="a" pin="4">
        <signal driver="adc" instance="1" name="in9"/>
        <signal device-name="71" driver="adc" instance="2" name="in9"/>
        <signal device-name="51" driver="comp" instance="1" name="inm"/>
        <signal device-name="51" driver="comp" instance="2" name="inm"/>
        <signal driver="dac" instance="1" name="out1"/>
        <signal af="5" driver="spi" instance="1" name="nss"/>
        <signal af="6" driver="spi" instance="3" name="nss"/>
        <signal af="7" driver="usart" instance="2" name="ck"/>
        <signal af="13" driver="sai" instance="1" name="fs_b"/>
        <signal af="14" driver="lptim" instance="2" name="out"/>
      </gpio>
      <gpio port="a" pin="5">
        <signal driver="adc" instance="1" name="in10"/>
        <signal device-name="71" driver="adc" instance="2" name="in10"/>
        <signal device-name="51" driver="comp" instance="1" name="inm"/>
        <signal device-name="51" driver="comp" instance="2" name="inm"/>
        <signal device-name="71" driver="dac" instance="1" name="out2"/>
        <signal af="1" driver="tim" instance="2" name="ch1"/>
        <signal af="2" driver="tim" instance="2" name="etr"/>
        <signal device-name="71" af="3" driver="tim" instance="8" name="ch1n"/>
        <signal af="5" driver="spi" instance="1" name="sck"/>
        <signal device-name="51" af="6" driver="dfsdm" instance="1" name="ckout"/>
        <signal af="14" driver="lptim" instance="2" name="etr"/>
      </gpio>
      <gpio port="a" pin="6">
        <signal driver="adc" instance="1" name="in11"/>
        <signal device-name="71" driver="adc" instance="2" name="in11"/>
        <signal device-name="71" driver="opamp" instance="2" name="vinp"/>
        <signal af="1" driver="tim" instance="1" name="bkin"/>
        <signal af="2" driver="tim" instance="3" name="ch1"/>
        <signal device-name="71" af="3" driver="tim" instance="8" name="bkin"/>
        <signal af="5" driver="spi" instance="1" name="miso"/>
        <signal device-name="51" af="6" driver="comp" instance="1" name="out"/>
        <signal af="7" driver="usart" instance="3" name="cts"/>
        <signal device-name="51" af="8" driver="lpuart" instance="1" name="cts"/>
        <signal af="10" driver="quadspi" name="bk1_io3"/>
        <signal af="12" driver="tim" instance="1" name="bkin_comp2"/>
        <signal device-name="71" af="13" driver="tim" instance="8" name="bkin_comp2"/>
        <signal af="14" driver="tim" instance="16" name="ch1"/>
      </gpio>
      <gpio port="a" pin="7">
        <signal driver="adc" instance="1" name="in12"/>
        <signal device-name="71" driver="adc" instance="2" name="in12"/>
        <signal device-name="71" driver="opamp" instance="2" name="vinm"/>
        <signal af="1" driver="tim" instance="1" name="ch1n"/>
        <signal af="2" driver="tim" instance="3" name="ch2"/>
        <signal device-name="71" af="3" driver="tim" instance="8" name="ch1n"/>
        <signal device-name="51" af="4" driver="i2c" instance="3" name="scl"/>
        <signal af="5" driver="spi" instance="1" name="mosi"/>
        <signal device-name="51" af="6" driver="dfsdm" instance="1" name="datin0"/>
        <signal af="10" driver="quadspi" name="bk1_io2"/>
        <signal device-name="51" af="12" driver="comp" instance="2" name="out"/>
        <signal device-name="71" af="14" driver="tim" instance="17" name="ch1"/>
      </gpio>
      <gpio port="a" pin="8">
        <signal af="0" driver="rcc" name="mco"/>
        <signal af="1" driver="tim" instance="1" name="ch1"/>
        <signal device-name="51" af="6" driver="dfsdm" instance="1" name="ckin1"/>
        <signal af="7" driver="usart" instance="1" name="ck"/>
        <signal device-name="51" af="13" driver="sai" instance="1" name="sck_a"/>
        <signal af="14" driver="lptim" instance="2" name="out"/>
      </gpio>
      <gpio port="a" pin="9">
        <signal af="1" driver="tim" instance="1" name="ch2"/>
        <signal device-name="51" af="4" driver="i2c" instance="1" name="scl"/>
        <signal device-name="51" af="6" driver="dfsdm" instance="1" name="datin1"/>
        <signal af="7" driver="usart" instance="1" name="tx"/>
        <signal device-name="51" af="13" driver="sai" instance="1" name="fs_a"/>
        <signal af="14" driver="tim" instance="15" name="bkin"/>
      </gpio>
      <gpio port="a" pin="10">
        <signal af="1" driver="tim" instance="1" name="ch3"/>
        <signal device-name="51" af="4" driver="i2c" instance="1" name="sda"/>
        <signal af="7" driver="usart" instance="1" name="rx"/>
        <signal device-name="51" af="13" driver="sai" instance="1" name="sd_a"/>
        <signal device-name="71" af="14" driver="tim" instance="17" name="bkin"/>
      </gpio>
      <gpio port="a" pin="11">
        <signal af="1" driver="tim" instance="1" name="ch4"/>
        <signal af="2" driver="tim" instance="1" name="bkin2"/>
        <signal device-name="51" af="5" driver="spi" instance="1" name="miso"/>
        <signal device-name="51" af="6" driver="comp" instance="1" name="out"/>
        <signal af="7" driver="usart" instance="1" name="cts"/>
        <signal af="9" driver="can" instance="1" name="rx"/>
        <signal af="12" driver="tim" instance="1" name="bkin2_comp1"/>
      </gpio>
      <gpio port="a" pin="12">
        <signal af="1" driver="tim" instance="1" name="etr"/>
        <signal device-name="51" af="5" driver="spi" instance="1" name="mosi"/>
        <signal af="7" driver="usart" instance="1" name="de"/>
        <signal af="7" driver="usart" instance="1" name="rts"/>
        <signal af="9" driver="can" instance="1" name="tx"/>
      </gpio>
      <gpio port="a" pin="13">
        <signal af="0" driver="sys" name="jtms"/>
        <signal af="0" driver="sys" name="swdio"/>
        <signal af="1" name="ir_out"/>
        <signal device-name="51" af="13" driver="sai" instance="1" name="sd_b"/>
      </gpio>
      <gpio port="a" pin="14">
        <signal af="0" driver="sys" name="jtck"/>
        <signal af="0" driver="sys" name="swclk"/>
        <signal device-name="51" af="1" driver="lptim" instance="1" name="out"/>
        <signal device-name="51" af="4" driver="i2c" instance="1" name="smba"/>
        <signal device-name="51" af="5" driver="i2c" instance="4" name="smba"/>
        <signal device-name="51" af="13" driver="sai" instance="1" name="fs_b"/>
      </gpio>
      <gpio port="a" pin="15">
        <signal af="0" driver="sys" name="jtdi"/>
        <signal af="1" driver="tim" instance="2" name="ch1"/>
        <signal af="2" driver="tim" instance="2" name="etr"/>
        <signal device-name="51" af="3" driver="usart" instance="2" name="rx"/>
        <signal af="5" driver="spi" instance="1" name="nss"/>
        <signal af="6" driver="spi" instance="3" name="nss"/>
        <signal device-name="51" af="7" driver="usart" instance="3" name="de"/>
        <signal device-name="51" af="7" driver="usart" instance="3" name="rts"/>
        <signal af="8" driver="uart" instance="4" name="de"/>
        <signal af="8" driver="uart" instance="4" name="rts"/>
        <signal device-pin="q|r|v|z" af="9" driver="tsc" name="g3_io1"/>
        <signal device-name="71" af="13" driver="sai" instance="2" name="fs_b"/>
      </gpio>
      <gpio port="b" pin="0">
        <signal driver="adc" instance="1" name="in15"/>
        <signal device-name="71" driver="adc" instance="2" name="in15"/>
        <signal device-name="71" driver="opamp" instance="2" name="vout"/>
        <signal af="1" driver="tim" instance="1" name="ch2n"/>
        <signal af="2" driver="tim" instance="3" name="ch3"/>
        <signal device-name="71" af="3" driver="tim" instance="8" name="ch2n"/>
        <signal device-name="51" af="5" driver="spi" instance="1" name="nss"/>
        <signal device-name="51" af="6" driver="dfsdm" instance="1" name="ckin0"/>
        <signal af="7" driver="usart" instance="3" name="ck"/>
        <signal af="10" driver="quadspi" name="bk1_io1"/>
        <signal af="12" driver="comp" instance="1" name="out"/>
        <signal device-name="51" af="13" driver="sai" instance="1" name="extclk"/>
      </gpio>
      <gpio port="b" pin="1">
        <signal driver="adc" instance="1" name="in16"/>
        <signal device-name="71" driver="adc" instance="2" name="in16"/>
        <signal driver="comp" instance="1" name="inm"/>
        <signal af="1" driver="tim" instance="1" name="ch3n"/>
        <signal af="2" driver="tim" instance="3" name="ch4"/>
        <signal device-name="71" af="3" driver="tim" instance="8" name="ch3n"/>
        <signal af="6" driver="dfsdm" instance="1" name="datin0"/>
        <signal af="7" driver="usart" instance="3" name="de"/>
        <signal af="7" driver="usart" instance="3" name="rts"/>
        <signal device-name="51" af="8" driver="lpuart" instance="1" name="de"/>
        <signal device-name="51" af="8" driver="lpuart" instance="1" name="rts"/>
        <signal af="10" driver="quadspi" name="bk1_io0"/>
        <signal af="14" driver="lptim" instance="2" name="in1"/>
      </gpio>
      <gpio port="b" pin="2">
        <signal driver="comp" instance="1" name="inp"/>
        <signal af="0" driver="rtc" name="out_alarm"/>
        <signal af="0" driver="rtc" name="out_calib"/>
        <signal af="1" driver="lptim" instance="1" name="out"/>
        <signal af="4" driver="i2c" instance="3" name="smba"/>
        <signal af="6" driver="dfsdm" instance="1" name="ckin0"/>
      </gpio>
      <gpio port="b" pin="3">
        <signal driver="comp" instance="2" name="inm"/>
        <signal af="0" driver="sys" name="jtdo"/>
        <signal af="0" driver="sys" name="swo"/>
        <signal af="1" driver="tim" instance="2" name="ch2"/>
        <signal af="5" driver="spi" instance="1" name="sck"/>
        <signal af="6" driver="spi" instance="3" name="sck"/>
        <signal af="7" driver="usart" instance="1" name="de"/>
        <signal af="7" driver="usart" instance="1" name="rts"/>
        <signal af="13" driver="sai" instance="1" name="sck_b"/>
      </gpio>
      <gpio port="b" pin="4">
        <signal driver="comp" instance="2" name="inp"/>
        <signal af="0" driver="sys" name="jtrst"/>
        <signal af="2" driver="tim" instance="3" name="ch1"/>
        <signal device-name="51" af="4" driver="i2c" instance="3" name="sda"/>
        <signal af="5" driver="spi" instance="1" name="miso"/>
        <signal af="6" driver="spi" instance="3" name="miso"/>
        <signal af="7" driver="usart" instance="1" name="cts"/>
        <signal device-name="71" af="8" driver="uart" instance="5" name="de"/>
        <signal device-name="71" af="8" driver="uart" instance="5" name="rts"/>
        <signal af="9" driver="tsc" name="g2_io1"/>
        <signal af="13" driver="sai" instance="1" name="mclk_b"/>
        <signal device-name="71" af="14" driver="tim" instance="17" name="bkin"/>
      </gpio>
      <gpio port="b" pin="5">
        <signal af="1" driver="lptim" instance="1" name="in1"/>
        <signal af="2" driver="tim" instance="3" name="ch2"/>
        <signal device-name="51" af="3" driver="can" instance="1" name="rx"/>
        <signal af="4" driver="i2c" instance="1" name="smba"/>
        <signal af="5" driver="spi" instance="1" name="mosi"/>
        <signal af="6" driver="spi" instance="3" name="mosi"/>
        <signal af="7" driver="usart" instance="1" name="ck"/>
        <signal device-name="71" af="8" driver="uart" instance="5" name="cts"/>
        <signal af="9" driver="tsc" name="g2_io2"/>
        <signal af="12" driver="comp" instance="2" name="out"/>
        <signal af="13" driver="sai" instance="1" name="sd_b"/>
        <signal af="14" driver="tim" instance="16" name="bkin"/>
      </gpio>
      <gpio port="b" pin="6">
        <signal driver="comp" instance="2" name="inp"/>
        <signal af="1" driver="lptim" instance="1" name="etr"/>
        <signal device-name="71" af="2" driver="tim" instance="4" name="ch1"/>
        <signal device-name="71" af="3" driver="tim" instance="8" name="bkin2"/>
        <signal af="4" driver="i2c" instance="1" name="scl"/>
        <signal device-name="51" af="5" driver="i2c" instance="4" name="scl"/>
        <signal device-name="71" af="6" driver="dfsdm" instance="1" name="datin5"/>
        <signal af="7" driver="usart" instance="1" name="tx"/>
        <signal device-name="51" af="8" driver="can" instance="1" name="tx"/>
        <signal af="9" driver="tsc" name="g2_io3"/>
        <signal device-name="71" af="12" driver="tim" instance="8" name="bkin2_comp2"/>
        <signal af="13" driver="sai" instance="1" name="fs_b"/>
        <signal af="14" driver="tim" instance="16" name="ch1n"/>
      </gpio>
      <gpio port="b" pin="7">
        <signal driver="comp" instance="2" name="inm"/>
        <signal driver="sys" name="pvd_in"/>
        <signal af="1" driver="lptim" instance="1" name="in2"/>
        <signal device-name="71" af="2" driver="tim" instance="4" name="ch2"/>
        <signal device-name="71" af="3" driver="tim" instance="8" name="bkin"/>
        <signal af="4" driver="i2c" instance="1" name="sda"/>
        <signal device-name="51" af="5" driver="i2c" instance="4" name="sda"/>
        <signal device-name="71" af="6" driver="dfsdm" instance="1" name="ckin5"/>
        <signal af="7" driver="usart" instance="1" name="rx"/>
        <signal af="8" driver="uart" instance="4" name="cts"/>
        <signal af="9" driver="tsc" name="g2_io4"/>
        <signal device-name="71" device-pin="q|v|z" af="12" driver="fmc" name="nl"/>
        <signal device-name="71" af="13" driver="tim" instance="8" name="bkin_comp1"/>
        <signal device-name="71" af="14" driver="tim" instance="17" name="ch1n"/>
      </gpio>
      <gpio port="b" pin="8">
        <signal device-name="71" af="2" driver="tim" instance="4" name="ch3"/>
        <signal af="4" driver="i2c" instance="1" name="scl"/>
        <signal device-name="71" af="6" driver="dfsdm" instance="1" name="datin6"/>
        <signal af="9" driver="can" instance="1" name="rx"/>
        <signal device-pin="q|r|v|z" af="12" driver="sdmmc" instance="1" name="d4"/>
        <signal af="13" driver="sai" instance="1" name="mclk_a"/>
        <signal af="14" driver="tim" instance="16" name="ch1"/>
      </gpio>
      <gpio port="b" pin="9">
        <signal af="1" name="ir_out"/>
        <signal device-name="71" af="2" driver="tim" instance="4" name="ch4"/>
        <signal af="4" driver="i2c" instance="1" name="sda"/>
        <signal af="5" driver="spi" instance="2" name="nss"/>
        <signal device-name="71" af="6" driver="dfsdm" instance="1" name="ckin6"/>
        <signal af="9" driver="can" instance="1" name="tx"/>
        <signal device-pin="q|r|v|z" af="12" driver="sdmmc" instance="1" name="d5"/>
        <signal af="13" driver="sai" instance="1" name="fs_a"/>
        <signal device-name="71" af="14" driver="tim" instance="17" name="ch1"/>
      </gpio>
      <gpio port="b" pin="10">
        <signal af="1" driver="tim" instance="2" name="ch3"/>
        <signal device-name="51" af="3" driver="i2c" instance="4" name="scl"/>
        <signal af="4" driver="i2c" instance="2" name="scl"/>
        <signal af="5" driver="spi" instance="2" name="sck"/>
        <signal device-name="71" af="6" driver="dfsdm" instance="1" name="datin7"/>
        <signal af="7" driver="usart" instance="3" name="tx"/>
        <signal af="8" driver="lpuart" instance="1" name="rx"/>
        <signal device-name="51" af="9" driver="tsc" name="sync"/>
        <signal af="10" driver="quadspi" name="clk"/>
        <signal af="12" driver="comp" instance="1" name="out"/>
        <signal af="13" driver="sai" instance="1" name="sck_a"/>
      </gpio>
      <gpio port="b" pin="11">
        <signal af="1" driver="tim" instance="2" name="ch4"/>
        <signal device-name="51" af="3" driver="i2c" instance="4" name="sda"/>
        <signal af="4" driver="i2c" instance="2" name="sda"/>
        <signal device-name="71" af="6" driver="dfsdm" instance="1" name="ckin7"/>
        <signal af="7" driver="usart" instance="3" name="rx"/>
        <signal af="8" driver="lpuart" instance="1" name="tx"/>
        <signal device-name="51" af="10" driver="quadspi" name="bk1_ncs"/>
        <signal device-name="71" af="10" driver="quadspi" name="ncs"/>
        <signal af="12" driver="comp" instance="2" name="out"/>
      </gpio>
      <gpio port="b" pin="12">
        <signal af="1" driver="tim" instance="1" name="bkin"/>
        <signal af="3" driver="tim" instance="1" name="bkin_comp2"/>
        <signal af="4" driver="i2c" instance="2" name="smba"/>
        <signal af="5" driver="spi" instance="2" name="nss"/>
        <signal af="6" driver="dfsdm" instance="1" name="datin1"/>
        <signal af="7" driver="usart" instance="3" name="ck"/>
        <signal af="8" driver="lpuart" instance="1" name="de"/>
        <signal af="8" driver="lpuart" instance="1" name="rts"/>
        <signal af="9" driver="tsc" name="g1_io1"/>
        <signal device-name="51" af="10" driver="can" instance="1" name="rx"/>
        <signal device-name="71" af="12" driver="swpmi" instance="1" name="io"/>
        <signal device-name="51" af="13" driver="sai" instance="1" name="fs_a"/>
        <signal device-name="71" af="13" driver="sai" instance="2" name="fs_a"/>
        <signal af="14" driver="tim" instance="15" name="bkin"/>
      </gpio>
      <gpio port="b" pin="13">
        <signal af="1" driver="tim" instance="1" name="ch1n"/>
        <signal af="4" driver="i2c" instance="2" name="scl"/>
        <signal af="5" driver="spi" instance="2" name="sck"/>
        <signal af="6" driver="dfsdm" instance="1" name="ckin1"/>
        <signal af="7" driver="usart" instance="3" name="cts"/>
        <signal af="8" driver="lpuart" instance="1" name="cts"/>
        <signal af="9" driver="tsc" name="g1_io2"/>
        <signal device-name="51" af="10" driver="can" instance="1" name="tx"/>
        <signal device-name="71" af="12" driver="swpmi" instance="1" name="tx"/>
        <signal device-name="51" af="13" driver="sai" instance="1" name="sck_a"/>
        <signal device-name="71" af="13" driver="sai" instance="2" name="sck_a"/>
        <signal af="14" driver="tim" instance="15" name="ch1n"/>
      </gpio>
      <gpio port="b" pin="14">
        <signal af="1" driver="tim" instance="1" name="ch2n"/>
        <signal device-name="71" af="3" driver="tim" instance="8" name="ch2n"/>
        <signal af="4" driver="i2c" instance="2" name="sda"/>
        <signal af="5" driver="spi" instance="2" name="miso"/>
        <signal af="6" driver="dfsdm" instance="1" name="datin2"/>
        <signal af="7" driver="usart" instance="3" name="de"/>
        <signal af="7" driver="usart" instance="3" name="rts"/>
        <signal af="9" driver="tsc" name="g1_io3"/>
        <signal device-name="71" af="12" driver="swpmi" instance="1" name="rx"/>
        <signal device-name="51" af="13" driver="sai" instance="1" name="mclk_a"/>
        <signal device-name="71" af="13" driver="sai" instance="2" name="mclk_a"/>
        <signal af="14" driver="tim" instance="15" name="ch1"/>
      </gpio>
      <gpio port="b" pin="15">
        <signal af="0" driver="rtc" name="refin"/>
        <signal af="1" driver="tim" instance="1" name="ch3n"/>
        <signal device-name="71" af="3" driver="tim" instance="8" name="ch3n"/>
        <signal af="5" driver="spi" instance="2" name="mosi"/>
        <signal af="6" driver="dfsdm" instance="1" name="ckin2"/>
        <signal af="9" driver="tsc" name="g1_io4"/>
        <signal device-name="71" af="12" driver="swpmi" instance="1" name="suspend"/>
        <signal device-name="51" af="13" driver="sai" instance="1" name="sd_a"/>
        <signal device-name="71" af="13" driver="sai" instance="2" name="sd_a"/>
        <signal af="14" driver="tim" instance="15" name="ch2"/>
      </gpio>
      <gpio device-pin="q|r|v|z" port="c" pin="0">
        <signal driver="adc" instance="1" name="in1"/>
        <signal device-name="71" driver="adc" instance="2" name="in1"/>
        <signal device-name="71" driver="adc" instance="3" name="in1"/>
        <signal af="1" driver="lptim" instance="1" name="in1"/>
        <signal device-name="51" device-pin="r|v" af="2" driver="i2c" instance="4" name="scl"/>
        <signal af="4" driver="i2c" instance="3" name="scl"/>
        <signal device-name="71" af="6" driver="dfsdm" instance="1" name="datin4"/>
        <signal af="8" driver="lpuart" instance="1" name="rx"/>
        <signal af="14" driver="lptim" instance="2" name="in1"/>
      </gpio>
      <gpio device-pin="q|r|v|z" port="c" pin="1">
        <signal driver="adc" instance="1" name="in2"/>
        <signal device-name="71" driver="adc" instance="2" name="in2"/>
        <signal device-name="71" driver="adc" instance="3" name="in2"/>
        <signal device-name="51" device-pin="r|v" af="0" driver="sys" name="traced0"/>
        <signal af="1" driver="lptim" instance="1" name="out"/>
        <signal device-name="51" device-pin="r|v" af="2" driver="i2c" instance="4" name="sda"/>
        <signal af="4" driver="i2c" instance="3" name="sda"/>
        <signal device-name="71" af="6" driver="dfsdm" instance="1" name="ckin4"/>
        <signal af="8" driver="lpuart" instance="1" name="tx"/>
      </gpio>
      <gpio device-pin="q|r|v|z" port="c" pin="2">
        <signal driver="adc" instance="1" name="in3"/>
        <signal device-name="71" driver="adc" instance="2" name="in3"/>
        <signal device-name="71" driver="adc" instance="3" name="in3"/>
        <signal af="1" driver="lptim" instance="1" name="in2"/>
        <signal af="5" driver="spi" instance="2" name="miso"/>
        <signal af="6" driver="dfsdm" instance="1" name="ckout"/>
      </gpio>
      <gpio device-pin="q|r|v|z" port="c" pin="3">
        <signal driver="adc" instance="1" name="in4"/>
        <signal device-name="71" driver="adc" instance="2" name="in4"/>
        <signal device-name="71" driver="adc" instance="3" name="in4"/>
        <signal af="1" driver="lptim" instance="1" name="etr"/>
        <signal af="5" driver="spi" instance="2" name="mosi"/>
        <signal af="13" driver="sai" instance="1" name="sd_a"/>
        <signal af="14" driver="lptim" instance="2" name="etr"/>
      </gpio>
      <gpio device-pin="q|r|v|z" port="c" pin="4">
        <signal driver="adc" instance="1" name="in13"/>
        <signal device-name="71" driver="adc" instance="2" name="in13"/>
        <signal driver="comp" instance="1" name="inm"/>
        <signal af="7" driver="usart" instance="3" name="tx"/>
      </gpio>
      <gpio device-pin="q|r|v|z" port="c" pin="5">
        <signal driver="adc" instance="1" name="in14"/>
        <signal device-name="71" driver="adc" instance="2" name="in14"/>
        <signal driver="comp" instance="1" name="inp"/>
        <signal driver="sys" name="wkup5"/>
        <signal af="7" driver="usart" instance="3" name="rx"/>
      </gpio>
      <gpio device-pin="q|r|v|z" port="c" pin="6">
        <signal af="2" driver="tim" instance="3" name="ch1"/>
        <signal device-name="71" af="3" driver="tim" instance="8" name="ch1"/>
        <signal af="6" driver="dfsdm" instance="1" name="ckin3"/>
        <signal af="9" driver="tsc" name="g4_io1"/>
        <signal af="12" driver="sdmmc" instance="1" name="d6"/>
        <signal device-name="71" af="13" driver="sai" instance="2" name="mclk_a"/>
      </gpio>
      <gpio device-pin="q|r|v|z" port="c" pin="7">
        <signal af="2" driver="tim" instance="3" name="ch2"/>
        <signal device-name="71" af="3" driver="tim" instance="8" name="ch2"/>
        <signal af="6" driver="dfsdm" instance="1" name="datin3"/>
        <signal af="9" driver="tsc" name="g4_io2"/>
        <signal af="12" driver="sdmmc" instance="1" name="d7"/>
        <signal device-name="71" af="13" driver="sai" instance="2" name="mclk_b"/>
      </gpio>
      <gpio device-pin="q|r|v|z" port="c" pin="8">
        <signal af="2" driver="tim" instance="3" name="ch3"/>
        <signal device-name="71" af="3" driver="tim" instance="8" name="ch3"/>
        <signal af="9" driver="tsc" name="g4_io3"/>
        <signal af="12" driver="sdmmc" instance="1" name="d0"/>
      </gpio>
      <gpio device-pin="q|r|v|z" port="c" pin="9">
        <signal device-name="71" af="1" driver="tim" instance="8" name="bkin2"/>
        <signal af="2" driver="tim" instance="3" name="ch4"/>
        <signal device-name="71" af="3" driver="tim" instance="8" name="ch4"/>
        <signal af="9" driver="tsc" name="g4_io4"/>
        <signal af="12" driver="sdmmc" instance="1" name="d1"/>
        <signal device-name="71" af="13" driver="sai" instance="2" name="extclk"/>
        <signal device-name="71" af="14" driver="tim" instance="8" name="bkin2_comp1"/>
      </gpio>
      <gpio device-pin="q|r|v|z" port="c" pin="10">
        <signal device-name="51" device-pin="r|v" af="0" driver="sys" name="traced1"/>
        <signal af="6" driver="spi" instance="3" name="sck"/>
        <signal af="7" driver="usart" instance="3" name="tx"/>
        <signal af="8" driver="uart" instance="4" name="tx"/>
        <signal af="9" driver="tsc" name="g3_io2"/>
        <signal af="12" driver="sdmmc" instance="1" name="d2"/>
        <signal device-name="71" af="13" driver="sai" instance="2" name="sck_b"/>
      </gpio>
      <gpio device-pin="q|r|v|z" port="c" pin="11">
        <signal af="6" driver="spi" instance="3" name="miso"/>
        <signal af="7" driver="usart" instance="3" name="rx"/>
        <signal af="8" driver="uart" instance="4" name="rx"/>
        <signal af="9" driver="tsc" name="g3_io3"/>
        <signal af="12" driver="sdmmc" instance="1" name="d3"/>
        <signal device-name="71" af="13" driver="sai" instance="2" name="mclk_b"/>
      </gpio>
      <gpio device-pin="q|r|v|z" port="c" pin="12">
        <signal device-name="51" device-pin="r|v" af="0" driver="sys" name="traced3"/>
        <signal af="6" driver="spi" instance="3" name="mosi"/>
        <signal af="7" driver="usart" instance="3" name="ck"/>
        <signal device-name="71" af="8" driver="uart" instance="5" name="tx"/>
        <signal af="9" driver="tsc" name="g3_io4"/>
        <signal af="12" driver="sdmmc" instance="1" name="ck"/>
        <signal device-name="71" af="13" driver="sai" instance="2" name="sd_b"/>
      </gpio>
      <gpio port="c" pin="13">
        <signal driver="rtc" name="out_alarm"/>
        <signal driver="rtc" name="out_calib"/>
        <signal driver="rtc" name="tamp1"/>
        <signal driver="rtc" name="ts"/>
        <signal driver="sys" name="wkup2"/>
      </gpio>
      <gpio port="c" pin="14">
        <signal driver="rcc" name="osc32_in"/>
      </gpio>
      <gpio port="c" pin="15">
        <signal driver="rcc" name="osc32_out"/>
      </gpio>
      <gpio device-pin="q|v|z" port="d" pin="0">
        <signal af="5" driver="spi" instance="2" name="nss"/>
        <signal device-name="71" device-pin="q|v|z" af="6" driver="dfsdm" instance="1" name="datin7"/>
        <signal af="9" driver="can" instance="1" name="rx"/>
        <signal device-name="71" device-pin="q|v|z" af="12" driver="fmc" name="d2"/>
        <signal device-name="71" device-pin="q|v|z" af="12" driver="fmc" name="da2"/>
      </gpio>
      <gpio device-pin="q|v|z" port="d" pin="1">
        <signal af="5" driver="spi" instance="2" name="sck"/>
        <signal device-name="71" device-pin="q|v|z" af="6" driver="dfsdm" instance="1" name="ckin7"/>
        <signal af="9" driver="can" instance="1" name="tx"/>
        <signal device-name="71" device-pin="q|v|z" af="12" driver="fmc" name="d3"/>
        <signal device-name="71" device-pin="q|v|z" af="12" driver="fmc" name="da3"/>
      </gpio>
      <gpio device-pin="q|r|v|z" port="d" pin="2">
        <signal device-name="51" device-pin="r|v" af="0" driver="sys" name="traced2"/>
        <signal af="2" driver="tim" instance="3" name="etr"/>
        <signal af="7" driver="usart" instance="3" name="de"/>
        <signal af="7" driver="usart" instance="3" name="rts"/>
        <signal device-name="71" af="8" driver="uart" instance="5" name="rx"/>
        <signal af="9" driver="tsc" name="sync"/>
        <signal af="12" driver="sdmmc" instance="1" name="cmd"/>
      </gpio>
      <gpio device-pin="q|v|z" port="d" pin="3">
        <signal af="5" driver="spi" instance="2" name="miso"/>
        <signal af="6" driver="dfsdm" instance="1" name="datin0"/>
        <signal af="7" driver="usart" instance="2" name="cts"/>
        <signal device-name="51" device-pin="v" af="10" driver="quadspi" name="bk2_ncs"/>
        <signal device-name="71" device-pin="q|v|z" af="12" driver="fmc" name="clk"/>
      </gpio>
      <gpio device-pin="q|v|z" port="d" pin="4">
        <signal af="5" driver="spi" instance="2" name="mosi"/>
        <signal af="6" driver="dfsdm" instance="1" name="ckin0"/>
        <signal af="7" driver="usart" instance="2" name="de"/>
        <signal af="7" driver="usart" instance="2" name="rts"/>
        <signal device-name="51" device-pin="v" af="10" driver="quadspi" name="bk2_io0"/>
        <signal device-name="71" device-pin="q|v|z" af="12" driver="fmc" name="noe"/>
      </gpio>
      <gpio device-pin="q|v|z" port="d" pin="5">
        <signal af="7" driver="usart" instance="2" name="tx"/>
        <signal device-name="51" device-pin="v" af="10" driver="quadspi" name="bk2_io1"/>
        <signal device-name="71" device-pin="q|v|z" af="12" driver="fmc" name="nwe"/>
      </gpio>
      <gpio device-pin="q|v|z" port="d" pin="6">
        <signal af="6" driver="dfsdm" instance="1" name="datin1"/>
        <signal af="7" driver="usart" instance="2" name="rx"/>
        <signal device-name="51" device-pin="v" af="10" driver="quadspi" name="bk2_io2"/>
        <signal device-name="71" device-pin="q|v|z" af="12" driver="fmc" name="nwait"/>
        <signal af="13" driver="sai" instance="1" name="sd_a"/>
      </gpio>
      <gpio device-pin="q|v|z" port="d" pin="7">
        <signal af="6" driver="dfsdm" instance="1" name="ckin1"/>
        <signal af="7" driver="usart" instance="2" name="ck"/>
        <signal device-name="51" device-pin="v" af="10" driver="quadspi" name="bk2_io3"/>
        <signal device-name="71" device-pin="q|v|z" af="12" driver="fmc" name="ne1"/>
      </gpio>
      <gpio device-pin="q|v|z" port="d" pin="8">
        <signal af="7" driver="usart" instance="3" name="tx"/>
        <signal device-name="71" device-pin="q|v|z" af="12" driver="fmc" name="d13"/>
        <signal device-name="71" device-pin="q|v|z" af="12" driver="fmc" name="da13"/>
      </gpio>
      <gpio device-pin="q|v|z" port="d" pin="9">
        <signal af="7" driver="usart" instance="3" name="rx"/>
        <signal device-name="71" device-pin="q|v|z" af="12" driver="fmc" name="d14"/>
        <signal device-name="71" device-pin="q|v|z" af="12" driver="fmc" name="da14"/>
        <signal device-name="71" device-pin="q|v|z" af="13" driver="sai" instance="2" name="mclk_a"/>
      </gpio>
      <gpio device-pin="q|v|z" port="d" pin="10">
        <signal af="7" driver="usart" instance="3" name="ck"/>
        <signal af="9" driver="tsc" name="g6_io1"/>
        <signal device-name="71" device-pin="q|v|z" af="12" driver="fmc" name="d15"/>
        <signal device-name="71" device-pin="q|v|z" af="12" driver="fmc" name="da15"/>
        <signal device-name="71" device-pin="q|v|z" af="13" driver="sai" instance="2" name="sck_a"/>
      </gpio>
      <gpio device-pin="q|v|z" port="d" pin="11">
        <signal device-name="71" device-pin="q|v|z" driver="fmc" name="cle"/>
        <signal device-name="51" device-pin="v" af="4" driver="i2c" instance="4" name="smba"/>
        <signal af="7" driver="usart" instance="3" name="cts"/>
        <signal af="9" driver="tsc" name="g6_io2"/>
        <signal device-name="71" device-pin="q|v|z" af="12" driver="fmc" name="a16"/>
        <signal device-name="71" device-pin="q|v|z" af="13" driver="sai" instance="2" name="sd_a"/>
        <signal af="14" driver="lptim" instance="2" name="etr"/>
      </gpio>
      <gpio device-pin="q|v|z" port="d" pin="12">
        <signal device-name="71" device-pin="q|v|z" driver="fmc" name="ale"/>
        <signal device-name="71" device-pin="q|v|z" af="2" driver="tim" instance="4" name="ch1"/>
        <signal device-name="51" device-pin="v" af="4" driver="i2c" instance="4" name="scl"/>
        <signal af="7" driver="usart" instance="3" name="de"/>
        <signal af="7" driver="usart" instance="3" name="rts"/>
        <signal af="9" driver="tsc" name="g6_io3"/>
        <signal device-name="71" device-pin="q|v|z" af="12" driver="fmc" name="a17"/>
        <signal device-name="71" device-pin="q|v|z" af="13" driver="sai" instance="2" name="fs_a"/>
        <signal af="14" driver="lptim" instance="2" name="in1"/>
      </gpio>
      <gpio device-pin="q|v|z" port="d" pin="13">
        <signal device-name="71" device-pin="q|v|z" af="2" driver="tim" instance="4" name="ch2"/>
        <signal device-name="51" device-pin="v" af="4" driver="i2c" instance="4" name="sda"/>
        <signal af="9" driver="tsc" name="g6_io4"/>
        <signal device-name="71" device-pin="q|v|z" af="12" driver="fmc" name="a18"/>
        <signal af="14" driver="lptim" instance="2" name="out"/>
      </gpio>
      <gpio device-pin="q|v|z" port="d" pin="14">
        <signal device-name="71" device-pin="q|v|z" af="2" driver="tim" instance="4" name="ch3"/>
        <signal device-name="71" device-pin="q|v|z" af="12" driver="fmc" name="d0"/>
        <signal device-name="71" device-pin="q|v|z" af="12" driver="fmc" name="da0"/>
      </gpio>
      <gpio device-pin="q|v|z" port="d" pin="15">
        <signal device-name="71" device-pin="q|v|z" af="2" driver="tim" instance="4" name="ch4"/>
        <signal device-name="71" device-pin="q|v|z" af="12" driver="fmc" name="d1"/>
        <signal device-name="71" device-pin="q|v|z" af="12" driver="fmc" name="da1"/>
      </gpio>
      <gpio device-pin="q|v|z" port="e" pin="0">
        <signal device-name="71" device-pin="q|v|z" af="2" driver="tim" instance="4" name="etr"/>
        <signal device-name="71" device-pin="q|v|z" af="12" driver="fmc" name="nbl0"/>
        <signal af="14" driver="tim" instance="16" name="ch1"/>
      </gpio>
      <gpio device-pin="q|v|z" port="e" pin="1">
        <signal device-name="71" device-pin="q|v|z" af="12" driver="fmc" name="nbl1"/>
        <signal device-name="71" device-pin="q|v|z" af="14" driver="tim" instance="17" name="ch1"/>
      </gpio>
      <gpio device-pin="q|v|z" port="e" pin="2">
        <signal af="0" driver="sys" name="traceclk"/>
        <signal af="2" driver="tim" instance="3" name="etr"/>
        <signal af="9" driver="tsc" name="g7_io1"/>
        <signal device-name="71" device-pin="q|v|z" af="12" driver="fmc" name="a23"/>
        <signal af="13" driver="sai" instance="1" name="mclk_a"/>
      </gpio>
      <gpio device-pin="q|v|z" port="e" pin="3">
        <signal af="0" driver="sys" name="traced0"/>
        <signal af="2" driver="tim" instance="3" name="ch1"/>
        <signal af="9" driver="tsc" name="g7_io2"/>
        <signal device-name="71" device-pin="q|v|z" af="12" driver="fmc" name="a19"/>
        <signal af="13" driver="sai" instance="1" name="sd_b"/>
      </gpio>
      <gpio device-pin="q|v|z" port="e" pin="4">
        <signal af="0" driver="sys" name="traced1"/>
        <signal af="2" driver="tim" instance="3" name="ch2"/>
        <signal af="6" driver="dfsdm" instance="1" name="datin3"/>
        <signal af="9" driver="tsc" name="g7_io3"/>
        <signal device-name="71" device-pin="q|v|z" af="12" driver="fmc" name="a20"/>
        <signal af="13" driver="sai" instance="1" name="fs_a"/>
      </gpio>
      <gpio device-pin="q|v|z" port="e" pin="5">
        <signal af="0" driver="sys" name="traced2"/>
        <signal af="2" driver="tim" instance="3" name="ch3"/>
        <signal af="6" driver="dfsdm" instance="1" name="ckin3"/>
        <signal af="9" driver="tsc" name="g7_io4"/>
        <signal device-name="71" device-pin="q|v|z" af="12" driver="fmc" name="a21"/>
        <signal af="13" driver="sai" instance="1" name="sck_a"/>
      </gpio>
      <gpio device-pin="q|v|z" port="e" pin="6">
        <signal driver="rtc" name="tamp3"/>
        <signal driver="sys" name="wkup3"/>
        <signal af="0" driver="sys" name="traced3"/>
        <signal af="2" driver="tim" instance="3" name="ch4"/>
        <signal device-name="71" device-pin="q|v|z" af="12" driver="fmc" name="a22"/>
        <signal af="13" driver="sai" instance="1" name="sd_a"/>
      </gpio>
      <gpio device-pin="q|v|z" port="e" pin="7">
        <signal af="1" driver="tim" instance="1" name="etr"/>
        <signal af="6" driver="dfsdm" instance="1" name="datin2"/>
        <signal device-name="71" device-pin="q|v|z" af="12" driver="fmc" name="d4"/>
        <signal device-name="71" device-pin="q|v|z" af="12" driver="fmc" name="da4"/>
        <signal af="13" driver="sai" instance="1" name="sd_b"/>
      </gpio>
      <gpio device-pin="q|v|z" port="e" pin="8">
        <signal af="1" driver="tim" instance="1" name="ch1n"/>
        <signal af="6" driver="dfsdm" instance="1" name="ckin2"/>
        <signal device-name="71" device-pin="q|v|z" af="12" driver="fmc" name="d5"/>
        <signal device-name="71" device-pin="q|v|z" af="12" driver="fmc" name="da5"/>
        <signal af="13" driver="sai" instance="1" name="sck_b"/>
      </gpio>
      <gpio device-pin="q|v|z" port="e" pin="9">
        <signal af="1" driver="tim" instance="1" name="ch1"/>
        <signal af="6" driver="dfsdm" instance="1" name="ckout"/>
        <signal device-name="71" device-pin="q|v|z" af="12" driver="fmc" name="d6"/>
        <signal device-name="71" device-pin="q|v|z" af="12" driver="fmc" name="da6"/>
        <signal af="13" driver="sai" instance="1" name="fs_b"/>
      </gpio>
      <gpio device-pin="q|v|z" port="e" pin="10">
        <signal af="1" driver="tim" instance="1" name="ch2n"/>
        <signal device-name="71" device-pin="q|v|z" af="6" driver="dfsdm" instance="1" name="datin4"/>
        <signal af="9" driver="tsc" name="g5_io1"/>
        <signal af="10" driver="quadspi" name="clk"/>
        <signal device-name="71" device-pin="q|v|z" af="12" driver="fmc" name="d7"/>
        <signal device-name="71" device-pin="q|v|z" af="12" driver="fmc" name="da7"/>
        <signal af="13" driver="sai" instance="1" name="mclk_b"/>
      </gpio>
      <gpio device-pin="q|v|z" port="e" pin="11">
        <signal af="1" driver="tim" instance="1" name="ch2"/>
        <signal device-name="71" device-pin="q|v|z" af="6" driver="dfsdm" instance="1" name="ckin4"/>
        <signal af="9" driver="tsc" name="g5_io2"/>
        <signal device-name="51" device-pin="v" af="10" driver="quadspi" name="bk1_ncs"/>
        <signal device-name="71" device-pin="q|v|z" af="10" driver="quadspi" name="ncs"/>
        <signal device-name="71" device-pin="q|v|z" af="12" driver="fmc" name="d8"/>
        <signal device-name="71" device-pin="q|v|z" af="12" driver="fmc" name="da8"/>
      </gpio>
      <gpio device-pin="q|v|z" port="e" pin="12">
        <signal af="1" driver="tim" instance="1" name="ch3n"/>
        <signal af="5" driver="spi" instance="1" name="nss"/>
        <signal device-name="71" device-pin="q|v|z" af="6" driver="dfsdm" instance="1" name="datin5"/>
        <signal af="9" driver="tsc" name="g5_io3"/>
        <signal af="10" driver="quadspi" name="bk1_io0"/>
        <signal device-name="71" device-pin="q|v|z" af="12" driver="fmc" name="d9"/>
        <signal device-name="71" device-pin="q|v|z" af="12" driver="fmc" name="da9"/>
      </gpio>
      <gpio device-pin="q|v|z" port="e" pin="13">
        <signal af="1" driver="tim" instance="1" name="ch3"/>
        <signal af="5" driver="spi" instance="1" name="sck"/>
        <signal device-name="71" device-pin="q|v|z" af="6" driver="dfsdm" instance="1" name="ckin5"/>
        <signal af="9" driver="tsc" name="g5_io4"/>
        <signal af="10" driver="quadspi" name="bk1_io1"/>
        <signal device-name="71" device-pin="q|v|z" af="12" driver="fmc" name="d10"/>
        <signal device-name="71" device-pin="q|v|z" af="12" driver="fmc" name="da10"/>
      </gpio>
      <gpio device-pin="q|v|z" port="e" pin="14">
        <signal af="1" driver="tim" instance="1" name="ch4"/>
        <signal af="2" driver="tim" instance="1" name="bkin2"/>
        <signal af="3" driver="tim" instance="1" name="bkin2_comp2"/>
        <signal af="5" driver="spi" instance="1" name="miso"/>
        <signal af="10" driver="quadspi" name="bk1_io2"/>
        <signal device-name="71" device-pin="q|v|z" af="12" driver="fmc" name="d11"/>
        <signal device-name="71" device-pin="q|v|z" af="12" driver="fmc" name="da11"/>
      </gpio>
      <gpio device-pin="q|v|z" port="e" pin="15">
        <signal af="1" driver="tim" instance="1" name="bkin"/>
        <signal af="3" driver="tim" instance="1" name="bkin_comp1"/>
        <signal af="5" driver="spi" instance="1" name="mosi"/>
        <signal af="10" driver="quadspi" name="bk1_io3"/>
        <signal device-name="71" device-pin="q|v|z" af="12" driver="fmc" name="d12"/>
        <signal device-name="71" device-pin="q|v|z" af="12" driver="fmc" name="da12"/>
      </gpio>
      <gpio device-pin="q|z" port="f" pin="0">
        <signal af="4" driver="i2c" instance="2" name="sda"/>
        <signal af="12" driver="fmc" name="a0"/>
      </gpio>
      <gpio device-pin="q|z" port="f" pin="1">
        <signal af="4" driver="i2c" instance="2" name="scl"/>
        <signal af="12" driver="fmc" name="a1"/>
      </gpio>
      <gpio device-pin="q|z" port="f" pin="2">
        <signal af="4" driver="i2c" instance="2" name="smba"/>
        <signal af="12" driver="fmc" name="a2"/>
      </gpio>
      <gpio device-pin="q|z" port="f" pin="3">
        <signal driver="adc" instance="3" name="in6"/>
        <signal af="12" driver="fmc" name="a3"/>
      </gpio>
      <gpio device-pin="q|z" port="f" pin="4">
        <signal driver="adc" instance="3" name="in7"/>
        <signal af="12" driver="fmc" name="a4"/>
      </gpio>
      <gpio device-pin="q|z" port="f" pin="5">
        <signal driver="adc" instance="3" name="in8"/>
        <signal af="12" driver="fmc" name="a5"/>
      </gpio>
      <gpio device-pin="z" port="f" pin="6">
        <signal driver="adc" instance="3" name="in9"/>
        <signal af="1" driver="tim" instance="5" name="etr"/>
        <signal af="2" driver="tim" instance="5" name="ch1"/>
        <signal af="13" driver="sai" instance="1" name="sd_b"/>
      </gpio>
      <gpio device-pin="z" port="f" pin="7">
        <signal driver="adc" instance="3" name="in10"/>
        <signal af="2" driver="tim" instance="5" name="ch2"/>
        <signal af="13" driver="sai" instance="1" name="mclk_b"/>
      </gpio>
      <gpio device-pin="z" port="f" pin="8">
        <signal driver="adc" instance="3" name="in11"/>
        <signal af="2" driver="tim" instance="5" name="ch3"/>
        <signal af="13" driver="sai" instance="1" name="sck_b"/>
      </gpio>
      <gpio device-pin="z" port="f" pin="9">
        <signal driver="adc" instance="3" name="in12"/>
        <signal af="2" driver="tim" instance="5" name="ch4"/>
        <signal af="13" driver="sai" instance="1" name="fs_b"/>
        <signal af="14" driver="tim" instance="15" name="ch1"/>
      </gpio>
      <gpio device-pin="z" port="f" pin="10">
        <signal driver="adc" instance="3" name="in13"/>
        <signal af="14" driver="tim" instance="15" name="ch2"/>
      </gpio>
      <gpio device-pin="q|z" port="f" pin="11"/>
      <gpio device-pin="q|z" port="f" pin="12">
        <signal af="12" driver="fmc" name="a6"/>
      </gpio>
      <gpio device-pin="q|z" port="f" pin="13">
        <signal af="6" driver="dfsdm" instance="1" name="datin6"/>
        <signal af="12" driver="fmc" name="a7"/>
      </gpio>
      <gpio device-pin="q|z" port="f" pin="14">
        <signal af="6" driver="dfsdm" instance="1" name="ckin6"/>
        <signal af="9" driver="tsc" name="g8_io1"/>
        <signal af="12" driver="fmc" name="a8"/>
      </gpio>
      <gpio device-pin="q|z" port="f" pin="15">
        <signal af="9" driver="tsc" name="g8_io2"/>
        <signal af="12" driver="fmc" name="a9"/>
      </gpio>
      <gpio device-pin="q|z" port="g" pin="0">
        <signal af="9" driver="tsc" name="g8_io3"/>
        <signal af="12" driver="fmc" name="a10"/>
      </gpio>
      <gpio device-pin="q|z" port="g" pin="1">
        <signal af="9" driver="tsc" name="g8_io4"/>
        <signal af="12" driver="fmc" name="a11"/>
      </gpio>
      <gpio device-pin="q|z" port="g" pin="2">
        <signal af="5" driver="spi" instance="1" name="sck"/>
        <signal af="12" driver="fmc" name="a12"/>
        <signal af="13" driver="sai" instance="2" name="sck_b"/>
      </gpio>
      <gpio device-pin="q|z" port="g" pin="3">
        <signal af="5" driver="spi" instance="1" name="miso"/>
        <signal af="12" driver="fmc" name="a13"/>
        <signal af="13" driver="sai" instance="2" name="fs_b"/>
      </gpio>
      <gpio device-pin="q|z" port="g" pin="4">
        <signal af="5" driver="spi" instance="1" name="mosi"/>
        <signal af="12" driver="fmc" name="a14"/>
        <signal af="13" driver="sai" instance="2" name="mclk_b"/>
      </gpio>
      <gpio device-pin="q|z" port="g" pin="5">
        <signal af="5" driver="spi" instance="1" name="nss"/>
        <signal af="8" driver="lpuart" instance="1" name="cts"/>
        <signal af="12" driver="fmc" name="a15"/>
        <signal af="13" driver="sai" instance="2" name="sd_b"/>
      </gpio>
      <gpio device-pin="q|z" port="g" pin="6">
        <signal af="4" driver="i2c" instance="3" name="smba"/>
        <signal af="8" driver="lpuart" instance="1" name="de"/>
        <signal af="8" driver="lpuart" instance="1" name="rts"/>
      </gpio>
      <gpio device-pin="q|z" port="g" pin="7">
        <signal af="4" driver="i2c" instance="3" name="scl"/>
        <signal af="8" driver="lpuart" instance="1" name="tx"/>
        <signal af="12" driver="fmc" name="int3"/>
      </gpio>
      <gpio device-pin="q|z" port="g" pin="8">
        <signal af="4" driver="i2c" instance="3" name="sda"/>
        <signal af="8" driver="lpuart" instance="1" name="rx"/>
      </gpio>
      <gpio device-pin="q|z" port="g" pin="9">
        <signal af="6" driver="spi" instance="3" name="sck"/>
        <signal af="7" driver="usart" instance="1" name="tx"/>
        <signal af="12" driver="fmc" name="nce3"/>
        <signal af="12" driver="fmc" name="ne2"/>
        <signal af="13" driver="sai" instance="2" name="sck_a"/>
        <signal af="14" driver="tim" instance="15" name="ch1n"/>
      </gpio>
      <gpio device-pin="q|z" port="g" pin="10">
        <signal af="1" driver="lptim" instance="1" name="in1"/>
        <signal af="6" driver="spi" instance="3" name="miso"/>
        <signal af="7" driver="usart" instance="1" name="rx"/>
        <signal af="12" driver="fmc" name="ne3"/>
        <signal af="13" driver="sai" instance="2" name="fs_a"/>
        <signal af="14" driver="tim" instance="15" name="ch1"/>
      </gpio>
      <gpio device-pin="q|z" port="g" pin="11">
        <signal af="1" driver="lptim" instance="1" name="in2"/>
        <signal af="6" driver="spi" instance="3" name="mosi"/>
        <signal af="7" driver="usart" instance="1" name="cts"/>
        <signal af="13" driver="sai" instance="2" name="mclk_a"/>
        <signal af="14" driver="tim" instance="15" name="ch2"/>
      </gpio>
      <gpio device-pin="q|z" port="g" pin="12">
        <signal af="1" driver="lptim" instance="1" name="etr"/>
        <signal af="6" driver="spi" instance="3" name="nss"/>
        <signal af="7" driver="usart" instance="1" name="de"/>
        <signal af="7" driver="usart" instance="1" name="rts"/>
        <signal af="12" driver="fmc" name="ne4"/>
        <signal af="13" driver="sai" instance="2" name="sd_a"/>
      </gpio>
      <gpio device-pin="q|z" port="g" pin="13">
        <signal af="4" driver="i2c" instance="1" name="sda"/>
        <signal af="7" driver="usart" instance="1" name="ck"/>
        <signal af="12" driver="fmc" name="a24"/>
      </gpio>
      <gpio device-pin="q|z" port="g" pin="14">
        <signal af="4" driver="i2c" instance="1" name="scl"/>
        <signal af="12" driver="fmc" name="a25"/>
      </gpio>
      <gpio device-pin="q|z" port="g" pin="15">
        <signal af="1" driver="lptim" instance="1" name="out"/>
        <signal af="4" driver="i2c" instance="1" name="smba"/>
      </gpio>
      <gpio port="h" pin="0">
        <signal driver="rcc" name="osc_in"/>
      </gpio>
      <gpio port="h" pin="1">
        <signal driver="rcc" name="osc_out"/>
      </gpio>
      <gpio device-name="51" port="h" pin="3"/>
    </driver>
  </device>
</modm>
