<?xml version='1.0' encoding='UTF-8'?>
<modm version="0.4.0">
  <!-- WARNING: This file is generated by the modm device file generator. Do not edit! -->
  <device platform="stm32" family="l0" name="11|21" pin="d|e|f|g|k" size="3|4" package="p|t|u|y">
    <naming-schema>{platform}{family}{name}{pin}{size}{package}</naming-schema>
    <valid-device>stm32l011d3p</valid-device>
    <valid-device>stm32l011d4p</valid-device>
    <valid-device>stm32l011e3y</valid-device>
    <valid-device>stm32l011e4y</valid-device>
    <valid-device>stm32l011f3p</valid-device>
    <valid-device>stm32l011f3u</valid-device>
    <valid-device>stm32l011f4p</valid-device>
    <valid-device>stm32l011f4u</valid-device>
    <valid-device>stm32l011g3u</valid-device>
    <valid-device>stm32l011g4u</valid-device>
    <valid-device>stm32l011k3t</valid-device>
    <valid-device>stm32l011k3u</valid-device>
    <valid-device>stm32l011k4t</valid-device>
    <valid-device>stm32l011k4u</valid-device>
    <valid-device>stm32l021d4p</valid-device>
    <valid-device>stm32l021f4p</valid-device>
    <valid-device>stm32l021f4u</valid-device>
    <valid-device>stm32l021g4u</valid-device>
    <valid-device>stm32l021k4t</valid-device>
    <valid-device>stm32l021k4u</valid-device>
    <driver name="core" type="cortex-m0+">
      <memory device-size="3" name="flash" access="rx" start="0x8000000" size="8192"/>
      <memory device-size="4" name="flash" access="rx" start="0x8000000" size="16384"/>
      <memory name="eeprom" access="rwx" start="0x8080000" size="512"/>
      <memory name="sram1" access="rwx" start="0x20000000" size="2048"/>
      <vector position="0" name="WWDG"/>
      <vector position="1" name="PVD"/>
      <vector position="2" name="RTC"/>
      <vector position="3" name="FLASH"/>
      <vector position="4" name="RCC"/>
      <vector position="5" name="EXTI0_1"/>
      <vector position="6" name="EXTI2_3"/>
      <vector position="7" name="EXTI4_15"/>
      <vector position="9" name="DMA1_Channel1"/>
      <vector position="10" name="DMA1_Channel2_3"/>
      <vector position="11" name="DMA1_Channel4_5"/>
      <vector position="12" name="ADC1_COMP"/>
      <vector position="13" name="LPTIM1"/>
      <vector position="15" name="TIM2"/>
      <vector position="20" name="TIM21"/>
      <vector position="23" name="I2C1"/>
      <vector position="25" name="SPI1"/>
      <vector position="28" name="USART2"/>
      <vector device-name="21" position="29" name="AES_LPUART1"/>
      <vector device-name="11" position="29" name="LPUART1"/>
    </driver>
    <driver name="adc" type="stm32-l0">
      <feature value="calfact"/>
      <feature value="oversampler"/>
      <feature value="prescaler"/>
    </driver>
    <driver device-name="21" name="aes" type="stm32-v1.0"/>
    <driver name="comp" type="stm32-v1.0">
      <instance value="1"/>
      <instance value="2"/>
    </driver>
    <driver name="crc" type="stm32"/>
    <driver name="dma" type="stm32-extended">
      <instance value="1"/>
    </driver>
    <driver name="flash" type="stm32-v1.0">
      <latency vcore-min="1050">
        <wait-state ws="0" hclk-max="4200000"/>
      </latency>
      <latency vcore-min="1350">
        <wait-state ws="0" hclk-max="8000000"/>
        <wait-state ws="1" hclk-max="16000000"/>
      </latency>
      <latency vcore-min="1650">
        <wait-state ws="0" hclk-max="16000000"/>
        <wait-state ws="1" hclk-max="32000000"/>
      </latency>
    </driver>
    <driver name="i2c" type="stm32-extended">
      <feature value="dnf"/>
      <feature value="fmp"/>
      <instance value="1"/>
    </driver>
    <driver name="iwdg" type="stm32"/>
    <driver name="lptim" type="stm32-v1.0">
      <instance value="1"/>
    </driver>
    <driver name="lpuart" type="stm32-v1.1">
      <instance value="1"/>
    </driver>
    <driver name="rcc" type="stm32-v1.0"/>
    <driver name="rtc" type="stm32-v2.4"/>
    <driver name="spi" type="stm32">
      <instance value="1"/>
    </driver>
    <driver name="sys" type="stm32">
      <feature value="exti"/>
    </driver>
    <driver name="tim" type="stm32-general-purpose">
      <instance value="2"/>
    </driver>
    <driver name="tim" type="stm32-v2.x">
      <instance value="21"/>
    </driver>
    <driver name="usart" type="stm32">
      <instance value="2"/>
    </driver>
    <driver name="wwdg" type="stm32-v1.0"/>
    <driver name="gpio" type="stm32">
      <gpio port="a" pin="0">
        <signal driver="adc" name="in0"/>
        <signal driver="comp" instance="1" name="inm"/>
        <signal driver="rcc" name="ck_in"/>
        <signal driver="rtc" name="tamp2"/>
        <signal driver="sys" name="wkup1"/>
        <signal af="0" driver="usart" instance="2" name="rx"/>
        <signal af="1" driver="lptim" instance="1" name="in1"/>
        <signal af="2" driver="tim" instance="2" name="ch1"/>
        <signal af="4" driver="usart" instance="2" name="cts"/>
        <signal af="5" driver="tim" instance="2" name="etr"/>
        <signal af="6" driver="lpuart" instance="1" name="rx"/>
        <signal af="7" driver="comp" instance="1" name="out"/>
      </gpio>
      <gpio port="a" pin="1">
        <signal driver="adc" name="in1"/>
        <signal driver="comp" instance="1" name="inp"/>
        <signal af="1" driver="lptim" instance="1" name="in2"/>
        <signal af="2" driver="tim" instance="2" name="ch2"/>
        <signal af="3" driver="i2c" instance="1" name="smba"/>
        <signal af="4" driver="usart" instance="2" name="de"/>
        <signal af="4" driver="usart" instance="2" name="rts"/>
        <signal af="5" driver="tim" instance="21" name="etr"/>
        <signal af="6" driver="lpuart" instance="1" name="tx"/>
      </gpio>
      <gpio device-pin="e" device-package="y" port="a" pin="2">
        <signal driver="adc" name="in2"/>
        <signal driver="comp" instance="2" name="inm"/>
        <signal driver="rtc" name="out_alarm"/>
        <signal driver="rtc" name="out_calib"/>
        <signal driver="rtc" name="tamp3"/>
        <signal driver="rtc" name="ts"/>
        <signal driver="sys" name="wkup3"/>
        <signal af="0" driver="tim" instance="21" name="ch1"/>
        <signal af="2" driver="tim" instance="2" name="ch3"/>
        <signal af="4" driver="usart" instance="2" name="tx"/>
        <signal af="6" driver="lpuart" instance="1" name="tx"/>
        <signal af="7" driver="comp" instance="2" name="out"/>
      </gpio>
      <gpio device-pin="f" device-package="p" port="a" pin="2">
        <signal driver="adc" name="in2"/>
        <signal driver="comp" instance="2" name="inm"/>
        <signal driver="rtc" name="out_alarm"/>
        <signal driver="rtc" name="out_calib"/>
        <signal driver="rtc" name="tamp3"/>
        <signal driver="rtc" name="ts"/>
        <signal driver="sys" name="wkup3"/>
        <signal af="0" driver="tim" instance="21" name="ch1"/>
        <signal af="2" driver="tim" instance="2" name="ch3"/>
        <signal af="4" driver="usart" instance="2" name="tx"/>
        <signal af="6" driver="lpuart" instance="1" name="tx"/>
        <signal af="7" driver="comp" instance="2" name="out"/>
      </gpio>
      <gpio device-pin="g" device-package="u" port="a" pin="2">
        <signal driver="adc" name="in2"/>
        <signal driver="comp" instance="2" name="inm"/>
        <signal driver="rtc" name="out_alarm"/>
        <signal driver="rtc" name="out_calib"/>
        <signal driver="rtc" name="tamp3"/>
        <signal driver="rtc" name="ts"/>
        <signal driver="sys" name="wkup3"/>
        <signal af="0" driver="tim" instance="21" name="ch1"/>
        <signal af="2" driver="tim" instance="2" name="ch3"/>
        <signal af="4" driver="usart" instance="2" name="tx"/>
        <signal af="6" driver="lpuart" instance="1" name="tx"/>
        <signal af="7" driver="comp" instance="2" name="out"/>
      </gpio>
      <gpio device-pin="k" device-package="t|u" port="a" pin="2">
        <signal driver="adc" name="in2"/>
        <signal driver="comp" instance="2" name="inm"/>
        <signal driver="rtc" name="out_alarm"/>
        <signal driver="rtc" name="out_calib"/>
        <signal driver="rtc" name="tamp3"/>
        <signal driver="rtc" name="ts"/>
        <signal driver="sys" name="wkup3"/>
        <signal af="0" driver="tim" instance="21" name="ch1"/>
        <signal af="2" driver="tim" instance="2" name="ch3"/>
        <signal af="4" driver="usart" instance="2" name="tx"/>
        <signal af="6" driver="lpuart" instance="1" name="tx"/>
        <signal af="7" driver="comp" instance="2" name="out"/>
      </gpio>
      <gpio device-pin="e" device-package="y" port="a" pin="3">
        <signal driver="adc" name="in3"/>
        <signal driver="comp" instance="2" name="inp"/>
        <signal af="0" driver="tim" instance="21" name="ch2"/>
        <signal af="2" driver="tim" instance="2" name="ch4"/>
        <signal af="4" driver="usart" instance="2" name="rx"/>
        <signal af="6" driver="lpuart" instance="1" name="rx"/>
      </gpio>
      <gpio device-pin="f" device-package="p" port="a" pin="3">
        <signal driver="adc" name="in3"/>
        <signal driver="comp" instance="2" name="inp"/>
        <signal af="0" driver="tim" instance="21" name="ch2"/>
        <signal af="2" driver="tim" instance="2" name="ch4"/>
        <signal af="4" driver="usart" instance="2" name="rx"/>
        <signal af="6" driver="lpuart" instance="1" name="rx"/>
      </gpio>
      <gpio device-pin="g" device-package="u" port="a" pin="3">
        <signal driver="adc" name="in3"/>
        <signal driver="comp" instance="2" name="inp"/>
        <signal af="0" driver="tim" instance="21" name="ch2"/>
        <signal af="2" driver="tim" instance="2" name="ch4"/>
        <signal af="4" driver="usart" instance="2" name="rx"/>
        <signal af="6" driver="lpuart" instance="1" name="rx"/>
      </gpio>
      <gpio device-pin="k" device-package="t|u" port="a" pin="3">
        <signal driver="adc" name="in3"/>
        <signal driver="comp" instance="2" name="inp"/>
        <signal af="0" driver="tim" instance="21" name="ch2"/>
        <signal af="2" driver="tim" instance="2" name="ch4"/>
        <signal af="4" driver="usart" instance="2" name="rx"/>
        <signal af="6" driver="lpuart" instance="1" name="rx"/>
      </gpio>
      <gpio port="a" pin="4">
        <signal driver="adc" name="in4"/>
        <signal driver="comp" instance="1" name="inm"/>
        <signal driver="comp" instance="2" name="inm"/>
        <signal af="0" driver="spi" instance="1" name="nss"/>
        <signal af="1" driver="lptim" instance="1" name="in1"/>
        <signal af="2" driver="lptim" instance="1" name="etr"/>
        <signal af="3" driver="i2c" instance="1" name="scl"/>
        <signal af="4" driver="usart" instance="2" name="ck"/>
        <signal af="5" driver="tim" instance="2" name="etr"/>
        <signal af="6" driver="lpuart" instance="1" name="tx"/>
        <signal af="7" driver="comp" instance="2" name="out"/>
      </gpio>
      <gpio device-pin="e|f|g|k" port="a" pin="5">
        <signal driver="adc" name="in5"/>
        <signal driver="comp" instance="1" name="inm"/>
        <signal driver="comp" instance="2" name="inm"/>
        <signal af="0" driver="spi" instance="1" name="sck"/>
        <signal af="1" driver="lptim" instance="1" name="in2"/>
        <signal af="2" driver="tim" instance="2" name="etr"/>
        <signal af="5" driver="tim" instance="2" name="ch1"/>
      </gpio>
      <gpio device-pin="e|f|g|k" port="a" pin="6">
        <signal driver="adc" name="in6"/>
        <signal af="0" driver="spi" instance="1" name="miso"/>
        <signal af="1" driver="lptim" instance="1" name="etr"/>
        <signal af="4" driver="lpuart" instance="1" name="cts"/>
        <signal af="7" driver="comp" instance="1" name="out"/>
      </gpio>
      <gpio port="a" pin="7">
        <signal driver="adc" name="in7"/>
        <signal driver="comp" instance="2" name="inp"/>
        <signal af="0" driver="spi" instance="1" name="mosi"/>
        <signal af="1" driver="lptim" instance="1" name="out"/>
        <signal af="4" driver="usart" instance="2" name="cts"/>
        <signal af="5" driver="tim" instance="21" name="etr"/>
        <signal af="7" driver="comp" instance="2" name="out"/>
      </gpio>
      <gpio device-pin="e|g|k" port="a" pin="8">
        <signal af="0" driver="rcc" name="mco"/>
        <signal af="2" driver="lptim" instance="1" name="in1"/>
        <signal af="4" driver="usart" instance="2" name="ck"/>
        <signal af="5" driver="tim" instance="2" name="ch1"/>
      </gpio>
      <gpio port="a" pin="9">
        <signal af="0" driver="rcc" name="mco"/>
        <signal af="1" driver="i2c" instance="1" name="scl"/>
        <signal af="2" driver="lptim" instance="1" name="out"/>
        <signal af="4" driver="usart" instance="2" name="tx"/>
        <signal af="5" driver="tim" instance="21" name="ch2"/>
        <signal af="7" driver="comp" instance="1" name="out"/>
      </gpio>
      <gpio port="a" pin="10">
        <signal af="0" driver="tim" instance="21" name="ch1"/>
        <signal af="1" driver="i2c" instance="1" name="sda"/>
        <signal af="2" driver="rtc" name="refin"/>
        <signal af="4" driver="usart" instance="2" name="rx"/>
        <signal af="5" driver="tim" instance="2" name="ch3"/>
        <signal af="7" driver="comp" instance="1" name="out"/>
      </gpio>
      <gpio device-pin="k" port="a" pin="11">
        <signal af="0" driver="spi" instance="1" name="miso"/>
        <signal af="1" driver="lptim" instance="1" name="out"/>
        <signal af="4" driver="usart" instance="2" name="cts"/>
        <signal af="5" driver="tim" instance="21" name="ch2"/>
        <signal af="7" driver="comp" instance="1" name="out"/>
      </gpio>
      <gpio device-pin="k" port="a" pin="12">
        <signal af="0" driver="spi" instance="1" name="mosi"/>
        <signal af="4" driver="usart" instance="2" name="de"/>
        <signal af="4" driver="usart" instance="2" name="rts"/>
        <signal af="7" driver="comp" instance="2" name="out"/>
      </gpio>
      <gpio port="a" pin="13">
        <signal af="0" driver="sys" name="swdio"/>
        <signal af="1" driver="lptim" instance="1" name="etr"/>
        <signal af="3" driver="i2c" instance="1" name="sda"/>
        <signal af="5" driver="spi" instance="1" name="sck"/>
        <signal af="6" driver="lpuart" instance="1" name="rx"/>
        <signal af="7" driver="comp" instance="1" name="out"/>
      </gpio>
      <gpio port="a" pin="14">
        <signal af="0" driver="sys" name="swclk"/>
        <signal af="1" driver="lptim" instance="1" name="out"/>
        <signal af="3" driver="i2c" instance="1" name="smba"/>
        <signal af="4" driver="usart" instance="2" name="tx"/>
        <signal af="5" driver="spi" instance="1" name="miso"/>
        <signal af="6" driver="lpuart" instance="1" name="tx"/>
        <signal af="7" driver="comp" instance="2" name="out"/>
      </gpio>
      <gpio device-pin="g|k" port="a" pin="15">
        <signal af="0" driver="spi" instance="1" name="nss"/>
        <signal af="2" driver="tim" instance="2" name="etr"/>
        <signal af="4" driver="usart" instance="2" name="rx"/>
        <signal af="5" driver="tim" instance="2" name="ch1"/>
      </gpio>
      <gpio device-pin="e|g|k" port="b" pin="0">
        <signal driver="adc" name="in8"/>
        <signal driver="sys" name="vref_out_pb0"/>
        <signal af="1" driver="spi" instance="1" name="miso"/>
        <signal af="2" driver="tim" instance="2" name="ch2"/>
        <signal af="4" driver="usart" instance="2" name="de"/>
        <signal af="4" driver="usart" instance="2" name="rts"/>
        <signal af="5" driver="tim" instance="2" name="ch3"/>
      </gpio>
      <gpio device-pin="e|f|g|k" port="b" pin="1">
        <signal driver="adc" name="in9"/>
        <signal driver="sys" name="vref_out_pb1"/>
        <signal af="0" driver="usart" instance="2" name="ck"/>
        <signal af="1" driver="spi" instance="1" name="mosi"/>
        <signal af="2" driver="lptim" instance="1" name="in1"/>
        <signal af="4" driver="lpuart" instance="1" name="de"/>
        <signal af="4" driver="lpuart" instance="1" name="rts"/>
        <signal af="5" driver="tim" instance="2" name="ch4"/>
      </gpio>
      <gpio device-pin="k" device-package="u" port="b" pin="2">
        <signal af="2" driver="lptim" instance="1" name="out"/>
      </gpio>
      <gpio device-pin="e|g|k" port="b" pin="3">
        <signal driver="comp" instance="2" name="inm"/>
        <signal af="0" driver="spi" instance="1" name="sck"/>
        <signal af="2" driver="tim" instance="2" name="ch2"/>
      </gpio>
      <gpio device-pin="g|k" port="b" pin="4">
        <signal driver="comp" instance="2" name="inp"/>
        <signal af="0" driver="spi" instance="1" name="miso"/>
      </gpio>
      <gpio device-pin="g|k" port="b" pin="5">
        <signal driver="comp" instance="2" name="inp"/>
        <signal af="0" driver="spi" instance="1" name="mosi"/>
        <signal af="2" driver="lptim" instance="1" name="in1"/>
        <signal af="3" driver="i2c" instance="1" name="smba"/>
        <signal af="5" driver="tim" instance="21" name="ch1"/>
      </gpio>
      <gpio device-package="t|u|y" port="b" pin="6">
        <signal driver="comp" instance="2" name="inp"/>
        <signal af="0" driver="usart" instance="2" name="tx"/>
        <signal af="1" driver="i2c" instance="1" name="scl"/>
        <signal af="2" driver="lptim" instance="1" name="etr"/>
        <signal af="5" driver="tim" instance="2" name="ch3"/>
        <signal af="6" driver="lpuart" instance="1" name="tx"/>
      </gpio>
      <gpio device-package="t|u|y" port="b" pin="7">
        <signal driver="comp" instance="2" name="inp"/>
        <signal driver="sys" name="pvd_in"/>
        <signal af="0" driver="usart" instance="2" name="rx"/>
        <signal af="1" driver="i2c" instance="1" name="sda"/>
        <signal af="2" driver="lptim" instance="1" name="in2"/>
        <signal af="5" driver="tim" instance="2" name="ch4"/>
        <signal af="6" driver="lpuart" instance="1" name="rx"/>
      </gpio>
      <gpio device-pin="k" device-package="u" port="b" pin="8">
        <signal af="0" driver="usart" instance="2" name="tx"/>
        <signal af="4" driver="i2c" instance="1" name="scl"/>
        <signal af="5" driver="spi" instance="1" name="nss"/>
      </gpio>
      <gpio port="b" pin="9"/>
      <gpio port="c" pin="14">
        <signal driver="rcc" name="osc32_in"/>
      </gpio>
      <gpio port="c" pin="15">
        <signal driver="rcc" name="osc32_out"/>
      </gpio>
    </driver>
  </device>
</modm>
