<?xml version='1.0' encoding='UTF-8'?>
<modm version="0.4.0">
  <!-- WARNING: This file is generated by the modm device file generator. Do not edit! -->
  <device platform="stm32" family="l4" name="32|42" pin="k" size="b|c" package="u">
    <naming-schema>{platform}{family}{name}{pin}{size}{package}</naming-schema>
    <invalid-device>stm32l442kbu</invalid-device>
    <driver name="core" type="cortex-m4f">
      <memory device-size="b" name="flash" access="rx" start="0x8000000" size="131072"/>
      <memory device-size="c" name="flash" access="rx" start="0x8000000" size="262144"/>
      <memory name="sram1" access="rwx" start="0x20000000" size="49152"/>
      <memory name="sram2" access="rwx" start="0x2000C000" size="16384"/>
      <vector position="0" name="WWDG"/>
      <vector position="1" name="PVD_PVM"/>
      <vector position="2" name="TAMP_STAMP"/>
      <vector position="3" name="RTC_WKUP"/>
      <vector position="4" name="FLASH"/>
      <vector position="5" name="RCC"/>
      <vector position="6" name="EXTI0"/>
      <vector position="7" name="EXTI1"/>
      <vector position="8" name="EXTI2"/>
      <vector position="9" name="EXTI3"/>
      <vector position="10" name="EXTI4"/>
      <vector position="11" name="DMA1_Channel1"/>
      <vector position="12" name="DMA1_Channel2"/>
      <vector position="13" name="DMA1_Channel3"/>
      <vector position="14" name="DMA1_Channel4"/>
      <vector position="15" name="DMA1_Channel5"/>
      <vector position="16" name="DMA1_Channel6"/>
      <vector position="17" name="DMA1_Channel7"/>
      <vector position="18" name="ADC1"/>
      <vector position="19" name="CAN1_TX"/>
      <vector position="20" name="CAN1_RX0"/>
      <vector position="21" name="CAN1_RX1"/>
      <vector position="22" name="CAN1_SCE"/>
      <vector position="23" name="EXTI9_5"/>
      <vector position="24" name="TIM1_BRK_TIM15"/>
      <vector position="25" name="TIM1_UP_TIM16"/>
      <vector position="26" name="TIM1_TRG_COM"/>
      <vector position="27" name="TIM1_CC"/>
      <vector position="28" name="TIM2"/>
      <vector position="31" name="I2C1_EV"/>
      <vector position="32" name="I2C1_ER"/>
      <vector position="35" name="SPI1"/>
      <vector position="37" name="USART1"/>
      <vector position="38" name="USART2"/>
      <vector position="40" name="EXTI15_10"/>
      <vector position="41" name="RTC_Alarm"/>
      <vector position="51" name="SPI3"/>
      <vector position="54" name="TIM6_DAC"/>
      <vector position="55" name="TIM7"/>
      <vector position="56" name="DMA2_Channel1"/>
      <vector position="57" name="DMA2_Channel2"/>
      <vector position="58" name="DMA2_Channel3"/>
      <vector position="59" name="DMA2_Channel4"/>
      <vector position="60" name="DMA2_Channel5"/>
      <vector position="64" name="COMP"/>
      <vector position="65" name="LPTIM1"/>
      <vector position="66" name="LPTIM2"/>
      <vector position="67" name="USB"/>
      <vector position="68" name="DMA2_Channel6"/>
      <vector position="69" name="DMA2_Channel7"/>
      <vector position="70" name="LPUART1"/>
      <vector position="71" name="QUADSPI"/>
      <vector position="72" name="I2C3_EV"/>
      <vector position="73" name="I2C3_ER"/>
      <vector position="74" name="SAI1"/>
      <vector position="76" name="SWPMI1"/>
      <vector position="77" name="TSC"/>
      <vector device-name="42" position="79" name="AES"/>
      <vector position="80" name="RNG"/>
      <vector position="81" name="FPU"/>
      <vector position="82" name="CRS"/>
    </driver>
    <driver name="adc" type="stm32-f3">
      <instance value="1"/>
    </driver>
    <driver device-name="42" name="aes" type="stm32-v1.0"/>
    <driver name="can" type="stm32">
      <feature value="filter-28"/>
      <instance value="1"/>
    </driver>
    <driver name="comp" type="stm32-tsmc90_cube">
      <instance value="1"/>
      <instance value="2"/>
    </driver>
    <driver name="crc" type="stm32"/>
    <driver name="dac" type="stm32">
      <feature value="status"/>
      <instance value="1"/>
    </driver>
    <driver name="dma" type="stm32-extended">
      <instance value="1"/>
      <instance value="2"/>
    </driver>
    <driver name="flash" type="stm32-v1.0">
      <latency vcore-min="1000">
        <wait-state ws="0" hclk-max="6000000"/>
        <wait-state ws="1" hclk-max="12000000"/>
        <wait-state ws="2" hclk-max="18000000"/>
        <wait-state ws="3" hclk-max="26000000"/>
      </latency>
      <latency vcore-min="1200">
        <wait-state ws="0" hclk-max="16000000"/>
        <wait-state ws="1" hclk-max="32000000"/>
        <wait-state ws="2" hclk-max="48000000"/>
        <wait-state ws="3" hclk-max="64000000"/>
        <wait-state ws="4" hclk-max="80000000"/>
      </latency>
    </driver>
    <driver name="i2c" type="stm32-extended">
      <feature value="dnf"/>
      <feature value="fmp"/>
      <instance value="1"/>
      <instance value="3"/>
    </driver>
    <driver name="irtim" type="stm32-v1.0"/>
    <driver name="iwdg" type="stm32"/>
    <driver name="lptim" type="stm32-v1.0">
      <instance value="1"/>
      <instance value="2"/>
    </driver>
    <driver name="lpuart" type="stm32-v1.1">
      <instance value="1"/>
    </driver>
    <driver name="opamp" type="stm32-v1.0">
      <instance value="1"/>
    </driver>
    <driver name="quadspi" type="stm32-v2.2"/>
    <driver name="rcc" type="stm32-v1.0"/>
    <driver name="rng" type="stm32"/>
    <driver name="rtc" type="stm32-v2.4"/>
    <driver name="sai" type="stm32-v1.2">
      <instance value="1"/>
    </driver>
    <driver name="spi" type="stm32">
      <feature value="data-size"/>
      <feature value="fifo"/>
      <feature value="nss-pulse"/>
      <instance value="1"/>
      <instance value="3"/>
    </driver>
    <driver name="swpmi" type="stm32-v1.0">
      <instance value="1"/>
    </driver>
    <driver name="sys" type="stm32">
      <feature value="exti"/>
    </driver>
    <driver name="tim" type="stm32-advanced">
      <instance value="1"/>
    </driver>
    <driver name="tim" type="stm32-basic">
      <instance value="6"/>
      <instance value="7"/>
    </driver>
    <driver name="tim" type="stm32-general-purpose">
      <instance value="2"/>
      <instance value="15"/>
      <instance value="16"/>
    </driver>
    <driver name="tsc" type="stm32-v1.0"/>
    <driver name="usart" type="stm32-extended">
      <instance value="1"/>
      <instance value="2"/>
    </driver>
    <driver name="usb" type="stm32-v2.0"/>
    <driver name="wwdg" type="stm32-v1.0"/>
    <driver name="gpio" type="stm32">
      <gpio port="a" pin="0">
        <signal driver="adc" instance="1" name="in5"/>
        <signal driver="comp" instance="1" name="inm"/>
        <signal driver="opamp" instance="1" name="vinp"/>
        <signal driver="rcc" name="ck_in"/>
        <signal driver="rtc" name="tamp2"/>
        <signal driver="sys" name="wkup1"/>
        <signal af="1" driver="tim" instance="2" name="ch1"/>
        <signal af="7" driver="usart" instance="2" name="cts"/>
        <signal af="12" driver="comp" instance="1" name="out"/>
        <signal af="13" driver="sai" instance="1" name="extclk"/>
        <signal af="14" driver="tim" instance="2" name="etr"/>
      </gpio>
      <gpio port="a" pin="1">
        <signal driver="adc" instance="1" name="in6"/>
        <signal driver="comp" instance="1" name="inp"/>
        <signal driver="opamp" instance="1" name="vinm"/>
        <signal af="1" driver="tim" instance="2" name="ch2"/>
        <signal af="4" driver="i2c" instance="1" name="smba"/>
        <signal af="5" driver="spi" instance="1" name="sck"/>
        <signal af="7" driver="usart" instance="2" name="de"/>
        <signal af="7" driver="usart" instance="2" name="rts"/>
        <signal af="14" driver="tim" instance="15" name="ch1n"/>
      </gpio>
      <gpio port="a" pin="2">
        <signal driver="adc" instance="1" name="in7"/>
        <signal driver="comp" instance="2" name="inm"/>
        <signal driver="rcc" name="lsco"/>
        <signal driver="sys" name="wkup4"/>
        <signal af="1" driver="tim" instance="2" name="ch3"/>
        <signal af="7" driver="usart" instance="2" name="tx"/>
        <signal af="8" driver="lpuart" instance="1" name="tx"/>
        <signal af="10" driver="quadspi" name="bk1_ncs"/>
        <signal af="12" driver="comp" instance="2" name="out"/>
        <signal af="14" driver="tim" instance="15" name="ch1"/>
      </gpio>
      <gpio port="a" pin="3">
        <signal driver="adc" instance="1" name="in8"/>
        <signal driver="comp" instance="2" name="inp"/>
        <signal driver="opamp" instance="1" name="vout"/>
        <signal af="1" driver="tim" instance="2" name="ch4"/>
        <signal af="7" driver="usart" instance="2" name="rx"/>
        <signal af="8" driver="lpuart" instance="1" name="rx"/>
        <signal af="10" driver="quadspi" name="clk"/>
        <signal af="13" driver="sai" instance="1" name="mclk_a"/>
        <signal af="14" driver="tim" instance="15" name="ch2"/>
      </gpio>
      <gpio port="a" pin="4">
        <signal driver="adc" instance="1" name="in9"/>
        <signal driver="comp" instance="1" name="inm"/>
        <signal driver="comp" instance="2" name="inm"/>
        <signal driver="dac" instance="1" name="out1"/>
        <signal af="5" driver="spi" instance="1" name="nss"/>
        <signal af="6" driver="spi" instance="3" name="nss"/>
        <signal af="7" driver="usart" instance="2" name="ck"/>
        <signal af="13" driver="sai" instance="1" name="fs_b"/>
        <signal af="14" driver="lptim" instance="2" name="out"/>
      </gpio>
      <gpio port="a" pin="5">
        <signal driver="adc" instance="1" name="in10"/>
        <signal driver="comp" instance="1" name="inm"/>
        <signal driver="comp" instance="2" name="inm"/>
        <signal driver="dac" instance="1" name="out2"/>
        <signal af="1" driver="tim" instance="2" name="ch1"/>
        <signal af="2" driver="tim" instance="2" name="etr"/>
        <signal af="5" driver="spi" instance="1" name="sck"/>
        <signal af="14" driver="lptim" instance="2" name="etr"/>
      </gpio>
      <gpio port="a" pin="6">
        <signal driver="adc" instance="1" name="in11"/>
        <signal af="1" driver="tim" instance="1" name="bkin"/>
        <signal af="5" driver="spi" instance="1" name="miso"/>
        <signal af="6" driver="comp" instance="1" name="out"/>
        <signal af="8" driver="lpuart" instance="1" name="cts"/>
        <signal af="10" driver="quadspi" name="bk1_io3"/>
        <signal af="12" driver="tim" instance="1" name="bkin_comp2"/>
        <signal af="14" driver="tim" instance="16" name="ch1"/>
      </gpio>
      <gpio port="a" pin="7">
        <signal driver="adc" instance="1" name="in12"/>
        <signal af="1" driver="tim" instance="1" name="ch1n"/>
        <signal af="4" driver="i2c" instance="3" name="scl"/>
        <signal af="5" driver="spi" instance="1" name="mosi"/>
        <signal af="10" driver="quadspi" name="bk1_io2"/>
        <signal af="12" driver="comp" instance="2" name="out"/>
      </gpio>
      <gpio port="a" pin="8">
        <signal af="0" driver="rcc" name="mco"/>
        <signal af="1" driver="tim" instance="1" name="ch1"/>
        <signal af="7" driver="usart" instance="1" name="ck"/>
        <signal af="12" driver="swpmi" instance="1" name="io"/>
        <signal af="13" driver="sai" instance="1" name="sck_a"/>
        <signal af="14" driver="lptim" instance="2" name="out"/>
      </gpio>
      <gpio port="a" pin="9">
        <signal af="1" driver="tim" instance="1" name="ch2"/>
        <signal af="4" driver="i2c" instance="1" name="scl"/>
        <signal af="7" driver="usart" instance="1" name="tx"/>
        <signal af="13" driver="sai" instance="1" name="fs_a"/>
        <signal af="14" driver="tim" instance="15" name="bkin"/>
      </gpio>
      <gpio port="a" pin="10">
        <signal af="1" driver="tim" instance="1" name="ch3"/>
        <signal af="4" driver="i2c" instance="1" name="sda"/>
        <signal af="7" driver="usart" instance="1" name="rx"/>
        <signal af="10" name="crs_sync"/>
        <signal af="13" driver="sai" instance="1" name="sd_a"/>
      </gpio>
      <gpio port="a" pin="11">
        <signal af="1" driver="tim" instance="1" name="ch4"/>
        <signal af="2" driver="tim" instance="1" name="bkin2"/>
        <signal af="5" driver="spi" instance="1" name="miso"/>
        <signal af="6" driver="comp" instance="1" name="out"/>
        <signal af="7" driver="usart" instance="1" name="cts"/>
        <signal af="9" driver="can" instance="1" name="rx"/>
        <signal af="10" driver="usb" name="dm"/>
        <signal af="12" driver="tim" instance="1" name="bkin2_comp1"/>
      </gpio>
      <gpio port="a" pin="12">
        <signal af="1" driver="tim" instance="1" name="etr"/>
        <signal af="5" driver="spi" instance="1" name="mosi"/>
        <signal af="7" driver="usart" instance="1" name="de"/>
        <signal af="7" driver="usart" instance="1" name="rts"/>
        <signal af="9" driver="can" instance="1" name="tx"/>
        <signal af="10" driver="usb" name="dp"/>
      </gpio>
      <gpio port="a" pin="13">
        <signal af="0" driver="sys" name="jtms"/>
        <signal af="0" driver="sys" name="swdio"/>
        <signal af="1" name="ir_out"/>
        <signal af="10" driver="usb" name="noe"/>
        <signal af="12" driver="swpmi" instance="1" name="tx"/>
        <signal af="13" driver="sai" instance="1" name="sd_b"/>
      </gpio>
      <gpio port="a" pin="14">
        <signal af="0" driver="sys" name="jtck"/>
        <signal af="0" driver="sys" name="swclk"/>
        <signal af="1" driver="lptim" instance="1" name="out"/>
        <signal af="4" driver="i2c" instance="1" name="smba"/>
        <signal af="12" driver="swpmi" instance="1" name="rx"/>
        <signal af="13" driver="sai" instance="1" name="fs_b"/>
      </gpio>
      <gpio port="a" pin="15">
        <signal af="0" driver="sys" name="jtdi"/>
        <signal af="1" driver="tim" instance="2" name="ch1"/>
        <signal af="2" driver="tim" instance="2" name="etr"/>
        <signal af="3" driver="usart" instance="2" name="rx"/>
        <signal af="5" driver="spi" instance="1" name="nss"/>
        <signal af="6" driver="spi" instance="3" name="nss"/>
        <signal af="12" driver="swpmi" instance="1" name="suspend"/>
      </gpio>
      <gpio port="b" pin="0">
        <signal driver="adc" instance="1" name="in15"/>
        <signal af="1" driver="tim" instance="1" name="ch2n"/>
        <signal af="5" driver="spi" instance="1" name="nss"/>
        <signal af="10" driver="quadspi" name="bk1_io1"/>
        <signal af="12" driver="comp" instance="1" name="out"/>
        <signal af="13" driver="sai" instance="1" name="extclk"/>
      </gpio>
      <gpio port="b" pin="1">
        <signal driver="adc" instance="1" name="in16"/>
        <signal driver="comp" instance="1" name="inm"/>
        <signal af="1" driver="tim" instance="1" name="ch3n"/>
        <signal af="8" driver="lpuart" instance="1" name="de"/>
        <signal af="8" driver="lpuart" instance="1" name="rts"/>
        <signal af="10" driver="quadspi" name="bk1_io0"/>
        <signal af="14" driver="lptim" instance="2" name="in1"/>
      </gpio>
      <gpio port="b" pin="3">
        <signal driver="comp" instance="2" name="inm"/>
        <signal af="0" driver="sys" name="jtdo"/>
        <signal af="0" driver="sys" name="swo"/>
        <signal af="1" driver="tim" instance="2" name="ch2"/>
        <signal af="5" driver="spi" instance="1" name="sck"/>
        <signal af="6" driver="spi" instance="3" name="sck"/>
        <signal af="7" driver="usart" instance="1" name="de"/>
        <signal af="7" driver="usart" instance="1" name="rts"/>
        <signal af="13" driver="sai" instance="1" name="sck_b"/>
      </gpio>
      <gpio port="b" pin="4">
        <signal driver="comp" instance="2" name="inp"/>
        <signal af="0" driver="sys" name="jtrst"/>
        <signal af="4" driver="i2c" instance="3" name="sda"/>
        <signal af="5" driver="spi" instance="1" name="miso"/>
        <signal af="6" driver="spi" instance="3" name="miso"/>
        <signal af="7" driver="usart" instance="1" name="cts"/>
        <signal af="9" driver="tsc" name="g2_io1"/>
        <signal af="13" driver="sai" instance="1" name="mclk_b"/>
      </gpio>
      <gpio port="b" pin="5">
        <signal af="1" driver="lptim" instance="1" name="in1"/>
        <signal af="4" driver="i2c" instance="1" name="smba"/>
        <signal af="5" driver="spi" instance="1" name="mosi"/>
        <signal af="6" driver="spi" instance="3" name="mosi"/>
        <signal af="7" driver="usart" instance="1" name="ck"/>
        <signal af="9" driver="tsc" name="g2_io2"/>
        <signal af="12" driver="comp" instance="2" name="out"/>
        <signal af="13" driver="sai" instance="1" name="sd_b"/>
        <signal af="14" driver="tim" instance="16" name="bkin"/>
      </gpio>
      <gpio port="b" pin="6">
        <signal driver="comp" instance="2" name="inp"/>
        <signal af="1" driver="lptim" instance="1" name="etr"/>
        <signal af="4" driver="i2c" instance="1" name="scl"/>
        <signal af="7" driver="usart" instance="1" name="tx"/>
        <signal af="9" driver="tsc" name="g2_io3"/>
        <signal af="13" driver="sai" instance="1" name="fs_b"/>
        <signal af="14" driver="tim" instance="16" name="ch1n"/>
      </gpio>
      <gpio port="b" pin="7">
        <signal driver="comp" instance="2" name="inm"/>
        <signal driver="sys" name="pvd_in"/>
        <signal af="1" driver="lptim" instance="1" name="in2"/>
        <signal af="4" driver="i2c" instance="1" name="sda"/>
        <signal af="7" driver="usart" instance="1" name="rx"/>
        <signal af="9" driver="tsc" name="g2_io4"/>
      </gpio>
      <gpio port="c" pin="14">
        <signal driver="rcc" name="osc32_in"/>
      </gpio>
      <gpio port="c" pin="15">
        <signal driver="rcc" name="osc32_out"/>
      </gpio>
      <gpio port="h" pin="3"/>
    </driver>
  </device>
</modm>
