<?xml version='1.0' encoding='UTF-8'?>
<modm version="0.4.0">
  <!-- WARNING: This file is generated by the modm device file generator. Do not edit! -->
  <device platform="stm32" family="l1" name="00" pin="c|r" size="6|8|b|c" package="t|u">
    <naming-schema>{platform}{family}{name}{pin}{size}{package}</naming-schema>
    <valid-device>stm32l100c6u</valid-device>
    <valid-device>stm32l100r8t</valid-device>
    <valid-device>stm32l100rbt</valid-device>
    <valid-device>stm32l100rct</valid-device>
    <driver name="core" type="cortex-m3">
      <memory device-pin="c" name="flash" access="rx" start="0x8000000" size="32768"/>
      <memory device-size="8" name="flash" access="rx" start="0x8000000" size="65536"/>
      <memory device-size="b" name="flash" access="rx" start="0x8000000" size="131072"/>
      <memory device-size="c" name="flash" access="rx" start="0x8000000" size="262144"/>
      <memory device-size="6|8|b" name="eeprom" access="rwx" start="0x8080000" size="4096"/>
      <memory device-size="c" name="eeprom" access="rwx" start="0x8080000" size="8192"/>
      <memory device-pin="c" name="sram1" access="rwx" start="0x20000000" size="4096"/>
      <memory device-size="8" name="sram1" access="rwx" start="0x20000000" size="8192"/>
      <memory device-size="b" name="sram1" access="rwx" start="0x20000000" size="10240"/>
      <memory device-size="c" name="sram1" access="rwx" start="0x20000000" size="16384"/>
      <vector position="0" name="WWDG"/>
      <vector position="1" name="PVD"/>
      <vector position="2" name="TAMPER_STAMP"/>
      <vector position="3" name="RTC_WKUP"/>
      <vector position="4" name="FLASH"/>
      <vector position="5" name="RCC"/>
      <vector position="6" name="EXTI0"/>
      <vector position="7" name="EXTI1"/>
      <vector position="8" name="EXTI2"/>
      <vector position="9" name="EXTI3"/>
      <vector position="10" name="EXTI4"/>
      <vector position="11" name="DMA1_Channel1"/>
      <vector position="12" name="DMA1_Channel2"/>
      <vector position="13" name="DMA1_Channel3"/>
      <vector position="14" name="DMA1_Channel4"/>
      <vector position="15" name="DMA1_Channel5"/>
      <vector position="16" name="DMA1_Channel6"/>
      <vector position="17" name="DMA1_Channel7"/>
      <vector position="18" name="ADC1"/>
      <vector position="19" name="USB_HP"/>
      <vector position="20" name="USB_LP"/>
      <vector position="21" name="DAC"/>
      <vector position="22" name="COMP"/>
      <vector position="23" name="EXTI9_5"/>
      <vector position="24" name="LCD"/>
      <vector position="25" name="TIM9"/>
      <vector position="26" name="TIM10"/>
      <vector position="27" name="TIM11"/>
      <vector position="28" name="TIM2"/>
      <vector position="29" name="TIM3"/>
      <vector position="30" name="TIM4"/>
      <vector position="31" name="I2C1_EV"/>
      <vector position="32" name="I2C1_ER"/>
      <vector position="33" name="I2C2_EV"/>
      <vector position="34" name="I2C2_ER"/>
      <vector position="35" name="SPI1"/>
      <vector position="36" name="SPI2"/>
      <vector position="37" name="USART1"/>
      <vector position="38" name="USART2"/>
      <vector position="39" name="USART3"/>
      <vector position="40" name="EXTI15_10"/>
      <vector position="41" name="RTC_Alarm"/>
      <vector position="42" name="USB_FS_WKUP"/>
      <vector position="43" name="TIM6"/>
      <vector position="44" name="TIM7"/>
      <vector device-size="c" position="47" name="SPI3"/>
      <vector device-size="c" position="50" name="DMA2_Channel1"/>
      <vector device-size="c" position="51" name="DMA2_Channel2"/>
      <vector device-size="c" position="52" name="DMA2_Channel3"/>
      <vector device-size="c" position="53" name="DMA2_Channel4"/>
      <vector device-size="c" position="54" name="DMA2_Channel5"/>
      <vector device-size="c" position="56" name="COMP_ACQ"/>
    </driver>
    <driver name="adc" type="stm32"/>
    <driver device-size="6|8|b" name="comp" type="stm32-v3.4">
      <instance value="1"/>
      <instance value="2"/>
    </driver>
    <driver device-size="c" name="comp" type="stm32-v3.6">
      <instance value="1"/>
      <instance value="2"/>
    </driver>
    <driver name="crc" type="stm32"/>
    <driver name="dac" type="stm32">
      <feature value="status"/>
    </driver>
    <driver name="dma" type="stm32-extended">
      <instance value="1"/>
      <instance device-size="c" value="2"/>
    </driver>
    <driver name="flash" type="stm32-v1.0">
      <latency vcore-min="1200">
        <wait-state device-size="c" ws="0" hclk-max="2100000"/>
        <wait-state device-size="6|8|b" ws="0" hclk-max="4200000"/>
        <wait-state device-size="c" ws="1" hclk-max="4200000"/>
        <wait-state device-size="6|8|b" ws="1" hclk-max="8000000"/>
      </latency>
      <latency vcore-min="1500">
        <wait-state ws="0" hclk-max="8000000"/>
        <wait-state ws="1" hclk-max="16000000"/>
      </latency>
      <latency vcore-min="1800">
        <wait-state ws="0" hclk-max="16000000"/>
        <wait-state ws="1" hclk-max="32000000"/>
      </latency>
    </driver>
    <driver name="i2c" type="stm32">
      <instance value="1"/>
      <instance value="2"/>
    </driver>
    <driver device-size="c" name="i2s" type="stm32-v2.2">
      <instance value="2"/>
      <instance value="3"/>
    </driver>
    <driver name="iwdg" type="stm32"/>
    <driver name="lcd" type="stm32-v1.0"/>
    <driver name="rcc" type="stm32-v1.0"/>
    <driver name="rtc" type="stm32-v2.5"/>
    <driver name="spi" type="stm32">
      <instance value="1"/>
      <instance value="2"/>
      <instance device-size="c" value="3"/>
    </driver>
    <driver name="sys" type="stm32">
      <feature value="exti"/>
    </driver>
    <driver name="tim" type="stm32-basic">
      <instance value="6"/>
      <instance value="7"/>
    </driver>
    <driver name="tim" type="stm32-general-purpose">
      <instance value="2"/>
      <instance value="3"/>
      <instance value="4"/>
      <instance value="9"/>
      <instance value="10"/>
      <instance value="11"/>
    </driver>
    <driver name="usart" type="stm32">
      <instance value="1"/>
      <instance value="2"/>
      <instance value="3"/>
    </driver>
    <driver name="usb" type="stm32-v1.2"/>
    <driver name="wwdg" type="stm32-v1.0"/>
    <driver name="gpio" type="stm32">
      <gpio port="a" pin="0">
        <signal driver="adc" name="in0"/>
        <signal driver="comp" instance="1" name="inp"/>
        <signal device-size="c" driver="tim" instance="2" name="etr"/>
        <signal device-size="c" af="0" driver="rtc" name="tamp2"/>
        <signal af="0" driver="sys" name="wkup1"/>
        <signal af="1" driver="tim" instance="2" name="ch1"/>
        <signal device-size="6|8|b" af="1" driver="tim" instance="2" name="etr"/>
        <signal af="7" driver="usart" instance="2" name="cts"/>
        <signal af="14" name="timx_ic1"/>
      </gpio>
      <gpio port="a" pin="1">
        <signal driver="adc" name="in1"/>
        <signal driver="comp" instance="1" name="inp"/>
        <signal af="1" driver="tim" instance="2" name="ch2"/>
        <signal af="7" driver="usart" instance="2" name="rts"/>
        <signal af="11" driver="lcd" name="seg0"/>
        <signal af="14" name="timx_ic2"/>
      </gpio>
      <gpio port="a" pin="2">
        <signal driver="adc" name="in2"/>
        <signal driver="comp" instance="1" name="inp"/>
        <signal af="1" driver="tim" instance="2" name="ch3"/>
        <signal af="3" driver="tim" instance="9" name="ch1"/>
        <signal af="7" driver="usart" instance="2" name="tx"/>
        <signal af="11" driver="lcd" name="seg1"/>
        <signal af="14" name="timx_ic3"/>
      </gpio>
      <gpio port="a" pin="3">
        <signal driver="adc" name="in3"/>
        <signal driver="comp" instance="1" name="inp"/>
        <signal af="1" driver="tim" instance="2" name="ch4"/>
        <signal af="3" driver="tim" instance="9" name="ch2"/>
        <signal af="7" driver="usart" instance="2" name="rx"/>
        <signal af="11" driver="lcd" name="seg2"/>
        <signal af="14" name="timx_ic4"/>
      </gpio>
      <gpio port="a" pin="4">
        <signal driver="adc" name="in4"/>
        <signal driver="comp" instance="1" name="inp"/>
        <signal driver="dac" name="out1"/>
        <signal af="5" driver="spi" instance="1" name="nss"/>
        <signal device-size="c" af="6" driver="i2s" instance="3" name="ws"/>
        <signal device-size="c" af="6" driver="spi" instance="3" name="nss"/>
        <signal af="7" driver="usart" instance="2" name="ck"/>
        <signal af="14" name="timx_ic1"/>
      </gpio>
      <gpio port="a" pin="5">
        <signal driver="adc" name="in5"/>
        <signal driver="comp" instance="1" name="inp"/>
        <signal driver="dac" name="out2"/>
        <signal driver="tim" instance="2" name="etr"/>
        <signal af="1" driver="tim" instance="2" name="ch1"/>
        <signal af="5" driver="spi" instance="1" name="sck"/>
        <signal af="14" name="timx_ic2"/>
      </gpio>
      <gpio port="a" pin="6">
        <signal driver="adc" name="in6"/>
        <signal driver="comp" instance="1" name="inp"/>
        <signal af="2" driver="tim" instance="3" name="ch1"/>
        <signal af="3" driver="tim" instance="10" name="ch1"/>
        <signal af="5" driver="spi" instance="1" name="miso"/>
        <signal af="11" driver="lcd" name="seg3"/>
        <signal af="14" name="timx_ic3"/>
      </gpio>
      <gpio port="a" pin="7">
        <signal driver="adc" name="in7"/>
        <signal driver="comp" instance="1" name="inp"/>
        <signal af="2" driver="tim" instance="3" name="ch2"/>
        <signal af="3" driver="tim" instance="11" name="ch1"/>
        <signal af="5" driver="spi" instance="1" name="mosi"/>
        <signal af="11" driver="lcd" name="seg4"/>
        <signal af="14" name="timx_ic4"/>
      </gpio>
      <gpio port="a" pin="8">
        <signal af="0" driver="rcc" name="mco"/>
        <signal af="7" driver="usart" instance="1" name="ck"/>
        <signal af="11" driver="lcd" name="com0"/>
        <signal af="14" name="timx_ic1"/>
      </gpio>
      <gpio port="a" pin="9">
        <signal af="7" driver="usart" instance="1" name="tx"/>
        <signal af="11" driver="lcd" name="com1"/>
        <signal af="14" name="timx_ic2"/>
      </gpio>
      <gpio port="a" pin="10">
        <signal af="7" driver="usart" instance="1" name="rx"/>
        <signal af="11" driver="lcd" name="com2"/>
        <signal af="14" name="timx_ic3"/>
      </gpio>
      <gpio port="a" pin="11">
        <signal af="5" driver="spi" instance="1" name="miso"/>
        <signal af="7" driver="usart" instance="1" name="cts"/>
        <signal af="10" driver="usb" name="dm"/>
        <signal af="14" name="timx_ic4"/>
      </gpio>
      <gpio port="a" pin="12">
        <signal af="5" driver="spi" instance="1" name="mosi"/>
        <signal af="7" driver="usart" instance="1" name="rts"/>
        <signal af="10" driver="usb" name="dp"/>
        <signal af="14" name="timx_ic1"/>
      </gpio>
      <gpio port="a" pin="13">
        <signal af="0" driver="sys" name="jtms"/>
        <signal af="0" driver="sys" name="swdio"/>
        <signal af="14" name="timx_ic2"/>
      </gpio>
      <gpio port="a" pin="14">
        <signal af="0" driver="sys" name="jtck"/>
        <signal af="0" driver="sys" name="swclk"/>
        <signal af="14" name="timx_ic3"/>
      </gpio>
      <gpio port="a" pin="15">
        <signal driver="tim" instance="2" name="etr"/>
        <signal af="0" driver="sys" name="jtdi"/>
        <signal af="1" driver="tim" instance="2" name="ch1"/>
        <signal af="5" driver="spi" instance="1" name="nss"/>
        <signal device-size="c" af="6" driver="i2s" instance="3" name="ws"/>
        <signal device-size="c" af="6" driver="spi" instance="3" name="nss"/>
        <signal af="11" driver="lcd" name="seg17"/>
        <signal af="14" name="timx_ic4"/>
      </gpio>
      <gpio port="b" pin="0">
        <signal driver="adc" name="in8"/>
        <signal driver="comp" instance="1" name="inp"/>
        <signal driver="sys" name="v_ref_out"/>
        <signal af="2" driver="tim" instance="3" name="ch3"/>
        <signal af="11" driver="lcd" name="seg5"/>
      </gpio>
      <gpio port="b" pin="1">
        <signal driver="adc" name="in9"/>
        <signal driver="comp" instance="1" name="inp"/>
        <signal driver="sys" name="v_ref_out"/>
        <signal af="2" driver="tim" instance="3" name="ch4"/>
        <signal af="11" driver="lcd" name="seg6"/>
      </gpio>
      <gpio port="b" pin="2">
        <signal device-size="c" driver="comp" instance="1" name="inp"/>
      </gpio>
      <gpio port="b" pin="3">
        <signal driver="comp" instance="2" name="inm"/>
        <signal af="0" driver="sys" name="jtdo"/>
        <signal af="0" driver="sys" name="traceswo"/>
        <signal af="1" driver="tim" instance="2" name="ch2"/>
        <signal af="5" driver="spi" instance="1" name="sck"/>
        <signal device-size="c" af="6" driver="i2s" instance="3" name="ck"/>
        <signal device-size="c" af="6" driver="spi" instance="3" name="sck"/>
        <signal af="11" driver="lcd" name="seg7"/>
      </gpio>
      <gpio port="b" pin="4">
        <signal driver="comp" instance="2" name="inp"/>
        <signal af="0" driver="sys" name="jtrst"/>
        <signal af="2" driver="tim" instance="3" name="ch1"/>
        <signal af="5" driver="spi" instance="1" name="miso"/>
        <signal device-size="c" af="6" driver="spi" instance="3" name="miso"/>
        <signal af="11" driver="lcd" name="seg8"/>
      </gpio>
      <gpio port="b" pin="5">
        <signal driver="comp" instance="2" name="inp"/>
        <signal af="2" driver="tim" instance="3" name="ch2"/>
        <signal af="4" driver="i2c" instance="1" name="smba"/>
        <signal af="5" driver="spi" instance="1" name="mosi"/>
        <signal device-size="c" af="6" driver="i2s" instance="3" name="sd"/>
        <signal device-size="c" af="6" driver="spi" instance="3" name="mosi"/>
        <signal af="11" driver="lcd" name="seg9"/>
      </gpio>
      <gpio port="b" pin="6">
        <signal device-size="c" driver="comp" instance="2" name="inp"/>
        <signal af="2" driver="tim" instance="4" name="ch1"/>
        <signal af="4" driver="i2c" instance="1" name="scl"/>
        <signal af="7" driver="usart" instance="1" name="tx"/>
      </gpio>
      <gpio port="b" pin="7">
        <signal device-size="c" driver="comp" instance="2" name="inp"/>
        <signal driver="sys" name="pvd_in"/>
        <signal af="2" driver="tim" instance="4" name="ch2"/>
        <signal af="4" driver="i2c" instance="1" name="sda"/>
        <signal af="7" driver="usart" instance="1" name="rx"/>
      </gpio>
      <gpio port="b" pin="8">
        <signal af="2" driver="tim" instance="4" name="ch3"/>
        <signal af="3" driver="tim" instance="10" name="ch1"/>
        <signal af="4" driver="i2c" instance="1" name="scl"/>
        <signal af="11" driver="lcd" name="seg16"/>
      </gpio>
      <gpio port="b" pin="9">
        <signal af="2" driver="tim" instance="4" name="ch4"/>
        <signal af="3" driver="tim" instance="11" name="ch1"/>
        <signal af="4" driver="i2c" instance="1" name="sda"/>
        <signal af="11" driver="lcd" name="com3"/>
      </gpio>
      <gpio port="b" pin="10">
        <signal af="1" driver="tim" instance="2" name="ch3"/>
        <signal af="4" driver="i2c" instance="2" name="scl"/>
        <signal af="7" driver="usart" instance="3" name="tx"/>
        <signal af="11" driver="lcd" name="seg10"/>
      </gpio>
      <gpio port="b" pin="11">
        <signal af="1" driver="tim" instance="2" name="ch4"/>
        <signal af="4" driver="i2c" instance="2" name="sda"/>
        <signal af="7" driver="usart" instance="3" name="rx"/>
        <signal af="11" driver="lcd" name="seg11"/>
      </gpio>
      <gpio port="b" pin="12">
        <signal driver="adc" name="in18"/>
        <signal driver="comp" instance="1" name="inp"/>
        <signal af="3" driver="tim" instance="10" name="ch1"/>
        <signal af="4" driver="i2c" instance="2" name="smba"/>
        <signal device-size="c" af="5" driver="i2s" instance="2" name="ws"/>
        <signal af="5" driver="spi" instance="2" name="nss"/>
        <signal af="7" driver="usart" instance="3" name="ck"/>
        <signal af="11" driver="lcd" name="seg12"/>
      </gpio>
      <gpio port="b" pin="13">
        <signal driver="adc" name="in19"/>
        <signal driver="comp" instance="1" name="inp"/>
        <signal af="3" driver="tim" instance="9" name="ch1"/>
        <signal device-size="c" af="5" driver="i2s" instance="2" name="ck"/>
        <signal af="5" driver="spi" instance="2" name="sck"/>
        <signal af="7" driver="usart" instance="3" name="cts"/>
        <signal af="11" driver="lcd" name="seg13"/>
      </gpio>
      <gpio port="b" pin="14">
        <signal driver="adc" name="in20"/>
        <signal driver="comp" instance="1" name="inp"/>
        <signal af="3" driver="tim" instance="9" name="ch2"/>
        <signal af="5" driver="spi" instance="2" name="miso"/>
        <signal af="7" driver="usart" instance="3" name="rts"/>
        <signal af="11" driver="lcd" name="seg14"/>
      </gpio>
      <gpio port="b" pin="15">
        <signal driver="adc" name="in21"/>
        <signal driver="comp" instance="1" name="inp"/>
        <signal af="0" driver="rtc" name="refin"/>
        <signal af="3" driver="tim" instance="11" name="ch1"/>
        <signal device-size="c" af="5" driver="i2s" instance="2" name="sd"/>
        <signal af="5" driver="spi" instance="2" name="mosi"/>
        <signal af="11" driver="lcd" name="seg15"/>
      </gpio>
      <gpio device-pin="r" port="c" pin="0">
        <signal driver="adc" name="in10"/>
        <signal driver="comp" instance="1" name="inp"/>
        <signal af="11" driver="lcd" name="seg18"/>
        <signal af="14" name="timx_ic1"/>
      </gpio>
      <gpio device-pin="r" port="c" pin="1">
        <signal driver="adc" name="in11"/>
        <signal driver="comp" instance="1" name="inp"/>
        <signal af="11" driver="lcd" name="seg19"/>
        <signal af="14" name="timx_ic2"/>
      </gpio>
      <gpio device-pin="r" port="c" pin="2">
        <signal driver="adc" name="in12"/>
        <signal driver="comp" instance="1" name="inp"/>
        <signal af="11" driver="lcd" name="seg20"/>
        <signal af="14" name="timx_ic3"/>
      </gpio>
      <gpio device-pin="r" port="c" pin="3">
        <signal driver="adc" name="in13"/>
        <signal driver="comp" instance="1" name="inp"/>
        <signal af="11" driver="lcd" name="seg21"/>
        <signal af="14" name="timx_ic4"/>
      </gpio>
      <gpio device-pin="r" port="c" pin="4">
        <signal driver="adc" name="in14"/>
        <signal driver="comp" instance="1" name="inp"/>
        <signal af="11" driver="lcd" name="seg22"/>
        <signal af="14" name="timx_ic1"/>
      </gpio>
      <gpio device-pin="r" port="c" pin="5">
        <signal driver="adc" name="in15"/>
        <signal driver="comp" instance="1" name="inp"/>
        <signal af="11" driver="lcd" name="seg23"/>
        <signal af="14" name="timx_ic2"/>
      </gpio>
      <gpio device-pin="r" port="c" pin="6">
        <signal af="2" driver="tim" instance="3" name="ch1"/>
        <signal device-size="c" af="5" driver="i2s" instance="2" name="mck"/>
        <signal af="11" driver="lcd" name="seg24"/>
        <signal af="14" name="timx_ic3"/>
      </gpio>
      <gpio device-pin="r" port="c" pin="7">
        <signal af="2" driver="tim" instance="3" name="ch2"/>
        <signal device-size="c" af="6" driver="i2s" instance="3" name="mck"/>
        <signal af="11" driver="lcd" name="seg25"/>
        <signal af="14" name="timx_ic4"/>
      </gpio>
      <gpio device-pin="r" port="c" pin="8">
        <signal af="2" driver="tim" instance="3" name="ch3"/>
        <signal af="11" driver="lcd" name="seg26"/>
        <signal af="14" name="timx_ic1"/>
      </gpio>
      <gpio device-pin="r" port="c" pin="9">
        <signal af="2" driver="tim" instance="3" name="ch4"/>
        <signal af="11" driver="lcd" name="seg27"/>
        <signal af="14" name="timx_ic2"/>
      </gpio>
      <gpio device-pin="r" port="c" pin="10">
        <signal device-size="c" af="6" driver="i2s" instance="3" name="ck"/>
        <signal device-size="c" af="6" driver="spi" instance="3" name="sck"/>
        <signal af="7" driver="usart" instance="3" name="tx"/>
        <signal af="11" driver="lcd" name="com4"/>
        <signal af="11" driver="lcd" name="seg28"/>
        <signal af="14" name="timx_ic3"/>
      </gpio>
      <gpio device-pin="r" port="c" pin="11">
        <signal device-size="c" af="6" driver="spi" instance="3" name="miso"/>
        <signal af="7" driver="usart" instance="3" name="rx"/>
        <signal af="11" driver="lcd" name="com5"/>
        <signal af="11" driver="lcd" name="seg29"/>
        <signal af="14" name="timx_ic4"/>
      </gpio>
      <gpio device-pin="r" port="c" pin="12">
        <signal device-size="c" af="6" driver="i2s" instance="3" name="sd"/>
        <signal device-size="c" af="6" driver="spi" instance="3" name="mosi"/>
        <signal af="7" driver="usart" instance="3" name="ck"/>
        <signal af="11" driver="lcd" name="com6"/>
        <signal af="11" driver="lcd" name="seg30"/>
        <signal af="14" name="timx_ic1"/>
      </gpio>
      <gpio port="c" pin="13">
        <signal af="0" driver="rtc" name="out_alarm"/>
        <signal af="0" driver="rtc" name="out_calib"/>
        <signal af="0" driver="rtc" name="tamp1"/>
        <signal af="0" driver="rtc" name="ts"/>
        <signal af="0" driver="sys" name="wkup2"/>
        <signal af="14" name="timx_ic2"/>
      </gpio>
      <gpio port="c" pin="14">
        <signal af="0" driver="rcc" name="osc32_in"/>
        <signal af="14" name="timx_ic3"/>
      </gpio>
      <gpio port="c" pin="15">
        <signal af="0" driver="rcc" name="osc32_out"/>
        <signal af="14" name="timx_ic4"/>
      </gpio>
      <gpio device-pin="r" port="d" pin="2">
        <signal af="2" driver="tim" instance="3" name="etr"/>
        <signal af="11" driver="lcd" name="com7"/>
        <signal af="11" driver="lcd" name="seg31"/>
        <signal af="14" name="timx_ic3"/>
      </gpio>
      <gpio port="h" pin="0">
        <signal af="0" driver="rcc" name="osc_in"/>
      </gpio>
      <gpio port="h" pin="1">
        <signal af="0" driver="rcc" name="osc_out"/>
      </gpio>
    </driver>
  </device>
</modm>
