<?xml version='1.0' encoding='UTF-8'?>
<modm version="0.4.0">
  <!-- WARNING: This file is generated by the modm device file generator. Do not edit! -->
  <device platform="stm32" family="f0" name="78|98" pin="c|r|v" size="b|c" package="h|t|u|y">
    <naming-schema>{platform}{family}{name}{pin}{size}{package}</naming-schema>
    <valid-device>stm32f078cbt</valid-device>
    <valid-device>stm32f078cbu</valid-device>
    <valid-device>stm32f078cby</valid-device>
    <valid-device>stm32f078rbh</valid-device>
    <valid-device>stm32f078rbt</valid-device>
    <valid-device>stm32f078vbh</valid-device>
    <valid-device>stm32f078vbt</valid-device>
    <valid-device>stm32f098cct</valid-device>
    <valid-device>stm32f098ccu</valid-device>
    <valid-device>stm32f098rch</valid-device>
    <valid-device>stm32f098rct</valid-device>
    <valid-device>stm32f098rcy</valid-device>
    <valid-device>stm32f098vch</valid-device>
    <valid-device>stm32f098vct</valid-device>
    <driver name="core" type="cortex-m0">
      <memory device-name="78" name="flash" access="rx" start="0x8000000" size="131072"/>
      <memory device-name="98" name="flash" access="rx" start="0x8000000" size="262144"/>
      <memory device-name="78" name="sram1" access="rwx" start="0x20000000" size="16384"/>
      <memory device-name="98" name="sram1" access="rwx" start="0x20000000" size="32768"/>
      <vector position="0" name="WWDG"/>
      <vector position="1" name="VDDIO2"/>
      <vector position="2" name="RTC"/>
      <vector position="3" name="FLASH"/>
      <vector position="4" name="RCC_CRS"/>
      <vector position="5" name="EXTI0_1"/>
      <vector position="6" name="EXTI2_3"/>
      <vector position="7" name="EXTI4_15"/>
      <vector position="8" name="TSC"/>
      <vector device-name="98" position="9" name="DMA1_Ch1"/>
      <vector device-name="78" position="9" name="DMA1_Channel1"/>
      <vector device-name="98" position="10" name="DMA1_Ch2_3_DMA2_Ch1_2"/>
      <vector device-name="78" position="10" name="DMA1_Channel2_3"/>
      <vector device-name="98" position="11" name="DMA1_Ch4_7_DMA2_Ch3_5"/>
      <vector device-name="78" position="11" name="DMA1_Channel4_5_6_7"/>
      <vector position="12" name="ADC1_COMP"/>
      <vector position="13" name="TIM1_BRK_UP_TRG_COM"/>
      <vector position="14" name="TIM1_CC"/>
      <vector position="15" name="TIM2"/>
      <vector position="16" name="TIM3"/>
      <vector position="17" name="TIM6_DAC"/>
      <vector position="18" name="TIM7"/>
      <vector position="19" name="TIM14"/>
      <vector position="20" name="TIM15"/>
      <vector position="21" name="TIM16"/>
      <vector position="22" name="TIM17"/>
      <vector position="23" name="I2C1"/>
      <vector position="24" name="I2C2"/>
      <vector position="25" name="SPI1"/>
      <vector position="26" name="SPI2"/>
      <vector position="27" name="USART1"/>
      <vector position="28" name="USART2"/>
      <vector device-name="78" position="29" name="USART3_4"/>
      <vector device-name="98" position="29" name="USART3_8"/>
      <vector position="30" name="CEC_CAN"/>
      <vector device-name="78" position="31" name="USB"/>
    </driver>
    <driver name="adc" type="stm32-f0"/>
    <driver device-name="98" name="can" type="stm32">
      <feature value="filter-14"/>
    </driver>
    <driver device-name="78" name="comp" type="stm32-v1.3">
      <instance value="1"/>
      <instance value="2"/>
    </driver>
    <driver device-name="98" name="comp" type="stm32-v1.4">
      <instance value="1"/>
      <instance value="2"/>
    </driver>
    <driver name="crc" type="stm32">
      <feature value="polynomial"/>
      <feature value="reverse"/>
    </driver>
    <driver name="dac" type="stm32">
      <feature value="status"/>
    </driver>
    <driver name="dma" type="stm32">
      <instance value="1"/>
      <instance device-name="98" value="2"/>
    </driver>
    <driver name="flash" type="stm32-v1.0">
      <latency vcore-min="1800">
        <wait-state ws="0" hclk-max="24000000"/>
        <wait-state ws="1" hclk-max="48000000"/>
      </latency>
    </driver>
    <driver name="hdmi_cec" type="stm32-v2.0"/>
    <driver name="i2c" type="stm32-extended">
      <feature value="dnf"/>
      <feature value="fmp"/>
      <instance value="1"/>
      <instance value="2"/>
    </driver>
    <driver name="i2s" type="stm32-v3.0">
      <instance value="1"/>
      <instance value="2"/>
    </driver>
    <driver name="irtim" type="stm32-v1.0"/>
    <driver name="iwdg" type="stm32">
      <feature value="window"/>
    </driver>
    <driver name="rcc" type="stm32-v1.0"/>
    <driver name="rtc" type="stm32-v2.4"/>
    <driver name="spi" type="stm32">
      <feature value="data-size"/>
      <feature value="fifo"/>
      <feature value="nss-pulse"/>
      <instance value="1"/>
      <instance value="2"/>
    </driver>
    <driver name="sys" type="stm32">
      <feature value="cfgr2"/>
      <feature value="exti"/>
      <feature device-name="98" value="itline"/>
    </driver>
    <driver name="tim" type="stm32-advanced">
      <instance value="1"/>
    </driver>
    <driver name="tim" type="stm32-basic">
      <instance value="6"/>
      <instance value="7"/>
    </driver>
    <driver name="tim" type="stm32-general-purpose">
      <instance value="2"/>
      <instance value="3"/>
      <instance value="14"/>
      <instance value="15"/>
      <instance value="16"/>
      <instance value="17"/>
    </driver>
    <driver name="tsc" type="stm32-v1.0"/>
    <driver name="usart" type="stm32-extended">
      <feature value="wakeup"/>
      <instance value="1"/>
      <instance value="2"/>
      <instance value="3"/>
      <instance value="4"/>
      <instance device-name="98" value="5"/>
      <instance device-name="98" value="6"/>
      <instance device-name="98" device-pin="r|v" value="7"/>
      <instance device-name="98" device-pin="r|v" value="8"/>
    </driver>
    <driver device-name="78" name="usb" type="stm32-v2.0"/>
    <driver name="wwdg" type="stm32-v1.0"/>
    <driver name="gpio" type="stm32">
      <gpio port="a" pin="0">
        <signal driver="adc" name="in0"/>
        <signal driver="comp" instance="1" name="inm"/>
        <signal driver="rtc" name="tamp2"/>
        <signal driver="sys" name="wkup1"/>
        <signal af="1" driver="usart" instance="2" name="cts"/>
        <signal af="2" driver="tim" instance="2" name="ch1"/>
        <signal af="2" driver="tim" instance="2" name="etr"/>
        <signal af="3" driver="tsc" name="g1_io1"/>
        <signal af="4" driver="usart" instance="4" name="tx"/>
        <signal af="7" driver="comp" instance="1" name="out"/>
      </gpio>
      <gpio port="a" pin="1">
        <signal driver="adc" name="in1"/>
        <signal driver="comp" instance="1" name="inp"/>
        <signal af="1" driver="usart" instance="2" name="de"/>
        <signal af="1" driver="usart" instance="2" name="rts"/>
        <signal af="2" driver="tim" instance="2" name="ch2"/>
        <signal af="3" driver="tsc" name="g1_io2"/>
        <signal af="4" driver="usart" instance="4" name="rx"/>
        <signal af="5" driver="tim" instance="15" name="ch1n"/>
      </gpio>
      <gpio port="a" pin="2">
        <signal driver="adc" name="in2"/>
        <signal driver="comp" instance="2" name="inm"/>
        <signal driver="sys" name="wkup4"/>
        <signal af="0" driver="tim" instance="15" name="ch1"/>
        <signal af="1" driver="usart" instance="2" name="tx"/>
        <signal af="2" driver="tim" instance="2" name="ch3"/>
        <signal af="3" driver="tsc" name="g1_io3"/>
        <signal af="7" driver="comp" instance="2" name="out"/>
      </gpio>
      <gpio port="a" pin="3">
        <signal driver="adc" name="in3"/>
        <signal driver="comp" instance="2" name="inp"/>
        <signal af="0" driver="tim" instance="15" name="ch2"/>
        <signal af="1" driver="usart" instance="2" name="rx"/>
        <signal af="2" driver="tim" instance="2" name="ch4"/>
        <signal af="3" driver="tsc" name="g1_io4"/>
      </gpio>
      <gpio port="a" pin="4">
        <signal driver="adc" name="in4"/>
        <signal driver="comp" instance="1" name="inm"/>
        <signal driver="comp" instance="2" name="inm"/>
        <signal driver="dac" name="out1"/>
        <signal af="0" driver="i2s" instance="1" name="ws"/>
        <signal af="0" driver="spi" instance="1" name="nss"/>
        <signal af="1" driver="usart" instance="2" name="ck"/>
        <signal af="3" driver="tsc" name="g2_io1"/>
        <signal af="4" driver="tim" instance="14" name="ch1"/>
        <signal device-name="98" af="5" driver="usart" instance="6" name="tx"/>
      </gpio>
      <gpio port="a" pin="5">
        <signal driver="adc" name="in5"/>
        <signal driver="comp" instance="1" name="inm"/>
        <signal driver="comp" instance="2" name="inm"/>
        <signal driver="dac" name="out2"/>
        <signal af="0" driver="i2s" instance="1" name="ck"/>
        <signal af="0" driver="spi" instance="1" name="sck"/>
        <signal af="1" name="cec"/>
        <signal af="2" driver="tim" instance="2" name="ch1"/>
        <signal af="2" driver="tim" instance="2" name="etr"/>
        <signal af="3" driver="tsc" name="g2_io2"/>
        <signal device-name="98" af="5" driver="usart" instance="6" name="rx"/>
      </gpio>
      <gpio port="a" pin="6">
        <signal driver="adc" name="in6"/>
        <signal af="0" driver="i2s" instance="1" name="mck"/>
        <signal af="0" driver="spi" instance="1" name="miso"/>
        <signal af="1" driver="tim" instance="3" name="ch1"/>
        <signal af="2" driver="tim" instance="1" name="bkin"/>
        <signal af="3" driver="tsc" name="g2_io3"/>
        <signal af="4" driver="usart" instance="3" name="cts"/>
        <signal af="5" driver="tim" instance="16" name="ch1"/>
        <signal af="7" driver="comp" instance="1" name="out"/>
      </gpio>
      <gpio port="a" pin="7">
        <signal driver="adc" name="in7"/>
        <signal af="0" driver="i2s" instance="1" name="sd"/>
        <signal af="0" driver="spi" instance="1" name="mosi"/>
        <signal af="1" driver="tim" instance="3" name="ch2"/>
        <signal af="2" driver="tim" instance="1" name="ch1n"/>
        <signal af="3" driver="tsc" name="g2_io4"/>
        <signal af="4" driver="tim" instance="14" name="ch1"/>
        <signal af="5" driver="tim" instance="17" name="ch1"/>
        <signal af="7" driver="comp" instance="2" name="out"/>
      </gpio>
      <gpio port="a" pin="8">
        <signal af="0" driver="rcc" name="mco"/>
        <signal af="1" driver="usart" instance="1" name="ck"/>
        <signal af="2" driver="tim" instance="1" name="ch1"/>
        <signal af="4" name="crs_sync"/>
      </gpio>
      <gpio port="a" pin="9">
        <signal af="0" driver="tim" instance="15" name="bkin"/>
        <signal af="1" driver="usart" instance="1" name="tx"/>
        <signal af="2" driver="tim" instance="1" name="ch2"/>
        <signal af="3" driver="tsc" name="g4_io1"/>
        <signal device-name="98" af="4" driver="i2c" instance="1" name="scl"/>
        <signal device-name="98" af="5" driver="rcc" name="mco"/>
      </gpio>
      <gpio port="a" pin="10">
        <signal af="0" driver="tim" instance="17" name="bkin"/>
        <signal af="1" driver="usart" instance="1" name="rx"/>
        <signal af="2" driver="tim" instance="1" name="ch3"/>
        <signal af="3" driver="tsc" name="g4_io2"/>
        <signal device-name="98" af="4" driver="i2c" instance="1" name="sda"/>
      </gpio>
      <gpio port="a" pin="11">
        <signal device-name="78" driver="usb" name="dm"/>
        <signal af="1" driver="usart" instance="1" name="cts"/>
        <signal af="2" driver="tim" instance="1" name="ch4"/>
        <signal af="3" driver="tsc" name="g4_io3"/>
        <signal device-name="98" af="4" driver="can" name="rx"/>
        <signal device-name="98" af="5" driver="i2c" instance="2" name="scl"/>
        <signal af="7" driver="comp" instance="1" name="out"/>
      </gpio>
      <gpio port="a" pin="12">
        <signal device-name="78" driver="usb" name="dp"/>
        <signal af="1" driver="usart" instance="1" name="de"/>
        <signal af="1" driver="usart" instance="1" name="rts"/>
        <signal af="2" driver="tim" instance="1" name="etr"/>
        <signal af="3" driver="tsc" name="g4_io4"/>
        <signal device-name="98" af="4" driver="can" name="tx"/>
        <signal device-name="98" af="5" driver="i2c" instance="2" name="sda"/>
        <signal af="7" driver="comp" instance="2" name="out"/>
      </gpio>
      <gpio port="a" pin="13">
        <signal af="0" driver="sys" name="swdio"/>
        <signal af="1" name="ir_out"/>
        <signal device-name="78" af="2" driver="usb" name="noe"/>
      </gpio>
      <gpio port="a" pin="14">
        <signal af="0" driver="sys" name="swclk"/>
        <signal af="1" driver="usart" instance="2" name="tx"/>
      </gpio>
      <gpio port="a" pin="15">
        <signal af="0" driver="i2s" instance="1" name="ws"/>
        <signal af="0" driver="spi" instance="1" name="nss"/>
        <signal af="1" driver="usart" instance="2" name="rx"/>
        <signal af="2" driver="tim" instance="2" name="ch1"/>
        <signal af="2" driver="tim" instance="2" name="etr"/>
        <signal af="4" driver="usart" instance="4" name="de"/>
        <signal af="4" driver="usart" instance="4" name="rts"/>
      </gpio>
      <gpio port="b" pin="0">
        <signal driver="adc" name="in8"/>
        <signal af="1" driver="tim" instance="3" name="ch3"/>
        <signal af="2" driver="tim" instance="1" name="ch2n"/>
        <signal af="3" driver="tsc" name="g3_io2"/>
        <signal af="4" driver="usart" instance="3" name="ck"/>
      </gpio>
      <gpio port="b" pin="1">
        <signal driver="adc" name="in9"/>
        <signal af="0" driver="tim" instance="14" name="ch1"/>
        <signal af="1" driver="tim" instance="3" name="ch4"/>
        <signal af="2" driver="tim" instance="1" name="ch3n"/>
        <signal af="3" driver="tsc" name="g3_io3"/>
        <signal af="4" driver="usart" instance="3" name="de"/>
        <signal af="4" driver="usart" instance="3" name="rts"/>
      </gpio>
      <gpio port="b" pin="3">
        <signal af="0" driver="i2s" instance="1" name="ck"/>
        <signal af="0" driver="spi" instance="1" name="sck"/>
        <signal af="2" driver="tim" instance="2" name="ch2"/>
        <signal af="3" driver="tsc" name="g5_io1"/>
        <signal device-name="98" af="4" driver="usart" instance="5" name="tx"/>
      </gpio>
      <gpio port="b" pin="4">
        <signal af="0" driver="i2s" instance="1" name="mck"/>
        <signal af="0" driver="spi" instance="1" name="miso"/>
        <signal af="1" driver="tim" instance="3" name="ch1"/>
        <signal af="3" driver="tsc" name="g5_io2"/>
        <signal device-name="98" af="4" driver="usart" instance="5" name="rx"/>
        <signal af="5" driver="tim" instance="17" name="bkin"/>
      </gpio>
      <gpio port="b" pin="5">
        <signal driver="sys" name="wkup6"/>
        <signal af="0" driver="i2s" instance="1" name="sd"/>
        <signal af="0" driver="spi" instance="1" name="mosi"/>
        <signal af="1" driver="tim" instance="3" name="ch2"/>
        <signal af="2" driver="tim" instance="16" name="bkin"/>
        <signal af="3" driver="i2c" instance="1" name="smba"/>
        <signal device-name="98" af="4" driver="usart" instance="5" name="ck"/>
        <signal device-name="98" af="4" driver="usart" instance="5" name="de"/>
        <signal device-name="98" af="4" driver="usart" instance="5" name="rts"/>
      </gpio>
      <gpio port="b" pin="6">
        <signal af="0" driver="usart" instance="1" name="tx"/>
        <signal af="1" driver="i2c" instance="1" name="scl"/>
        <signal af="2" driver="tim" instance="16" name="ch1n"/>
        <signal af="3" driver="tsc" name="g5_io3"/>
      </gpio>
      <gpio port="b" pin="7">
        <signal af="0" driver="usart" instance="1" name="rx"/>
        <signal af="1" driver="i2c" instance="1" name="sda"/>
        <signal af="2" driver="tim" instance="17" name="ch1n"/>
        <signal af="3" driver="tsc" name="g5_io4"/>
        <signal af="4" driver="usart" instance="4" name="cts"/>
      </gpio>
      <gpio port="b" pin="8">
        <signal af="0" name="cec"/>
        <signal af="1" driver="i2c" instance="1" name="scl"/>
        <signal af="2" driver="tim" instance="16" name="ch1"/>
        <signal af="3" driver="tsc" name="sync"/>
        <signal device-name="98" af="4" driver="can" name="rx"/>
      </gpio>
      <gpio port="b" pin="9">
        <signal af="0" name="ir_out"/>
        <signal af="1" driver="i2c" instance="1" name="sda"/>
        <signal af="2" driver="tim" instance="17" name="ch1"/>
        <signal device-name="98" af="4" driver="can" name="tx"/>
        <signal af="5" driver="i2s" instance="2" name="ws"/>
        <signal af="5" driver="spi" instance="2" name="nss"/>
      </gpio>
      <gpio port="b" pin="10">
        <signal af="0" name="cec"/>
        <signal af="1" driver="i2c" instance="2" name="scl"/>
        <signal af="2" driver="tim" instance="2" name="ch3"/>
        <signal af="3" driver="tsc" name="sync"/>
        <signal af="4" driver="usart" instance="3" name="tx"/>
        <signal af="5" driver="i2s" instance="2" name="ck"/>
        <signal af="5" driver="spi" instance="2" name="sck"/>
      </gpio>
      <gpio port="b" pin="11">
        <signal af="1" driver="i2c" instance="2" name="sda"/>
        <signal af="2" driver="tim" instance="2" name="ch4"/>
        <signal af="3" driver="tsc" name="g6_io1"/>
        <signal af="4" driver="usart" instance="3" name="rx"/>
      </gpio>
      <gpio port="b" pin="12">
        <signal af="0" driver="i2s" instance="2" name="ws"/>
        <signal af="0" driver="spi" instance="2" name="nss"/>
        <signal af="2" driver="tim" instance="1" name="bkin"/>
        <signal af="3" driver="tsc" name="g6_io2"/>
        <signal af="4" driver="usart" instance="3" name="ck"/>
        <signal af="5" driver="tim" instance="15" name="bkin"/>
      </gpio>
      <gpio port="b" pin="13">
        <signal af="0" driver="i2s" instance="2" name="ck"/>
        <signal af="0" driver="spi" instance="2" name="sck"/>
        <signal af="2" driver="tim" instance="1" name="ch1n"/>
        <signal af="3" driver="tsc" name="g6_io3"/>
        <signal af="4" driver="usart" instance="3" name="cts"/>
        <signal af="5" driver="i2c" instance="2" name="scl"/>
      </gpio>
      <gpio port="b" pin="14">
        <signal af="0" driver="i2s" instance="2" name="mck"/>
        <signal af="0" driver="spi" instance="2" name="miso"/>
        <signal af="1" driver="tim" instance="15" name="ch1"/>
        <signal af="2" driver="tim" instance="1" name="ch2n"/>
        <signal af="3" driver="tsc" name="g6_io4"/>
        <signal af="4" driver="usart" instance="3" name="de"/>
        <signal af="4" driver="usart" instance="3" name="rts"/>
        <signal af="5" driver="i2c" instance="2" name="sda"/>
      </gpio>
      <gpio port="b" pin="15">
        <signal driver="rtc" name="refin"/>
        <signal driver="sys" name="wkup7"/>
        <signal af="0" driver="i2s" instance="2" name="sd"/>
        <signal af="0" driver="spi" instance="2" name="mosi"/>
        <signal af="1" driver="tim" instance="15" name="ch2"/>
        <signal af="2" driver="tim" instance="1" name="ch3n"/>
        <signal af="3" driver="tim" instance="15" name="ch1n"/>
      </gpio>
      <gpio device-pin="r|v" port="c" pin="0">
        <signal driver="adc" name="in10"/>
        <signal device-name="98" device-pin="r|v" af="1" driver="usart" instance="7" name="tx"/>
        <signal device-name="98" device-pin="r|v" af="2" driver="usart" instance="6" name="tx"/>
      </gpio>
      <gpio device-pin="r|v" port="c" pin="1">
        <signal driver="adc" name="in11"/>
        <signal device-name="98" device-pin="r|v" af="1" driver="usart" instance="7" name="rx"/>
        <signal device-name="98" device-pin="r|v" af="2" driver="usart" instance="6" name="rx"/>
      </gpio>
      <gpio device-pin="r|v" port="c" pin="2">
        <signal driver="adc" name="in12"/>
        <signal af="1" driver="i2s" instance="2" name="mck"/>
        <signal af="1" driver="spi" instance="2" name="miso"/>
        <signal device-name="98" device-pin="r|v" af="2" driver="usart" instance="8" name="tx"/>
      </gpio>
      <gpio device-pin="r|v" port="c" pin="3">
        <signal driver="adc" name="in13"/>
        <signal af="1" driver="i2s" instance="2" name="sd"/>
        <signal af="1" driver="spi" instance="2" name="mosi"/>
        <signal device-name="98" device-pin="r|v" af="2" driver="usart" instance="8" name="rx"/>
      </gpio>
      <gpio device-pin="r|v" port="c" pin="4">
        <signal driver="adc" name="in14"/>
        <signal af="1" driver="usart" instance="3" name="tx"/>
      </gpio>
      <gpio device-pin="r|v" port="c" pin="5">
        <signal driver="adc" name="in15"/>
        <signal driver="sys" name="wkup5"/>
        <signal af="0" driver="tsc" name="g3_io1"/>
        <signal af="1" driver="usart" instance="3" name="rx"/>
      </gpio>
      <gpio device-pin="r|v" port="c" pin="6">
        <signal af="0" driver="tim" instance="3" name="ch1"/>
        <signal device-name="98" device-pin="r|v" af="1" driver="usart" instance="7" name="tx"/>
      </gpio>
      <gpio device-pin="r|v" port="c" pin="7">
        <signal af="0" driver="tim" instance="3" name="ch2"/>
        <signal device-name="98" device-pin="r|v" af="1" driver="usart" instance="7" name="rx"/>
      </gpio>
      <gpio device-pin="r|v" port="c" pin="8">
        <signal af="0" driver="tim" instance="3" name="ch3"/>
        <signal device-name="98" device-pin="r|v" af="1" driver="usart" instance="8" name="tx"/>
      </gpio>
      <gpio device-pin="r|v" port="c" pin="9">
        <signal af="0" driver="tim" instance="3" name="ch4"/>
        <signal device-name="98" device-pin="r|v" af="1" driver="usart" instance="8" name="rx"/>
      </gpio>
      <gpio device-pin="r|v" port="c" pin="10">
        <signal af="0" driver="usart" instance="4" name="tx"/>
        <signal af="1" driver="usart" instance="3" name="tx"/>
      </gpio>
      <gpio device-pin="r|v" port="c" pin="11">
        <signal af="0" driver="usart" instance="4" name="rx"/>
        <signal af="1" driver="usart" instance="3" name="rx"/>
      </gpio>
      <gpio device-pin="r|v" port="c" pin="12">
        <signal af="0" driver="usart" instance="4" name="ck"/>
        <signal af="1" driver="usart" instance="3" name="ck"/>
        <signal device-name="98" device-pin="r|v" af="2" driver="usart" instance="5" name="tx"/>
      </gpio>
      <gpio port="c" pin="13">
        <signal driver="rtc" name="out_alarm"/>
        <signal driver="rtc" name="out_calib"/>
        <signal driver="rtc" name="tamp1"/>
        <signal driver="rtc" name="ts"/>
        <signal driver="sys" name="wkup2"/>
      </gpio>
      <gpio port="c" pin="14">
        <signal driver="rcc" name="osc32_in"/>
      </gpio>
      <gpio port="c" pin="15">
        <signal driver="rcc" name="osc32_out"/>
      </gpio>
      <gpio device-pin="v" port="d" pin="0">
        <signal device-name="98" device-size="c" device-package="h|t" af="0" driver="can" name="rx"/>
        <signal af="1" driver="i2s" instance="2" name="ws"/>
        <signal af="1" driver="spi" instance="2" name="nss"/>
      </gpio>
      <gpio device-pin="v" port="d" pin="1">
        <signal device-name="98" device-size="c" device-package="h|t" af="0" driver="can" name="tx"/>
        <signal af="1" driver="i2s" instance="2" name="ck"/>
        <signal af="1" driver="spi" instance="2" name="sck"/>
      </gpio>
      <gpio device-pin="r|v" port="d" pin="2">
        <signal af="0" driver="tim" instance="3" name="etr"/>
        <signal af="1" driver="usart" instance="3" name="de"/>
        <signal af="1" driver="usart" instance="3" name="rts"/>
        <signal device-name="98" device-pin="r|v" af="2" driver="usart" instance="5" name="rx"/>
      </gpio>
      <gpio device-pin="v" port="d" pin="3">
        <signal af="0" driver="usart" instance="2" name="cts"/>
        <signal af="1" driver="i2s" instance="2" name="mck"/>
        <signal af="1" driver="spi" instance="2" name="miso"/>
      </gpio>
      <gpio device-pin="v" port="d" pin="4">
        <signal af="0" driver="usart" instance="2" name="de"/>
        <signal af="0" driver="usart" instance="2" name="rts"/>
        <signal af="1" driver="i2s" instance="2" name="sd"/>
        <signal af="1" driver="spi" instance="2" name="mosi"/>
      </gpio>
      <gpio device-pin="v" port="d" pin="5">
        <signal af="0" driver="usart" instance="2" name="tx"/>
      </gpio>
      <gpio device-pin="v" port="d" pin="6">
        <signal af="0" driver="usart" instance="2" name="rx"/>
      </gpio>
      <gpio device-pin="v" port="d" pin="7">
        <signal af="0" driver="usart" instance="2" name="ck"/>
      </gpio>
      <gpio device-pin="v" port="d" pin="8">
        <signal af="0" driver="usart" instance="3" name="tx"/>
      </gpio>
      <gpio device-pin="v" port="d" pin="9">
        <signal af="0" driver="usart" instance="3" name="rx"/>
      </gpio>
      <gpio device-pin="v" port="d" pin="10">
        <signal af="0" driver="usart" instance="3" name="ck"/>
      </gpio>
      <gpio device-pin="v" port="d" pin="11">
        <signal af="0" driver="usart" instance="3" name="cts"/>
      </gpio>
      <gpio device-pin="v" port="d" pin="12">
        <signal device-name="98" device-size="c" device-package="h|t" driver="usart" instance="8" name="de"/>
        <signal af="0" driver="usart" instance="3" name="de"/>
        <signal af="0" driver="usart" instance="3" name="rts"/>
        <signal af="1" driver="tsc" name="g8_io1"/>
        <signal device-name="98" device-size="c" device-package="h|t" af="2" driver="usart" instance="8" name="ck"/>
        <signal device-name="98" device-size="c" device-package="h|t" af="2" driver="usart" instance="8" name="rts"/>
      </gpio>
      <gpio device-pin="v" port="d" pin="13">
        <signal device-name="98" device-size="c" device-package="h|t" af="0" driver="usart" instance="8" name="tx"/>
        <signal af="1" driver="tsc" name="g8_io2"/>
      </gpio>
      <gpio device-pin="v" port="d" pin="14">
        <signal device-name="98" device-size="c" device-package="h|t" af="0" driver="usart" instance="8" name="rx"/>
        <signal af="1" driver="tsc" name="g8_io3"/>
      </gpio>
      <gpio device-pin="v" port="d" pin="15">
        <signal device-name="98" device-size="c" device-package="h|t" driver="usart" instance="7" name="de"/>
        <signal af="0" name="crs_sync"/>
        <signal af="1" driver="tsc" name="g8_io4"/>
        <signal device-name="98" device-size="c" device-package="h|t" af="2" driver="usart" instance="7" name="ck"/>
        <signal device-name="98" device-size="c" device-package="h|t" af="2" driver="usart" instance="7" name="rts"/>
      </gpio>
      <gpio device-pin="v" port="e" pin="0">
        <signal af="0" driver="tim" instance="16" name="ch1"/>
      </gpio>
      <gpio device-pin="v" port="e" pin="1">
        <signal af="0" driver="tim" instance="17" name="ch1"/>
      </gpio>
      <gpio device-pin="v" port="e" pin="2">
        <signal af="0" driver="tim" instance="3" name="etr"/>
        <signal af="1" driver="tsc" name="g7_io1"/>
      </gpio>
      <gpio device-pin="v" port="e" pin="3">
        <signal af="0" driver="tim" instance="3" name="ch1"/>
        <signal af="1" driver="tsc" name="g7_io2"/>
      </gpio>
      <gpio device-pin="v" port="e" pin="4">
        <signal af="0" driver="tim" instance="3" name="ch2"/>
        <signal af="1" driver="tsc" name="g7_io3"/>
      </gpio>
      <gpio device-pin="v" port="e" pin="5">
        <signal af="0" driver="tim" instance="3" name="ch3"/>
        <signal af="1" driver="tsc" name="g7_io4"/>
      </gpio>
      <gpio device-pin="v" port="e" pin="6">
        <signal driver="rtc" name="tamp3"/>
        <signal driver="sys" name="wkup3"/>
        <signal af="0" driver="tim" instance="3" name="ch4"/>
      </gpio>
      <gpio device-pin="v" port="e" pin="7">
        <signal af="0" driver="tim" instance="1" name="etr"/>
        <signal device-name="98" device-size="c" device-package="h|t" af="1" driver="usart" instance="5" name="ck"/>
        <signal device-name="98" device-size="c" device-package="h|t" af="1" driver="usart" instance="5" name="de"/>
        <signal device-name="98" device-size="c" device-package="h|t" af="1" driver="usart" instance="5" name="rts"/>
      </gpio>
      <gpio device-pin="v" port="e" pin="8">
        <signal af="0" driver="tim" instance="1" name="ch1n"/>
        <signal device-name="98" device-size="c" device-package="h|t" af="1" driver="usart" instance="4" name="tx"/>
      </gpio>
      <gpio device-pin="v" port="e" pin="9">
        <signal af="0" driver="tim" instance="1" name="ch1"/>
        <signal device-name="98" device-size="c" device-package="h|t" af="1" driver="usart" instance="4" name="rx"/>
      </gpio>
      <gpio device-pin="v" port="e" pin="10">
        <signal af="0" driver="tim" instance="1" name="ch2n"/>
        <signal device-name="98" device-size="c" device-package="h|t" af="1" driver="usart" instance="5" name="tx"/>
      </gpio>
      <gpio device-pin="v" port="e" pin="11">
        <signal af="0" driver="tim" instance="1" name="ch2"/>
        <signal device-name="98" device-size="c" device-package="h|t" af="1" driver="usart" instance="5" name="rx"/>
      </gpio>
      <gpio device-pin="v" port="e" pin="12">
        <signal af="0" driver="tim" instance="1" name="ch3n"/>
        <signal af="1" driver="i2s" instance="1" name="ws"/>
        <signal af="1" driver="spi" instance="1" name="nss"/>
      </gpio>
      <gpio device-pin="v" port="e" pin="13">
        <signal af="0" driver="tim" instance="1" name="ch3"/>
        <signal af="1" driver="i2s" instance="1" name="ck"/>
        <signal af="1" driver="spi" instance="1" name="sck"/>
      </gpio>
      <gpio device-pin="v" port="e" pin="14">
        <signal af="0" driver="tim" instance="1" name="ch4"/>
        <signal af="1" driver="i2s" instance="1" name="mck"/>
        <signal af="1" driver="spi" instance="1" name="miso"/>
      </gpio>
      <gpio device-pin="v" port="e" pin="15">
        <signal af="0" driver="tim" instance="1" name="bkin"/>
        <signal af="1" driver="i2s" instance="1" name="sd"/>
        <signal af="1" driver="spi" instance="1" name="mosi"/>
      </gpio>
      <gpio port="f" pin="0">
        <signal driver="rcc" name="osc_in"/>
        <signal af="0" name="crs_sync"/>
        <signal device-name="98" af="1" driver="i2c" instance="1" name="sda"/>
      </gpio>
      <gpio port="f" pin="1">
        <signal driver="rcc" name="osc_out"/>
        <signal device-name="98" af="1" driver="i2c" instance="1" name="scl"/>
      </gpio>
      <gpio device-pin="v" port="f" pin="2">
        <signal driver="sys" name="wkup8"/>
        <signal device-name="98" device-size="c" device-package="h|t" driver="usart" instance="7" name="de"/>
        <signal device-name="98" device-size="c" device-package="h|t" af="1" driver="usart" instance="7" name="tx"/>
        <signal device-name="98" device-size="c" device-package="h|t" af="2" driver="usart" instance="7" name="ck"/>
        <signal device-name="98" device-size="c" device-package="h|t" af="2" driver="usart" instance="7" name="rts"/>
      </gpio>
      <gpio device-pin="v" port="f" pin="3">
        <signal device-name="98" device-size="c" device-package="h|t" driver="usart" instance="6" name="de"/>
        <signal device-name="98" device-size="c" device-package="h|t" af="1" driver="usart" instance="7" name="rx"/>
        <signal device-name="98" device-size="c" device-package="h|t" af="2" driver="usart" instance="6" name="ck"/>
        <signal device-name="98" device-size="c" device-package="h|t" af="2" driver="usart" instance="6" name="rts"/>
      </gpio>
      <gpio device-pin="v" port="f" pin="6"/>
      <gpio device-pin="v" port="f" pin="9">
        <signal af="0" driver="tim" instance="15" name="ch1"/>
        <signal device-name="98" device-size="c" device-package="h|t" af="1" driver="usart" instance="6" name="tx"/>
      </gpio>
      <gpio device-pin="v" port="f" pin="10">
        <signal af="0" driver="tim" instance="15" name="ch2"/>
        <signal device-name="98" device-size="c" device-package="h|t" af="1" driver="usart" instance="6" name="rx"/>
      </gpio>
      <gpio device-name="98" port="f" pin="11"/>
    </driver>
  </device>
</modm>
