<?xml version='1.0' encoding='UTF-8'?>
<modm version="0.4.0">
  <!-- WARNING: This file is generated by the modm device file generator. Do not edit! -->
  <device platform="stm32" family="f4" name="13|23" pin="c|m|r|v|z" size="g|h" package="h|j|t|u|y">
    <naming-schema>{platform}{family}{name}{pin}{size}{package}</naming-schema>
    <valid-device>stm32f413cgu</valid-device>
    <valid-device>stm32f413chu</valid-device>
    <valid-device>stm32f413mgy</valid-device>
    <valid-device>stm32f413mhy</valid-device>
    <valid-device>stm32f413rgt</valid-device>
    <valid-device>stm32f413rht</valid-device>
    <valid-device>stm32f413vgh</valid-device>
    <valid-device>stm32f413vgt</valid-device>
    <valid-device>stm32f413vhh</valid-device>
    <valid-device>stm32f413vht</valid-device>
    <valid-device>stm32f413zgj</valid-device>
    <valid-device>stm32f413zgt</valid-device>
    <valid-device>stm32f413zhj</valid-device>
    <valid-device>stm32f413zht</valid-device>
    <valid-device>stm32f423chu</valid-device>
    <valid-device>stm32f423mhy</valid-device>
    <valid-device>stm32f423rht</valid-device>
    <valid-device>stm32f423vhh</valid-device>
    <valid-device>stm32f423vht</valid-device>
    <valid-device>stm32f423zhj</valid-device>
    <valid-device>stm32f423zht</valid-device>
    <driver name="core" type="cortex-m4f">
      <memory device-size="g" name="flash" access="rx" start="0x8000000" size="1048576"/>
      <memory device-size="h" name="flash" access="rx" start="0x8000000" size="1572864"/>
      <memory name="ccm" access="rw" start="0x10000000" size="65536"/>
      <memory name="sram1" access="rwx" start="0x20000000" size="327680"/>
      <memory name="backup" access="rwx" start="0x40024000" size="4096"/>
      <vector position="0" name="WWDG"/>
      <vector position="1" name="PVD"/>
      <vector position="2" name="TAMP_STAMP"/>
      <vector position="3" name="RTC_WKUP"/>
      <vector position="4" name="FLASH"/>
      <vector position="5" name="RCC"/>
      <vector position="6" name="EXTI0"/>
      <vector position="7" name="EXTI1"/>
      <vector position="8" name="EXTI2"/>
      <vector position="9" name="EXTI3"/>
      <vector position="10" name="EXTI4"/>
      <vector position="11" name="DMA1_Stream0"/>
      <vector position="12" name="DMA1_Stream1"/>
      <vector position="13" name="DMA1_Stream2"/>
      <vector position="14" name="DMA1_Stream3"/>
      <vector position="15" name="DMA1_Stream4"/>
      <vector position="16" name="DMA1_Stream5"/>
      <vector position="17" name="DMA1_Stream6"/>
      <vector position="18" name="ADC"/>
      <vector position="19" name="CAN1_TX"/>
      <vector position="20" name="CAN1_RX0"/>
      <vector position="21" name="CAN1_RX1"/>
      <vector position="22" name="CAN1_SCE"/>
      <vector position="23" name="EXTI9_5"/>
      <vector position="24" name="TIM1_BRK_TIM9"/>
      <vector position="25" name="TIM1_UP_TIM10"/>
      <vector position="26" name="TIM1_TRG_COM_TIM11"/>
      <vector position="27" name="TIM1_CC"/>
      <vector position="28" name="TIM2"/>
      <vector position="29" name="TIM3"/>
      <vector position="30" name="TIM4"/>
      <vector position="31" name="I2C1_EV"/>
      <vector position="32" name="I2C1_ER"/>
      <vector position="33" name="I2C2_EV"/>
      <vector position="34" name="I2C2_ER"/>
      <vector position="35" name="SPI1"/>
      <vector position="36" name="SPI2"/>
      <vector position="37" name="USART1"/>
      <vector position="38" name="USART2"/>
      <vector position="39" name="USART3"/>
      <vector position="40" name="EXTI15_10"/>
      <vector position="41" name="RTC_Alarm"/>
      <vector position="42" name="OTG_FS_WKUP"/>
      <vector position="43" name="TIM8_BRK_TIM12"/>
      <vector position="44" name="TIM8_UP_TIM13"/>
      <vector position="45" name="TIM8_TRG_COM_TIM14"/>
      <vector position="46" name="TIM8_CC"/>
      <vector position="47" name="DMA1_Stream7"/>
      <vector position="49" name="SDIO"/>
      <vector position="50" name="TIM5"/>
      <vector position="51" name="SPI3"/>
      <vector position="52" name="UART4"/>
      <vector position="53" name="UART5"/>
      <vector position="54" name="TIM6_DAC"/>
      <vector position="55" name="TIM7"/>
      <vector position="56" name="DMA2_Stream0"/>
      <vector position="57" name="DMA2_Stream1"/>
      <vector position="58" name="DMA2_Stream2"/>
      <vector position="59" name="DMA2_Stream3"/>
      <vector position="60" name="DMA2_Stream4"/>
      <vector position="61" name="DFSDM1_FLT0"/>
      <vector position="62" name="DFSDM1_FLT1"/>
      <vector position="63" name="CAN2_TX"/>
      <vector position="64" name="CAN2_RX0"/>
      <vector position="65" name="CAN2_RX1"/>
      <vector position="66" name="CAN2_SCE"/>
      <vector position="67" name="OTG_FS"/>
      <vector position="68" name="DMA2_Stream5"/>
      <vector position="69" name="DMA2_Stream6"/>
      <vector position="70" name="DMA2_Stream7"/>
      <vector position="71" name="USART6"/>
      <vector position="72" name="I2C3_EV"/>
      <vector position="73" name="I2C3_ER"/>
      <vector position="74" name="CAN3_TX"/>
      <vector position="75" name="CAN3_RX0"/>
      <vector position="76" name="CAN3_RX1"/>
      <vector position="77" name="CAN3_SCE"/>
      <vector device-name="23" position="79" name="AES"/>
      <vector position="80" name="RNG"/>
      <vector position="81" name="FPU"/>
      <vector position="82" name="UART7"/>
      <vector position="83" name="UART8"/>
      <vector position="84" name="SPI4"/>
      <vector position="85" name="SPI5"/>
      <vector position="87" name="SAI1"/>
      <vector position="88" name="UART9"/>
      <vector position="89" name="UART10"/>
      <vector position="92" name="QUADSPI"/>
      <vector position="95" name="FMPI2C1_EV"/>
      <vector position="96" name="FMPI2C1_ER"/>
      <vector position="97" name="LPTIM1"/>
      <vector position="98" name="DFSDM2_FLT0"/>
      <vector position="99" name="DFSDM2_FLT1"/>
      <vector position="100" name="DFSDM2_FLT2"/>
      <vector position="101" name="DFSDM2_FLT3"/>
    </driver>
    <driver name="adc" type="stm32">
      <instance value="1"/>
    </driver>
    <driver device-name="23" name="aes" type="stm32-v1.0"/>
    <driver name="can" type="stm32">
      <feature value="filter-28"/>
      <instance value="1"/>
      <instance value="2"/>
      <instance value="3"/>
    </driver>
    <driver name="crc" type="stm32"/>
    <driver name="dac" type="stm32">
      <feature value="status"/>
    </driver>
    <driver name="dfsdm" type="stm32-v1.0">
      <instance value="1"/>
      <instance value="2"/>
    </driver>
    <driver name="dma" type="stm32-extended">
      <instance value="1"/>
      <instance value="2"/>
    </driver>
    <driver name="flash" type="stm32-v1.0">
      <latency vcore-min="1800">
        <wait-state ws="0" hclk-max="16000000"/>
        <wait-state ws="1" hclk-max="32000000"/>
        <wait-state ws="2" hclk-max="48000000"/>
        <wait-state ws="3" hclk-max="64000000"/>
        <wait-state ws="4" hclk-max="80000000"/>
        <wait-state ws="5" hclk-max="96000000"/>
        <wait-state ws="6" hclk-max="100000000"/>
      </latency>
      <latency vcore-min="2100">
        <wait-state ws="0" hclk-max="18000000"/>
        <wait-state ws="1" hclk-max="36000000"/>
        <wait-state ws="2" hclk-max="54000000"/>
        <wait-state ws="3" hclk-max="72000000"/>
        <wait-state ws="4" hclk-max="90000000"/>
        <wait-state ws="5" hclk-max="100000000"/>
      </latency>
      <latency vcore-min="2400">
        <wait-state ws="0" hclk-max="24000000"/>
        <wait-state ws="1" hclk-max="48000000"/>
        <wait-state ws="2" hclk-max="72000000"/>
        <wait-state ws="3" hclk-max="96000000"/>
        <wait-state ws="4" hclk-max="100000000"/>
      </latency>
      <latency vcore-min="2700">
        <wait-state ws="0" hclk-max="30000000"/>
        <wait-state ws="1" hclk-max="60000000"/>
        <wait-state ws="2" hclk-max="90000000"/>
        <wait-state ws="3" hclk-max="100000000"/>
      </latency>
    </driver>
    <driver name="fmpi2c" type="stm32-v1.1">
      <instance value="1"/>
    </driver>
    <driver device-pin="m|r|v|z" name="fsmc" type="stm32-v2.0"/>
    <driver name="i2c" type="stm32">
      <instance value="1"/>
      <instance value="2"/>
      <instance value="3"/>
    </driver>
    <driver name="i2s" type="stm32-v2.2">
      <instance value="1"/>
      <instance value="2"/>
      <instance value="3"/>
      <instance value="4"/>
      <instance value="5"/>
    </driver>
    <driver name="iwdg" type="stm32"/>
    <driver name="lptim" type="stm32-v1.1">
      <instance value="1"/>
    </driver>
    <driver device-pin="m|r|v|z" name="quadspi" type="stm32-v1.0"/>
    <driver name="rcc" type="stm32-v1.0"/>
    <driver name="rng" type="stm32"/>
    <driver name="rtc" type="stm32-v2.3"/>
    <driver name="sai" type="stm32-v1.2">
      <instance value="1"/>
    </driver>
    <driver name="sdio" type="stm32"/>
    <driver name="spi" type="stm32">
      <instance value="1"/>
      <instance value="2"/>
      <instance value="3"/>
      <instance value="4"/>
      <instance value="5"/>
    </driver>
    <driver name="sys" type="stm32">
      <feature value="exti"/>
    </driver>
    <driver name="tim" type="stm32-advanced">
      <instance value="1"/>
      <instance value="8"/>
    </driver>
    <driver name="tim" type="stm32-basic">
      <instance value="6"/>
      <instance value="7"/>
    </driver>
    <driver name="tim" type="stm32-general-purpose">
      <instance value="2"/>
      <instance value="3"/>
      <instance value="4"/>
      <instance value="5"/>
      <instance value="9"/>
      <instance value="10"/>
      <instance value="11"/>
      <instance value="12"/>
      <instance value="13"/>
      <instance value="14"/>
    </driver>
    <driver name="uart" type="stm32">
      <feature value="over8"/>
      <instance value="4"/>
      <instance value="5"/>
      <instance value="7"/>
      <instance device-pin="v|z" value="8"/>
      <instance device-pin="v|z" value="9"/>
      <instance device-pin="v|z" value="10"/>
    </driver>
    <driver name="usart" type="stm32">
      <feature value="over8"/>
      <instance value="1"/>
      <instance value="2"/>
      <instance device-pin="m|r|v|z" value="3"/>
      <instance value="6"/>
    </driver>
    <driver name="usb_otg_fs" type="stm32-v2.2"/>
    <driver name="wwdg" type="stm32-v1.0"/>
    <driver name="gpio" type="stm32">
      <gpio port="a" pin="0">
        <signal driver="adc" instance="1" name="in0"/>
        <signal driver="sys" name="wkup1"/>
        <signal af="1" driver="tim" instance="2" name="ch1"/>
        <signal af="1" driver="tim" instance="2" name="etr"/>
        <signal af="2" driver="tim" instance="5" name="ch1"/>
        <signal af="3" driver="tim" instance="8" name="etr"/>
        <signal af="7" driver="usart" instance="2" name="cts"/>
        <signal af="8" driver="uart" instance="4" name="tx"/>
      </gpio>
      <gpio port="a" pin="1">
        <signal driver="adc" instance="1" name="in1"/>
        <signal af="1" driver="tim" instance="2" name="ch2"/>
        <signal af="2" driver="tim" instance="5" name="ch2"/>
        <signal af="5" driver="i2s" instance="4" name="sd"/>
        <signal af="5" driver="spi" instance="4" name="mosi"/>
        <signal af="7" driver="usart" instance="2" name="rts"/>
        <signal af="8" driver="uart" instance="4" name="rx"/>
        <signal device-pin="m|r|v|z" af="9" driver="quadspi" name="bk1_io3"/>
      </gpio>
      <gpio port="a" pin="2">
        <signal driver="adc" instance="1" name="in2"/>
        <signal af="1" driver="tim" instance="2" name="ch3"/>
        <signal af="2" driver="tim" instance="5" name="ch3"/>
        <signal af="3" driver="tim" instance="9" name="ch1"/>
        <signal af="5" driver="i2s" name="ckin"/>
        <signal af="7" driver="usart" instance="2" name="tx"/>
        <signal device-pin="m|r|v|z" af="12" driver="fsmc" name="d4"/>
        <signal device-pin="m|r|v|z" af="12" driver="fsmc" name="da4"/>
      </gpio>
      <gpio port="a" pin="3">
        <signal driver="adc" instance="1" name="in3"/>
        <signal af="1" driver="tim" instance="2" name="ch4"/>
        <signal af="2" driver="tim" instance="5" name="ch4"/>
        <signal af="3" driver="tim" instance="9" name="ch2"/>
        <signal af="5" driver="i2s" instance="2" name="mck"/>
        <signal af="7" driver="usart" instance="2" name="rx"/>
        <signal af="10" driver="sai" instance="1" name="sd_b"/>
        <signal device-pin="m|r|v|z" af="12" driver="fsmc" name="d5"/>
        <signal device-pin="m|r|v|z" af="12" driver="fsmc" name="da5"/>
      </gpio>
      <gpio port="a" pin="4">
        <signal driver="adc" instance="1" name="in4"/>
        <signal driver="dac" name="out1"/>
        <signal af="5" driver="i2s" instance="1" name="ws"/>
        <signal af="5" driver="spi" instance="1" name="nss"/>
        <signal af="6" driver="i2s" instance="3" name="ws"/>
        <signal af="6" driver="spi" instance="3" name="nss"/>
        <signal af="7" driver="usart" instance="2" name="ck"/>
        <signal af="8" driver="dfsdm" instance="1" name="datin1"/>
        <signal device-pin="m|r|v|z" af="12" driver="fsmc" name="d6"/>
        <signal device-pin="m|r|v|z" af="12" driver="fsmc" name="da6"/>
      </gpio>
      <gpio port="a" pin="5">
        <signal driver="adc" instance="1" name="in5"/>
        <signal driver="dac" name="out2"/>
        <signal af="1" driver="tim" instance="2" name="ch1"/>
        <signal af="1" driver="tim" instance="2" name="etr"/>
        <signal af="3" driver="tim" instance="8" name="ch1n"/>
        <signal af="5" driver="i2s" instance="1" name="ck"/>
        <signal af="5" driver="spi" instance="1" name="sck"/>
        <signal af="8" driver="dfsdm" instance="1" name="ckin1"/>
        <signal device-pin="m|r|v|z" af="12" driver="fsmc" name="d7"/>
        <signal device-pin="m|r|v|z" af="12" driver="fsmc" name="da7"/>
      </gpio>
      <gpio port="a" pin="6">
        <signal driver="adc" instance="1" name="in6"/>
        <signal af="1" driver="tim" instance="1" name="bkin"/>
        <signal af="2" driver="tim" instance="3" name="ch1"/>
        <signal af="3" driver="tim" instance="8" name="bkin"/>
        <signal af="5" driver="spi" instance="1" name="miso"/>
        <signal af="6" driver="i2s" instance="2" name="mck"/>
        <signal af="7" driver="dfsdm" instance="2" name="ckin1"/>
        <signal af="9" driver="tim" instance="13" name="ch1"/>
        <signal device-pin="m|r|v|z" af="10" driver="quadspi" name="bk2_io0"/>
        <signal af="12" driver="sdio" name="cmd"/>
      </gpio>
      <gpio port="a" pin="7">
        <signal driver="adc" instance="1" name="in7"/>
        <signal af="1" driver="tim" instance="1" name="ch1n"/>
        <signal af="2" driver="tim" instance="3" name="ch2"/>
        <signal af="3" driver="tim" instance="8" name="ch1n"/>
        <signal af="5" driver="i2s" instance="1" name="sd"/>
        <signal af="5" driver="spi" instance="1" name="mosi"/>
        <signal af="7" driver="dfsdm" instance="2" name="datin1"/>
        <signal af="9" driver="tim" instance="14" name="ch1"/>
        <signal device-pin="m|r|v|z" af="10" driver="quadspi" name="bk2_io1"/>
      </gpio>
      <gpio port="a" pin="8">
        <signal af="0" driver="rcc" name="mco_1"/>
        <signal af="1" driver="tim" instance="1" name="ch1"/>
        <signal af="4" driver="i2c" instance="3" name="scl"/>
        <signal af="6" driver="dfsdm" instance="1" name="ckout"/>
        <signal af="7" driver="usart" instance="1" name="ck"/>
        <signal af="8" driver="uart" instance="7" name="rx"/>
        <signal af="10" driver="usb_otg_fs" name="sof"/>
        <signal af="11" driver="can" instance="3" name="rx"/>
        <signal af="12" driver="sdio" name="d1"/>
      </gpio>
      <gpio port="a" pin="9">
        <signal af="1" driver="tim" instance="1" name="ch2"/>
        <signal af="3" driver="dfsdm" instance="2" name="ckin3"/>
        <signal af="4" driver="i2c" instance="3" name="smba"/>
        <signal af="5" driver="i2s" instance="2" name="ck"/>
        <signal af="5" driver="spi" instance="2" name="sck"/>
        <signal af="7" driver="usart" instance="1" name="tx"/>
        <signal af="10" driver="usb_otg_fs" name="vbus"/>
        <signal af="12" driver="sdio" name="d2"/>
      </gpio>
      <gpio port="a" pin="10">
        <signal af="1" driver="tim" instance="1" name="ch3"/>
        <signal af="3" driver="dfsdm" instance="2" name="datin3"/>
        <signal af="5" driver="i2s" instance="2" name="sd"/>
        <signal af="5" driver="spi" instance="2" name="mosi"/>
        <signal af="6" driver="i2s" instance="5" name="sd"/>
        <signal af="6" driver="spi" instance="5" name="mosi"/>
        <signal af="7" driver="usart" instance="1" name="rx"/>
        <signal af="10" driver="usb_otg_fs" name="id"/>
      </gpio>
      <gpio port="a" pin="11">
        <signal af="1" driver="tim" instance="1" name="ch4"/>
        <signal af="3" driver="dfsdm" instance="2" name="ckin5"/>
        <signal af="5" driver="i2s" instance="2" name="ws"/>
        <signal af="5" driver="spi" instance="2" name="nss"/>
        <signal af="6" driver="spi" instance="4" name="miso"/>
        <signal af="7" driver="usart" instance="1" name="cts"/>
        <signal af="8" driver="usart" instance="6" name="tx"/>
        <signal af="9" driver="can" instance="1" name="rx"/>
        <signal af="10" driver="usb_otg_fs" name="dm"/>
        <signal af="11" driver="uart" instance="4" name="rx"/>
      </gpio>
      <gpio port="a" pin="12">
        <signal af="1" driver="tim" instance="1" name="etr"/>
        <signal af="3" driver="dfsdm" instance="2" name="datin5"/>
        <signal af="5" driver="spi" instance="2" name="miso"/>
        <signal af="6" driver="spi" instance="5" name="miso"/>
        <signal af="7" driver="usart" instance="1" name="rts"/>
        <signal af="8" driver="usart" instance="6" name="rx"/>
        <signal af="9" driver="can" instance="1" name="tx"/>
        <signal af="10" driver="usb_otg_fs" name="dp"/>
        <signal af="11" driver="uart" instance="4" name="tx"/>
      </gpio>
      <gpio port="a" pin="13">
        <signal af="0" driver="sys" name="jtms"/>
        <signal af="0" driver="sys" name="swdio"/>
      </gpio>
      <gpio port="a" pin="14">
        <signal af="0" driver="sys" name="jtck"/>
        <signal af="0" driver="sys" name="swclk"/>
      </gpio>
      <gpio port="a" pin="15">
        <signal af="0" driver="sys" name="jtdi"/>
        <signal af="1" driver="tim" instance="2" name="ch1"/>
        <signal af="1" driver="tim" instance="2" name="etr"/>
        <signal af="5" driver="i2s" instance="1" name="ws"/>
        <signal af="5" driver="spi" instance="1" name="nss"/>
        <signal af="6" driver="i2s" instance="3" name="ws"/>
        <signal af="6" driver="spi" instance="3" name="nss"/>
        <signal af="7" driver="usart" instance="1" name="tx"/>
        <signal af="8" driver="uart" instance="7" name="tx"/>
        <signal af="10" driver="sai" instance="1" name="mclk_a"/>
        <signal af="11" driver="can" instance="3" name="tx"/>
      </gpio>
      <gpio port="b" pin="0">
        <signal driver="adc" instance="1" name="in8"/>
        <signal af="1" driver="tim" instance="1" name="ch2n"/>
        <signal af="2" driver="tim" instance="3" name="ch3"/>
        <signal af="3" driver="tim" instance="8" name="ch2n"/>
        <signal af="6" driver="i2s" instance="5" name="ck"/>
        <signal af="6" driver="spi" instance="5" name="sck"/>
      </gpio>
      <gpio port="b" pin="1">
        <signal driver="adc" instance="1" name="in9"/>
        <signal af="1" driver="tim" instance="1" name="ch3n"/>
        <signal af="2" driver="tim" instance="3" name="ch4"/>
        <signal af="3" driver="tim" instance="8" name="ch3n"/>
        <signal af="6" driver="i2s" instance="5" name="ws"/>
        <signal af="6" driver="spi" instance="5" name="nss"/>
        <signal af="8" driver="dfsdm" instance="1" name="datin0"/>
        <signal device-pin="m|r|v|z" af="9" driver="quadspi" name="clk"/>
      </gpio>
      <gpio port="b" pin="2">
        <signal af="1" driver="lptim" instance="1" name="out"/>
        <signal af="6" driver="dfsdm" instance="1" name="ckin0"/>
        <signal device-pin="m|r|v|z" af="9" driver="quadspi" name="clk"/>
      </gpio>
      <gpio port="b" pin="3">
        <signal af="0" driver="sys" name="jtdo"/>
        <signal af="0" driver="sys" name="swo"/>
        <signal af="1" driver="tim" instance="2" name="ch2"/>
        <signal af="4" driver="fmpi2c" instance="1" name="sda"/>
        <signal af="5" driver="i2s" instance="1" name="ck"/>
        <signal af="5" driver="spi" instance="1" name="sck"/>
        <signal af="6" driver="i2s" instance="3" name="ck"/>
        <signal af="6" driver="spi" instance="3" name="sck"/>
        <signal af="7" driver="usart" instance="1" name="rx"/>
        <signal af="8" driver="uart" instance="7" name="rx"/>
        <signal af="9" driver="i2c" instance="2" name="sda"/>
        <signal af="10" driver="sai" instance="1" name="sd_a"/>
        <signal af="11" driver="can" instance="3" name="rx"/>
      </gpio>
      <gpio port="b" pin="4">
        <signal af="0" driver="sys" name="jtrst"/>
        <signal af="2" driver="tim" instance="3" name="ch1"/>
        <signal af="5" driver="i2s" instance="3" name="ext_sd"/>
        <signal af="5" driver="spi" instance="1" name="miso"/>
        <signal af="6" driver="spi" instance="3" name="miso"/>
        <signal af="8" driver="uart" instance="7" name="tx"/>
        <signal af="9" driver="i2c" instance="3" name="sda"/>
        <signal af="10" driver="sai" instance="1" name="sck_a"/>
        <signal af="11" driver="can" instance="3" name="tx"/>
        <signal af="12" driver="sdio" name="d0"/>
      </gpio>
      <gpio port="b" pin="5">
        <signal af="1" driver="lptim" instance="1" name="in1"/>
        <signal af="2" driver="tim" instance="3" name="ch2"/>
        <signal af="4" driver="i2c" instance="1" name="smba"/>
        <signal af="5" driver="i2s" instance="1" name="sd"/>
        <signal af="5" driver="spi" instance="1" name="mosi"/>
        <signal af="6" driver="i2s" instance="3" name="sd"/>
        <signal af="6" driver="spi" instance="3" name="mosi"/>
        <signal af="9" driver="can" instance="2" name="rx"/>
        <signal af="10" driver="sai" instance="1" name="fs_a"/>
        <signal af="11" driver="uart" instance="5" name="rx"/>
        <signal af="12" driver="sdio" name="d3"/>
      </gpio>
      <gpio port="b" pin="6">
        <signal af="1" driver="lptim" instance="1" name="etr"/>
        <signal af="2" driver="tim" instance="4" name="ch1"/>
        <signal af="4" driver="i2c" instance="1" name="scl"/>
        <signal af="6" driver="dfsdm" instance="2" name="ckin7"/>
        <signal af="7" driver="usart" instance="1" name="tx"/>
        <signal af="9" driver="can" instance="2" name="tx"/>
        <signal device-pin="m|r|v|z" af="10" driver="quadspi" name="bk1_ncs"/>
        <signal af="11" driver="uart" instance="5" name="tx"/>
        <signal af="12" driver="sdio" name="d0"/>
      </gpio>
      <gpio port="b" pin="7">
        <signal af="1" driver="lptim" instance="1" name="in2"/>
        <signal af="2" driver="tim" instance="4" name="ch2"/>
        <signal af="4" driver="i2c" instance="1" name="sda"/>
        <signal af="6" driver="dfsdm" instance="2" name="datin7"/>
        <signal af="7" driver="usart" instance="1" name="rx"/>
        <signal device-pin="v|z" af="12" driver="fsmc" name="nl"/>
      </gpio>
      <gpio port="b" pin="8">
        <signal af="1" driver="lptim" instance="1" name="out"/>
        <signal af="2" driver="tim" instance="4" name="ch3"/>
        <signal af="3" driver="tim" instance="10" name="ch1"/>
        <signal af="4" driver="i2c" instance="1" name="scl"/>
        <signal af="6" driver="i2s" instance="5" name="sd"/>
        <signal af="6" driver="spi" instance="5" name="mosi"/>
        <signal af="7" driver="dfsdm" instance="2" name="ckin1"/>
        <signal af="8" driver="can" instance="1" name="rx"/>
        <signal af="9" driver="i2c" instance="3" name="sda"/>
        <signal af="11" driver="uart" instance="5" name="rx"/>
        <signal af="12" driver="sdio" name="d4"/>
      </gpio>
      <gpio port="b" pin="9">
        <signal af="2" driver="tim" instance="4" name="ch4"/>
        <signal af="3" driver="tim" instance="11" name="ch1"/>
        <signal af="4" driver="i2c" instance="1" name="sda"/>
        <signal af="5" driver="i2s" instance="2" name="ws"/>
        <signal af="5" driver="spi" instance="2" name="nss"/>
        <signal af="6" driver="dfsdm" instance="2" name="datin1"/>
        <signal af="8" driver="can" instance="1" name="tx"/>
        <signal af="9" driver="i2c" instance="2" name="sda"/>
        <signal af="11" driver="uart" instance="5" name="tx"/>
        <signal af="12" driver="sdio" name="d5"/>
      </gpio>
      <gpio port="b" pin="10">
        <signal af="1" driver="tim" instance="2" name="ch3"/>
        <signal af="4" driver="i2c" instance="2" name="scl"/>
        <signal af="5" driver="i2s" instance="2" name="ck"/>
        <signal af="5" driver="spi" instance="2" name="sck"/>
        <signal af="6" driver="i2s" instance="3" name="mck"/>
        <signal device-pin="m|r|v|z" af="7" driver="usart" instance="3" name="tx"/>
        <signal af="9" driver="fmpi2c" instance="1" name="scl"/>
        <signal af="10" driver="dfsdm" instance="2" name="ckout"/>
        <signal af="12" driver="sdio" name="d7"/>
      </gpio>
      <gpio device-pin="v" device-package="h" port="b" pin="11">
        <signal af="1" driver="tim" instance="2" name="ch4"/>
        <signal af="4" driver="i2c" instance="2" name="sda"/>
        <signal af="5" driver="i2s" name="ckin"/>
        <signal af="7" driver="usart" instance="3" name="rx"/>
      </gpio>
      <gpio device-pin="z" device-package="j|t" port="b" pin="11">
        <signal af="1" driver="tim" instance="2" name="ch4"/>
        <signal af="4" driver="i2c" instance="2" name="sda"/>
        <signal af="5" driver="i2s" name="ckin"/>
        <signal af="7" driver="usart" instance="3" name="rx"/>
      </gpio>
      <gpio port="b" pin="12">
        <signal af="1" driver="tim" instance="1" name="bkin"/>
        <signal af="4" driver="i2c" instance="2" name="smba"/>
        <signal af="5" driver="i2s" instance="2" name="ws"/>
        <signal af="5" driver="i2s" instance="3" name="ck"/>
        <signal af="5" driver="spi" instance="2" name="nss"/>
        <signal af="6" driver="i2s" instance="4" name="ws"/>
        <signal af="6" driver="spi" instance="4" name="nss"/>
        <signal af="7" driver="spi" instance="3" name="sck"/>
        <signal device-pin="m|r|v|z" af="8" driver="usart" instance="3" name="ck"/>
        <signal af="9" driver="can" instance="2" name="rx"/>
        <signal af="10" driver="dfsdm" instance="1" name="datin1"/>
        <signal af="11" driver="uart" instance="5" name="rx"/>
        <signal device-pin="m|v|z" af="12" driver="fsmc" name="d13"/>
        <signal device-pin="m|v|z" af="12" driver="fsmc" name="da13"/>
      </gpio>
      <gpio port="b" pin="13">
        <signal af="1" driver="tim" instance="1" name="ch1n"/>
        <signal af="4" driver="fmpi2c" instance="1" name="smba"/>
        <signal af="5" driver="i2s" instance="2" name="ck"/>
        <signal af="5" driver="spi" instance="2" name="sck"/>
        <signal af="6" driver="i2s" instance="4" name="ck"/>
        <signal af="6" driver="spi" instance="4" name="sck"/>
        <signal device-pin="m|r|v|z" af="8" driver="usart" instance="3" name="cts"/>
        <signal af="9" driver="can" instance="2" name="tx"/>
        <signal af="10" driver="dfsdm" instance="1" name="ckin1"/>
        <signal af="11" driver="uart" instance="5" name="tx"/>
      </gpio>
      <gpio port="b" pin="14">
        <signal af="1" driver="tim" instance="1" name="ch2n"/>
        <signal af="3" driver="tim" instance="8" name="ch2n"/>
        <signal af="4" driver="fmpi2c" instance="1" name="sda"/>
        <signal af="5" driver="spi" instance="2" name="miso"/>
        <signal af="6" driver="i2s" instance="2" name="ext_sd"/>
        <signal device-pin="m|r|v|z" af="7" driver="usart" instance="3" name="rts"/>
        <signal af="8" driver="dfsdm" instance="1" name="datin2"/>
        <signal af="9" driver="tim" instance="12" name="ch1"/>
        <signal device-pin="m|r|v|z" af="10" driver="fsmc" name="d0"/>
        <signal device-pin="m|r|v|z" af="10" driver="fsmc" name="da0"/>
        <signal af="12" driver="sdio" name="d6"/>
      </gpio>
      <gpio port="b" pin="15">
        <signal af="0" driver="rtc" name="refin"/>
        <signal af="1" driver="tim" instance="1" name="ch3n"/>
        <signal af="3" driver="tim" instance="8" name="ch3n"/>
        <signal af="4" driver="fmpi2c" instance="1" name="scl"/>
        <signal af="5" driver="i2s" instance="2" name="sd"/>
        <signal af="5" driver="spi" instance="2" name="mosi"/>
        <signal af="8" driver="dfsdm" instance="1" name="ckin2"/>
        <signal af="9" driver="tim" instance="12" name="ch2"/>
        <signal af="12" driver="sdio" name="ck"/>
      </gpio>
      <gpio device-pin="m|r|v|z" port="c" pin="0">
        <signal driver="adc" instance="1" name="in10"/>
        <signal driver="sys" name="wkup2"/>
        <signal af="1" driver="lptim" instance="1" name="in1"/>
        <signal af="3" driver="dfsdm" instance="2" name="ckin4"/>
        <signal af="7" driver="sai" instance="1" name="mclk_b"/>
      </gpio>
      <gpio device-pin="m|r|v|z" port="c" pin="1">
        <signal driver="adc" instance="1" name="in11"/>
        <signal driver="sys" name="wkup3"/>
        <signal af="1" driver="lptim" instance="1" name="out"/>
        <signal af="3" driver="dfsdm" instance="2" name="datin4"/>
        <signal af="7" driver="sai" instance="1" name="sd_b"/>
      </gpio>
      <gpio device-pin="m|r|v|z" port="c" pin="2">
        <signal driver="adc" instance="1" name="in12"/>
        <signal af="1" driver="lptim" instance="1" name="in2"/>
        <signal af="3" driver="dfsdm" instance="2" name="datin7"/>
        <signal af="5" driver="spi" instance="2" name="miso"/>
        <signal af="6" driver="i2s" instance="2" name="ext_sd"/>
        <signal af="7" driver="sai" instance="1" name="sck_b"/>
        <signal af="8" driver="dfsdm" instance="1" name="ckout"/>
        <signal af="12" driver="fsmc" name="nwe"/>
      </gpio>
      <gpio device-pin="m|r|v|z" port="c" pin="3">
        <signal driver="adc" instance="1" name="in13"/>
        <signal af="1" driver="lptim" instance="1" name="etr"/>
        <signal af="3" driver="dfsdm" instance="2" name="ckin7"/>
        <signal af="5" driver="i2s" instance="2" name="sd"/>
        <signal af="5" driver="spi" instance="2" name="mosi"/>
        <signal af="7" driver="sai" instance="1" name="fs_b"/>
        <signal af="12" driver="fsmc" name="a0"/>
      </gpio>
      <gpio device-pin="m|r|v|z" port="c" pin="4">
        <signal driver="adc" instance="1" name="in14"/>
        <signal af="3" driver="dfsdm" instance="2" name="ckin2"/>
        <signal af="5" driver="i2s" instance="1" name="mck"/>
        <signal af="10" driver="quadspi" name="bk2_io2"/>
        <signal af="12" driver="fsmc" name="ne4"/>
      </gpio>
      <gpio device-pin="m|r|v|z" port="c" pin="5">
        <signal driver="adc" instance="1" name="in15"/>
        <signal af="3" driver="dfsdm" instance="2" name="datin2"/>
        <signal af="4" driver="fmpi2c" instance="1" name="smba"/>
        <signal af="7" driver="usart" instance="3" name="rx"/>
        <signal af="10" driver="quadspi" name="bk2_io3"/>
        <signal af="12" driver="fsmc" name="noe"/>
      </gpio>
      <gpio device-pin="m|r|v|z" port="c" pin="6">
        <signal af="2" driver="tim" instance="3" name="ch1"/>
        <signal af="3" driver="tim" instance="8" name="ch1"/>
        <signal af="4" driver="fmpi2c" instance="1" name="scl"/>
        <signal af="5" driver="i2s" instance="2" name="mck"/>
        <signal af="6" driver="dfsdm" instance="1" name="ckin3"/>
        <signal af="7" driver="dfsdm" instance="2" name="datin6"/>
        <signal af="8" driver="usart" instance="6" name="tx"/>
        <signal af="10" driver="fsmc" name="d1"/>
        <signal af="10" driver="fsmc" name="da1"/>
        <signal af="12" driver="sdio" name="d6"/>
      </gpio>
      <gpio device-pin="m|r|v|z" port="c" pin="7">
        <signal af="2" driver="tim" instance="3" name="ch2"/>
        <signal af="3" driver="tim" instance="8" name="ch2"/>
        <signal af="4" driver="fmpi2c" instance="1" name="sda"/>
        <signal af="5" driver="i2s" instance="2" name="ck"/>
        <signal af="5" driver="spi" instance="2" name="sck"/>
        <signal af="6" driver="i2s" instance="3" name="mck"/>
        <signal af="7" driver="dfsdm" instance="2" name="ckin6"/>
        <signal af="8" driver="usart" instance="6" name="rx"/>
        <signal af="10" driver="dfsdm" instance="1" name="datin3"/>
        <signal af="12" driver="sdio" name="d7"/>
      </gpio>
      <gpio device-pin="m|r|v|z" port="c" pin="8">
        <signal af="2" driver="tim" instance="3" name="ch3"/>
        <signal af="3" driver="tim" instance="8" name="ch3"/>
        <signal af="7" driver="dfsdm" instance="2" name="ckin3"/>
        <signal af="8" driver="usart" instance="6" name="ck"/>
        <signal af="9" driver="quadspi" name="bk1_io2"/>
        <signal af="12" driver="sdio" name="d0"/>
      </gpio>
      <gpio device-pin="m|r|v|z" port="c" pin="9">
        <signal af="0" driver="rcc" name="mco_2"/>
        <signal af="2" driver="tim" instance="3" name="ch4"/>
        <signal af="3" driver="tim" instance="8" name="ch4"/>
        <signal af="4" driver="i2c" instance="3" name="sda"/>
        <signal af="5" driver="i2s" name="ckin"/>
        <signal af="7" driver="dfsdm" instance="2" name="datin3"/>
        <signal af="9" driver="quadspi" name="bk1_io0"/>
        <signal af="12" driver="sdio" name="d1"/>
      </gpio>
      <gpio device-pin="m|r|v|z" port="c" pin="10">
        <signal af="3" driver="dfsdm" instance="2" name="ckin5"/>
        <signal af="6" driver="i2s" instance="3" name="ck"/>
        <signal af="6" driver="spi" instance="3" name="sck"/>
        <signal af="7" driver="usart" instance="3" name="tx"/>
        <signal af="9" driver="quadspi" name="bk1_io1"/>
        <signal af="12" driver="sdio" name="d2"/>
      </gpio>
      <gpio device-pin="m|r|v|z" port="c" pin="11">
        <signal af="3" driver="dfsdm" instance="2" name="datin5"/>
        <signal af="5" driver="i2s" instance="3" name="ext_sd"/>
        <signal af="6" driver="spi" instance="3" name="miso"/>
        <signal af="7" driver="usart" instance="3" name="rx"/>
        <signal af="8" driver="uart" instance="4" name="rx"/>
        <signal af="9" driver="quadspi" name="bk2_ncs"/>
        <signal af="10" driver="fsmc" name="d2"/>
        <signal af="10" driver="fsmc" name="da2"/>
        <signal af="12" driver="sdio" name="d3"/>
      </gpio>
      <gpio device-pin="m|r|v|z" port="c" pin="12">
        <signal af="6" driver="i2s" instance="3" name="sd"/>
        <signal af="6" driver="spi" instance="3" name="mosi"/>
        <signal af="7" driver="usart" instance="3" name="ck"/>
        <signal af="8" driver="uart" instance="5" name="tx"/>
        <signal af="10" driver="fsmc" name="d3"/>
        <signal af="10" driver="fsmc" name="da3"/>
        <signal af="12" driver="sdio" name="ck"/>
      </gpio>
      <gpio port="c" pin="13">
        <signal driver="rtc" name="af1"/>
      </gpio>
      <gpio port="c" pin="14">
        <signal driver="rcc" name="osc32_in"/>
      </gpio>
      <gpio port="c" pin="15">
        <signal driver="rcc" name="osc32_out"/>
      </gpio>
      <gpio device-pin="m|v|z" port="d" pin="0">
        <signal af="3" driver="dfsdm" instance="2" name="ckin6"/>
        <signal af="9" driver="can" instance="1" name="rx"/>
        <signal af="11" driver="uart" instance="4" name="rx"/>
        <signal af="12" driver="fsmc" name="d2"/>
        <signal af="12" driver="fsmc" name="da2"/>
      </gpio>
      <gpio device-pin="v|z" port="d" pin="1">
        <signal af="3" driver="dfsdm" instance="2" name="datin6"/>
        <signal af="9" driver="can" instance="1" name="tx"/>
        <signal af="11" driver="uart" instance="4" name="tx"/>
        <signal af="12" driver="fsmc" name="d3"/>
        <signal af="12" driver="fsmc" name="da3"/>
      </gpio>
      <gpio device-pin="m|r|v|z" port="d" pin="2">
        <signal af="2" driver="tim" instance="3" name="etr"/>
        <signal af="3" driver="dfsdm" instance="2" name="ckout"/>
        <signal af="8" driver="uart" instance="5" name="rx"/>
        <signal af="10" driver="fsmc" name="nwe"/>
        <signal af="12" driver="sdio" name="cmd"/>
      </gpio>
      <gpio device-pin="v|z" port="d" pin="3">
        <signal af="0" driver="sys" name="traced1"/>
        <signal af="5" driver="i2s" instance="2" name="ck"/>
        <signal af="5" driver="spi" instance="2" name="sck"/>
        <signal af="6" driver="dfsdm" instance="1" name="datin0"/>
        <signal af="7" driver="usart" instance="2" name="cts"/>
        <signal af="9" driver="quadspi" name="clk"/>
        <signal af="12" driver="fsmc" name="clk"/>
      </gpio>
      <gpio device-pin="v|z" port="d" pin="4">
        <signal af="6" driver="dfsdm" instance="1" name="ckin0"/>
        <signal af="7" driver="usart" instance="2" name="rts"/>
        <signal af="12" driver="fsmc" name="noe"/>
      </gpio>
      <gpio device-pin="v|z" port="d" pin="5">
        <signal af="3" driver="dfsdm" instance="2" name="ckout"/>
        <signal af="7" driver="usart" instance="2" name="tx"/>
        <signal af="12" driver="fsmc" name="nwe"/>
      </gpio>
      <gpio device-pin="v|z" port="d" pin="6">
        <signal af="5" driver="i2s" instance="3" name="sd"/>
        <signal af="5" driver="spi" instance="3" name="mosi"/>
        <signal af="6" driver="dfsdm" instance="1" name="datin1"/>
        <signal af="7" driver="usart" instance="2" name="rx"/>
        <signal af="12" driver="fsmc" name="nwait"/>
      </gpio>
      <gpio device-pin="v|z" port="d" pin="7">
        <signal af="6" driver="dfsdm" instance="1" name="ckin1"/>
        <signal af="7" driver="usart" instance="2" name="ck"/>
        <signal af="12" driver="fsmc" name="ne1"/>
      </gpio>
      <gpio device-pin="v" device-package="t" port="d" pin="8">
        <signal af="7" driver="usart" instance="3" name="tx"/>
        <signal af="12" driver="fsmc" name="d13"/>
        <signal af="12" driver="fsmc" name="da13"/>
      </gpio>
      <gpio device-pin="z" device-package="j|t" port="d" pin="8">
        <signal af="7" driver="usart" instance="3" name="tx"/>
        <signal af="12" driver="fsmc" name="d13"/>
        <signal af="12" driver="fsmc" name="da13"/>
      </gpio>
      <gpio device-pin="m|v|z" port="d" pin="9">
        <signal af="7" driver="usart" instance="3" name="rx"/>
        <signal af="12" driver="fsmc" name="d14"/>
        <signal af="12" driver="fsmc" name="da14"/>
      </gpio>
      <gpio device-pin="m|v|z" port="d" pin="10">
        <signal af="7" driver="usart" instance="3" name="ck"/>
        <signal af="8" driver="uart" instance="4" name="tx"/>
        <signal af="12" driver="fsmc" name="d15"/>
        <signal af="12" driver="fsmc" name="da15"/>
      </gpio>
      <gpio device-pin="v|z" port="d" pin="11">
        <signal af="3" driver="dfsdm" instance="2" name="datin2"/>
        <signal af="4" driver="fmpi2c" instance="1" name="smba"/>
        <signal af="7" driver="usart" instance="3" name="cts"/>
        <signal af="9" driver="quadspi" name="bk1_io0"/>
        <signal af="12" driver="fsmc" name="a16"/>
      </gpio>
      <gpio device-pin="v|z" port="d" pin="12">
        <signal af="2" driver="tim" instance="4" name="ch1"/>
        <signal af="3" driver="dfsdm" instance="2" name="ckin2"/>
        <signal af="4" driver="fmpi2c" instance="1" name="scl"/>
        <signal af="7" driver="usart" instance="3" name="rts"/>
        <signal af="9" driver="quadspi" name="bk1_io1"/>
        <signal af="12" driver="fsmc" name="a17"/>
      </gpio>
      <gpio device-pin="v|z" port="d" pin="13">
        <signal af="2" driver="tim" instance="4" name="ch2"/>
        <signal af="4" driver="fmpi2c" instance="1" name="sda"/>
        <signal af="9" driver="quadspi" name="bk1_io3"/>
        <signal af="12" driver="fsmc" name="a18"/>
      </gpio>
      <gpio device-pin="v|z" port="d" pin="14">
        <signal af="2" driver="tim" instance="4" name="ch3"/>
        <signal af="4" driver="fmpi2c" instance="1" name="scl"/>
        <signal af="10" driver="dfsdm" instance="2" name="ckin0"/>
        <signal af="11" driver="uart" instance="9" name="rx"/>
        <signal af="12" driver="fsmc" name="d0"/>
        <signal af="12" driver="fsmc" name="da0"/>
      </gpio>
      <gpio device-pin="v|z" port="d" pin="15">
        <signal af="2" driver="tim" instance="4" name="ch4"/>
        <signal af="4" driver="fmpi2c" instance="1" name="sda"/>
        <signal af="10" driver="dfsdm" instance="2" name="datin0"/>
        <signal af="11" driver="uart" instance="9" name="tx"/>
        <signal af="12" driver="fsmc" name="d1"/>
        <signal af="12" driver="fsmc" name="da1"/>
      </gpio>
      <gpio device-pin="v|z" port="e" pin="0">
        <signal af="2" driver="tim" instance="4" name="etr"/>
        <signal af="3" driver="dfsdm" instance="2" name="ckin4"/>
        <signal af="8" driver="uart" instance="8" name="rx"/>
        <signal af="12" driver="fsmc" name="nbl0"/>
      </gpio>
      <gpio device-pin="v|z" port="e" pin="1">
        <signal af="3" driver="dfsdm" instance="2" name="datin4"/>
        <signal af="8" driver="uart" instance="8" name="tx"/>
        <signal af="12" driver="fsmc" name="nbl1"/>
      </gpio>
      <gpio device-pin="v|z" port="e" pin="2">
        <signal af="0" driver="sys" name="traceclk"/>
        <signal af="5" driver="i2s" instance="4" name="ck"/>
        <signal af="5" driver="spi" instance="4" name="sck"/>
        <signal af="6" driver="i2s" instance="5" name="ck"/>
        <signal af="6" driver="spi" instance="5" name="sck"/>
        <signal af="7" driver="sai" instance="1" name="mclk_a"/>
        <signal af="9" driver="quadspi" name="bk1_io2"/>
        <signal af="11" driver="uart" instance="10" name="rx"/>
        <signal af="12" driver="fsmc" name="a23"/>
      </gpio>
      <gpio device-pin="v|z" port="e" pin="3">
        <signal af="0" driver="sys" name="traced0"/>
        <signal af="7" driver="sai" instance="1" name="sd_b"/>
        <signal af="11" driver="uart" instance="10" name="tx"/>
        <signal af="12" driver="fsmc" name="a19"/>
      </gpio>
      <gpio device-pin="v|z" port="e" pin="4">
        <signal af="0" driver="sys" name="traced1"/>
        <signal af="5" driver="i2s" instance="4" name="ws"/>
        <signal af="5" driver="spi" instance="4" name="nss"/>
        <signal af="6" driver="i2s" instance="5" name="ws"/>
        <signal af="6" driver="spi" instance="5" name="nss"/>
        <signal af="7" driver="sai" instance="1" name="sd_a"/>
        <signal af="8" driver="dfsdm" instance="1" name="datin3"/>
        <signal af="12" driver="fsmc" name="a20"/>
      </gpio>
      <gpio device-pin="v|z" port="e" pin="5">
        <signal af="0" driver="sys" name="traced2"/>
        <signal af="3" driver="tim" instance="9" name="ch1"/>
        <signal af="5" driver="spi" instance="4" name="miso"/>
        <signal af="6" driver="spi" instance="5" name="miso"/>
        <signal af="7" driver="sai" instance="1" name="sck_a"/>
        <signal af="8" driver="dfsdm" instance="1" name="ckin3"/>
        <signal af="12" driver="fsmc" name="a21"/>
      </gpio>
      <gpio device-pin="v|z" port="e" pin="6">
        <signal af="0" driver="sys" name="traced3"/>
        <signal af="3" driver="tim" instance="9" name="ch2"/>
        <signal af="5" driver="i2s" instance="4" name="sd"/>
        <signal af="5" driver="spi" instance="4" name="mosi"/>
        <signal af="6" driver="i2s" instance="5" name="sd"/>
        <signal af="6" driver="spi" instance="5" name="mosi"/>
        <signal af="7" driver="sai" instance="1" name="fs_a"/>
        <signal af="12" driver="fsmc" name="a22"/>
      </gpio>
      <gpio device-pin="v|z" port="e" pin="7">
        <signal af="1" driver="tim" instance="1" name="etr"/>
        <signal af="6" driver="dfsdm" instance="1" name="datin2"/>
        <signal af="8" driver="uart" instance="7" name="rx"/>
        <signal af="10" driver="quadspi" name="bk2_io0"/>
        <signal af="12" driver="fsmc" name="d4"/>
        <signal af="12" driver="fsmc" name="da4"/>
      </gpio>
      <gpio device-pin="v|z" port="e" pin="8">
        <signal af="1" driver="tim" instance="1" name="ch1n"/>
        <signal af="6" driver="dfsdm" instance="1" name="ckin2"/>
        <signal af="8" driver="uart" instance="7" name="tx"/>
        <signal af="10" driver="quadspi" name="bk2_io1"/>
        <signal af="12" driver="fsmc" name="d5"/>
        <signal af="12" driver="fsmc" name="da5"/>
      </gpio>
      <gpio device-pin="m|v|z" port="e" pin="9">
        <signal af="1" driver="tim" instance="1" name="ch1"/>
        <signal af="6" driver="dfsdm" instance="1" name="ckout"/>
        <signal af="10" driver="quadspi" name="bk2_io2"/>
        <signal af="12" driver="fsmc" name="d6"/>
        <signal af="12" driver="fsmc" name="da6"/>
      </gpio>
      <gpio device-pin="m|v|z" port="e" pin="10">
        <signal af="1" driver="tim" instance="1" name="ch2n"/>
        <signal af="3" driver="dfsdm" instance="2" name="datin0"/>
        <signal af="10" driver="quadspi" name="bk2_io3"/>
        <signal af="12" driver="fsmc" name="d7"/>
        <signal af="12" driver="fsmc" name="da7"/>
      </gpio>
      <gpio device-pin="m|v|z" port="e" pin="11">
        <signal af="1" driver="tim" instance="1" name="ch2"/>
        <signal af="3" driver="dfsdm" instance="2" name="ckin0"/>
        <signal af="5" driver="i2s" instance="4" name="ws"/>
        <signal af="5" driver="spi" instance="4" name="nss"/>
        <signal af="6" driver="i2s" instance="5" name="ws"/>
        <signal af="6" driver="spi" instance="5" name="nss"/>
        <signal af="12" driver="fsmc" name="d8"/>
        <signal af="12" driver="fsmc" name="da8"/>
      </gpio>
      <gpio device-pin="m|v|z" port="e" pin="12">
        <signal af="1" driver="tim" instance="1" name="ch3n"/>
        <signal af="3" driver="dfsdm" instance="2" name="datin7"/>
        <signal af="5" driver="i2s" instance="4" name="ck"/>
        <signal af="5" driver="spi" instance="4" name="sck"/>
        <signal af="6" driver="i2s" instance="5" name="ck"/>
        <signal af="6" driver="spi" instance="5" name="sck"/>
        <signal af="12" driver="fsmc" name="d9"/>
        <signal af="12" driver="fsmc" name="da9"/>
      </gpio>
      <gpio device-pin="m|v|z" port="e" pin="13">
        <signal af="1" driver="tim" instance="1" name="ch3"/>
        <signal af="3" driver="dfsdm" instance="2" name="ckin7"/>
        <signal af="5" driver="spi" instance="4" name="miso"/>
        <signal af="6" driver="spi" instance="5" name="miso"/>
        <signal af="12" driver="fsmc" name="d10"/>
        <signal af="12" driver="fsmc" name="da10"/>
      </gpio>
      <gpio device-pin="m|v|z" port="e" pin="14">
        <signal af="1" driver="tim" instance="1" name="ch4"/>
        <signal af="5" driver="i2s" instance="4" name="sd"/>
        <signal af="5" driver="spi" instance="4" name="mosi"/>
        <signal af="6" driver="i2s" instance="5" name="sd"/>
        <signal af="6" driver="spi" instance="5" name="mosi"/>
        <signal af="10" driver="dfsdm" instance="2" name="datin1"/>
        <signal af="12" driver="fsmc" name="d11"/>
        <signal af="12" driver="fsmc" name="da11"/>
      </gpio>
      <gpio device-pin="m|v|z" port="e" pin="15">
        <signal af="1" driver="tim" instance="1" name="bkin"/>
        <signal af="10" driver="dfsdm" instance="2" name="ckin1"/>
        <signal af="12" driver="fsmc" name="d12"/>
        <signal af="12" driver="fsmc" name="da12"/>
      </gpio>
      <gpio device-pin="z" port="f" pin="0">
        <signal af="4" driver="i2c" instance="2" name="sda"/>
        <signal af="12" driver="fsmc" name="a0"/>
      </gpio>
      <gpio device-pin="z" port="f" pin="1">
        <signal af="4" driver="i2c" instance="2" name="scl"/>
        <signal af="12" driver="fsmc" name="a1"/>
      </gpio>
      <gpio device-pin="z" port="f" pin="2">
        <signal af="4" driver="i2c" instance="2" name="smba"/>
        <signal af="12" driver="fsmc" name="a2"/>
      </gpio>
      <gpio device-pin="z" port="f" pin="3">
        <signal af="2" driver="tim" instance="5" name="ch1"/>
        <signal af="12" driver="fsmc" name="a3"/>
      </gpio>
      <gpio device-pin="z" port="f" pin="4">
        <signal af="2" driver="tim" instance="5" name="ch2"/>
        <signal af="12" driver="fsmc" name="a4"/>
      </gpio>
      <gpio device-pin="z" port="f" pin="5">
        <signal af="2" driver="tim" instance="5" name="ch3"/>
        <signal af="12" driver="fsmc" name="a5"/>
      </gpio>
      <gpio device-pin="z" port="f" pin="6">
        <signal af="0" driver="sys" name="traced0"/>
        <signal af="3" driver="tim" instance="10" name="ch1"/>
        <signal af="7" driver="sai" instance="1" name="sd_b"/>
        <signal af="8" driver="uart" instance="7" name="rx"/>
        <signal af="9" driver="quadspi" name="bk1_io3"/>
      </gpio>
      <gpio device-pin="z" port="f" pin="7">
        <signal af="0" driver="sys" name="traced1"/>
        <signal af="3" driver="tim" instance="11" name="ch1"/>
        <signal af="7" driver="sai" instance="1" name="mclk_b"/>
        <signal af="8" driver="uart" instance="7" name="tx"/>
        <signal af="9" driver="quadspi" name="bk1_io2"/>
      </gpio>
      <gpio device-pin="z" port="f" pin="8">
        <signal af="7" driver="sai" instance="1" name="sck_b"/>
        <signal af="8" driver="uart" instance="8" name="rx"/>
        <signal af="9" driver="tim" instance="13" name="ch1"/>
        <signal af="10" driver="quadspi" name="bk1_io0"/>
      </gpio>
      <gpio device-pin="z" port="f" pin="9">
        <signal af="7" driver="sai" instance="1" name="fs_b"/>
        <signal af="8" driver="uart" instance="8" name="tx"/>
        <signal af="9" driver="tim" instance="14" name="ch1"/>
        <signal af="10" driver="quadspi" name="bk1_io1"/>
      </gpio>
      <gpio device-pin="z" port="f" pin="10">
        <signal af="1" driver="tim" instance="1" name="etr"/>
        <signal af="2" driver="tim" instance="5" name="ch4"/>
      </gpio>
      <gpio device-pin="z" port="f" pin="11">
        <signal af="3" driver="tim" instance="8" name="etr"/>
      </gpio>
      <gpio device-pin="z" port="f" pin="12">
        <signal af="3" driver="tim" instance="8" name="bkin"/>
        <signal af="12" driver="fsmc" name="a6"/>
      </gpio>
      <gpio device-pin="z" port="f" pin="13">
        <signal af="4" driver="fmpi2c" instance="1" name="smba"/>
        <signal af="12" driver="fsmc" name="a7"/>
      </gpio>
      <gpio device-pin="z" port="f" pin="14">
        <signal af="4" driver="fmpi2c" instance="1" name="scl"/>
        <signal af="12" driver="fsmc" name="a8"/>
      </gpio>
      <gpio device-pin="z" port="f" pin="15">
        <signal af="4" driver="fmpi2c" instance="1" name="sda"/>
        <signal af="12" driver="fsmc" name="a9"/>
      </gpio>
      <gpio device-pin="z" port="g" pin="0">
        <signal af="9" driver="can" instance="1" name="rx"/>
        <signal af="11" driver="uart" instance="9" name="rx"/>
        <signal af="12" driver="fsmc" name="a10"/>
      </gpio>
      <gpio device-pin="z" port="g" pin="1">
        <signal af="9" driver="can" instance="1" name="tx"/>
        <signal af="11" driver="uart" instance="9" name="tx"/>
        <signal af="12" driver="fsmc" name="a11"/>
      </gpio>
      <gpio device-pin="z" port="g" pin="2">
        <signal af="12" driver="fsmc" name="a12"/>
      </gpio>
      <gpio device-pin="z" port="g" pin="3">
        <signal af="12" driver="fsmc" name="a13"/>
      </gpio>
      <gpio device-pin="z" port="g" pin="4">
        <signal af="12" driver="fsmc" name="a14"/>
      </gpio>
      <gpio device-pin="z" port="g" pin="5">
        <signal af="12" driver="fsmc" name="a15"/>
      </gpio>
      <gpio device-pin="z" port="g" pin="6">
        <signal af="10" driver="quadspi" name="bk1_ncs"/>
      </gpio>
      <gpio device-pin="z" port="g" pin="7">
        <signal af="8" driver="usart" instance="6" name="ck"/>
      </gpio>
      <gpio device-pin="z" port="g" pin="8">
        <signal af="8" driver="usart" instance="6" name="rts"/>
      </gpio>
      <gpio device-pin="z" port="g" pin="9">
        <signal af="8" driver="usart" instance="6" name="rx"/>
        <signal af="9" driver="quadspi" name="bk2_io2"/>
        <signal af="12" driver="fsmc" name="ne2"/>
      </gpio>
      <gpio device-pin="z" port="g" pin="10">
        <signal af="12" driver="fsmc" name="ne3"/>
      </gpio>
      <gpio device-pin="z" port="g" pin="11">
        <signal af="9" driver="can" instance="2" name="rx"/>
        <signal af="11" driver="uart" instance="10" name="rx"/>
      </gpio>
      <gpio device-pin="z" port="g" pin="12">
        <signal af="8" driver="usart" instance="6" name="rts"/>
        <signal af="9" driver="can" instance="2" name="tx"/>
        <signal af="11" driver="uart" instance="10" name="tx"/>
        <signal af="12" driver="fsmc" name="ne4"/>
      </gpio>
      <gpio device-pin="z" port="g" pin="13">
        <signal af="0" driver="sys" name="traced2"/>
        <signal af="8" driver="usart" instance="6" name="cts"/>
        <signal af="12" driver="fsmc" name="a24"/>
      </gpio>
      <gpio device-pin="z" port="g" pin="14">
        <signal af="0" driver="sys" name="traced3"/>
        <signal af="8" driver="usart" instance="6" name="tx"/>
        <signal af="9" driver="quadspi" name="bk2_io3"/>
        <signal af="12" driver="fsmc" name="a25"/>
      </gpio>
      <gpio device-pin="z" port="g" pin="15">
        <signal af="8" driver="usart" instance="6" name="cts"/>
      </gpio>
      <gpio port="h" pin="0">
        <signal driver="rcc" name="osc_in"/>
      </gpio>
      <gpio port="h" pin="1">
        <signal driver="rcc" name="osc_out"/>
      </gpio>
    </driver>
  </device>
</modm>
