<?xml version='1.0' encoding='UTF-8'?>
<modm version="0.4.0">
  <!-- WARNING: This file is generated by the modm device file generator. Do not edit! -->
  <device platform="stm32" family="l1" name="51|52" pin="c|r|v" size="6|8|b" package="h|t|u">
    <naming-schema>{platform}{family}{name}{pin}{size}{package}</naming-schema>
    <invalid-device>stm32l151c6h</invalid-device>
    <invalid-device>stm32l151c8h</invalid-device>
    <invalid-device>stm32l151cbh</invalid-device>
    <invalid-device>stm32l151r6u</invalid-device>
    <invalid-device>stm32l151r8u</invalid-device>
    <invalid-device>stm32l151rbu</invalid-device>
    <invalid-device>stm32l151v6h</invalid-device>
    <invalid-device>stm32l151v6t</invalid-device>
    <invalid-device>stm32l151v6u</invalid-device>
    <invalid-device>stm32l151v8u</invalid-device>
    <invalid-device>stm32l151vbu</invalid-device>
    <invalid-device>stm32l152c6h</invalid-device>
    <invalid-device>stm32l152c8h</invalid-device>
    <invalid-device>stm32l152cbh</invalid-device>
    <invalid-device>stm32l152r6u</invalid-device>
    <invalid-device>stm32l152r8u</invalid-device>
    <invalid-device>stm32l152rbu</invalid-device>
    <invalid-device>stm32l152v6h</invalid-device>
    <invalid-device>stm32l152v6t</invalid-device>
    <invalid-device>stm32l152v6u</invalid-device>
    <invalid-device>stm32l152v8u</invalid-device>
    <invalid-device>stm32l152vbu</invalid-device>
    <driver name="core" type="cortex-m3">
      <memory device-size="6" name="flash" access="rx" start="0x8000000" size="32768"/>
      <memory device-size="8" name="flash" access="rx" start="0x8000000" size="65536"/>
      <memory device-size="b" name="flash" access="rx" start="0x8000000" size="131072"/>
      <memory name="eeprom" access="rwx" start="0x8080000" size="4096"/>
      <memory device-size="6|8" name="sram1" access="rwx" start="0x20000000" size="10240"/>
      <memory device-size="b" name="sram1" access="rwx" start="0x20000000" size="16384"/>
      <vector position="0" name="WWDG"/>
      <vector position="1" name="PVD"/>
      <vector position="2" name="TAMPER_STAMP"/>
      <vector position="3" name="RTC_WKUP"/>
      <vector position="4" name="FLASH"/>
      <vector position="5" name="RCC"/>
      <vector position="6" name="EXTI0"/>
      <vector position="7" name="EXTI1"/>
      <vector position="8" name="EXTI2"/>
      <vector position="9" name="EXTI3"/>
      <vector position="10" name="EXTI4"/>
      <vector position="11" name="DMA1_Channel1"/>
      <vector position="12" name="DMA1_Channel2"/>
      <vector position="13" name="DMA1_Channel3"/>
      <vector position="14" name="DMA1_Channel4"/>
      <vector position="15" name="DMA1_Channel5"/>
      <vector position="16" name="DMA1_Channel6"/>
      <vector position="17" name="DMA1_Channel7"/>
      <vector position="18" name="ADC1"/>
      <vector position="19" name="USB_HP"/>
      <vector position="20" name="USB_LP"/>
      <vector position="21" name="DAC"/>
      <vector position="22" name="COMP"/>
      <vector position="23" name="EXTI9_5"/>
      <vector device-name="52" position="24" name="LCD"/>
      <vector position="25" name="TIM9"/>
      <vector position="26" name="TIM10"/>
      <vector position="27" name="TIM11"/>
      <vector position="28" name="TIM2"/>
      <vector position="29" name="TIM3"/>
      <vector position="30" name="TIM4"/>
      <vector position="31" name="I2C1_EV"/>
      <vector position="32" name="I2C1_ER"/>
      <vector position="33" name="I2C2_EV"/>
      <vector position="34" name="I2C2_ER"/>
      <vector position="35" name="SPI1"/>
      <vector position="36" name="SPI2"/>
      <vector position="37" name="USART1"/>
      <vector position="38" name="USART2"/>
      <vector position="39" name="USART3"/>
      <vector position="40" name="EXTI15_10"/>
      <vector position="41" name="RTC_Alarm"/>
      <vector position="42" name="USB_FS_WKUP"/>
      <vector position="43" name="TIM6"/>
      <vector position="44" name="TIM7"/>
    </driver>
    <driver name="adc" type="stm32"/>
    <driver name="comp" type="stm32-v3.4">
      <instance value="1"/>
      <instance value="2"/>
    </driver>
    <driver name="crc" type="stm32"/>
    <driver name="dac" type="stm32">
      <feature value="status"/>
    </driver>
    <driver name="dma" type="stm32-extended">
      <instance value="1"/>
    </driver>
    <driver name="flash" type="stm32-v1.0">
      <latency vcore-min="1200">
        <wait-state ws="0" hclk-max="4200000"/>
        <wait-state ws="1" hclk-max="8000000"/>
      </latency>
      <latency vcore-min="1500">
        <wait-state ws="0" hclk-max="8000000"/>
        <wait-state ws="1" hclk-max="16000000"/>
      </latency>
      <latency vcore-min="1800">
        <wait-state ws="0" hclk-max="16000000"/>
        <wait-state ws="1" hclk-max="32000000"/>
      </latency>
    </driver>
    <driver name="i2c" type="stm32">
      <instance value="1"/>
      <instance value="2"/>
    </driver>
    <driver name="iwdg" type="stm32"/>
    <driver device-name="52" name="lcd" type="stm32-v1.0"/>
    <driver name="rcc" type="stm32-v1.0"/>
    <driver name="rtc" type="stm32-v2.5"/>
    <driver name="spi" type="stm32">
      <instance value="1"/>
      <instance value="2"/>
    </driver>
    <driver name="sys" type="stm32">
      <feature value="exti"/>
    </driver>
    <driver name="tim" type="stm32-basic">
      <instance value="6"/>
      <instance value="7"/>
    </driver>
    <driver name="tim" type="stm32-general-purpose">
      <instance value="2"/>
      <instance value="3"/>
      <instance value="4"/>
      <instance value="9"/>
      <instance value="10"/>
      <instance value="11"/>
    </driver>
    <driver name="ts" type="stm32-v1.0"/>
    <driver name="usart" type="stm32">
      <instance value="1"/>
      <instance value="2"/>
      <instance value="3"/>
    </driver>
    <driver name="usb" type="stm32-v1.2"/>
    <driver name="wwdg" type="stm32-v1.0"/>
    <driver name="gpio" type="stm32">
      <gpio port="a" pin="0">
        <signal driver="adc" name="in0"/>
        <signal driver="comp" instance="1" name="inp"/>
        <signal af="0" driver="sys" name="wkup1"/>
        <signal af="1" driver="tim" instance="2" name="ch1"/>
        <signal af="1" driver="tim" instance="2" name="etr"/>
        <signal af="7" driver="usart" instance="2" name="cts"/>
        <signal af="14" name="timx_ic1"/>
        <signal af="14" driver="ts" name="g1_io1"/>
      </gpio>
      <gpio port="a" pin="1">
        <signal driver="adc" name="in1"/>
        <signal driver="comp" instance="1" name="inp"/>
        <signal af="1" driver="tim" instance="2" name="ch2"/>
        <signal af="7" driver="usart" instance="2" name="rts"/>
        <signal device-name="52" af="11" driver="lcd" name="seg0"/>
        <signal af="14" name="timx_ic2"/>
        <signal af="14" driver="ts" name="g1_io2"/>
      </gpio>
      <gpio port="a" pin="2">
        <signal driver="adc" name="in2"/>
        <signal driver="comp" instance="1" name="inp"/>
        <signal af="1" driver="tim" instance="2" name="ch3"/>
        <signal af="3" driver="tim" instance="9" name="ch1"/>
        <signal af="7" driver="usart" instance="2" name="tx"/>
        <signal device-name="52" af="11" driver="lcd" name="seg1"/>
        <signal af="14" name="timx_ic3"/>
        <signal af="14" driver="ts" name="g1_io3"/>
      </gpio>
      <gpio port="a" pin="3">
        <signal driver="adc" name="in3"/>
        <signal driver="comp" instance="1" name="inp"/>
        <signal af="1" driver="tim" instance="2" name="ch4"/>
        <signal af="3" driver="tim" instance="9" name="ch2"/>
        <signal af="7" driver="usart" instance="2" name="rx"/>
        <signal device-name="52" af="11" driver="lcd" name="seg2"/>
        <signal af="14" name="timx_ic4"/>
        <signal af="14" driver="ts" name="g1_io4"/>
      </gpio>
      <gpio port="a" pin="4">
        <signal driver="adc" name="in4"/>
        <signal driver="comp" instance="1" name="inp"/>
        <signal driver="dac" name="out1"/>
        <signal af="5" driver="spi" instance="1" name="nss"/>
        <signal af="7" driver="usart" instance="2" name="ck"/>
        <signal af="14" name="timx_ic1"/>
      </gpio>
      <gpio port="a" pin="5">
        <signal driver="adc" name="in5"/>
        <signal driver="comp" instance="1" name="inp"/>
        <signal driver="dac" name="out2"/>
        <signal driver="tim" instance="2" name="etr"/>
        <signal af="1" driver="tim" instance="2" name="ch1"/>
        <signal af="5" driver="spi" instance="1" name="sck"/>
        <signal af="14" name="timx_ic2"/>
      </gpio>
      <gpio port="a" pin="6">
        <signal driver="adc" name="in6"/>
        <signal driver="comp" instance="1" name="inp"/>
        <signal af="2" driver="tim" instance="3" name="ch1"/>
        <signal af="3" driver="tim" instance="10" name="ch1"/>
        <signal af="5" driver="spi" instance="1" name="miso"/>
        <signal device-name="52" af="11" driver="lcd" name="seg3"/>
        <signal af="14" name="timx_ic3"/>
        <signal af="14" driver="ts" name="g2_io1"/>
      </gpio>
      <gpio port="a" pin="7">
        <signal driver="adc" name="in7"/>
        <signal driver="comp" instance="1" name="inp"/>
        <signal af="2" driver="tim" instance="3" name="ch2"/>
        <signal af="3" driver="tim" instance="11" name="ch1"/>
        <signal af="5" driver="spi" instance="1" name="mosi"/>
        <signal device-name="52" af="11" driver="lcd" name="seg4"/>
        <signal af="14" name="timx_ic4"/>
        <signal af="14" driver="ts" name="g2_io2"/>
      </gpio>
      <gpio port="a" pin="8">
        <signal af="0" driver="rcc" name="mco"/>
        <signal af="7" driver="usart" instance="1" name="ck"/>
        <signal device-name="52" af="11" driver="lcd" name="com0"/>
        <signal af="14" name="timx_ic1"/>
        <signal af="14" driver="ts" name="g4_io1"/>
      </gpio>
      <gpio port="a" pin="9">
        <signal af="7" driver="usart" instance="1" name="tx"/>
        <signal device-name="52" af="11" driver="lcd" name="com1"/>
        <signal af="14" name="timx_ic2"/>
        <signal af="14" driver="ts" name="g4_io2"/>
      </gpio>
      <gpio port="a" pin="10">
        <signal af="7" driver="usart" instance="1" name="rx"/>
        <signal device-name="52" af="11" driver="lcd" name="com2"/>
        <signal af="14" name="timx_ic3"/>
        <signal af="14" driver="ts" name="g4_io3"/>
      </gpio>
      <gpio port="a" pin="11">
        <signal af="5" driver="spi" instance="1" name="miso"/>
        <signal af="7" driver="usart" instance="1" name="cts"/>
        <signal af="10" driver="usb" name="dm"/>
        <signal af="14" name="timx_ic4"/>
      </gpio>
      <gpio port="a" pin="12">
        <signal af="5" driver="spi" instance="1" name="mosi"/>
        <signal af="7" driver="usart" instance="1" name="rts"/>
        <signal af="10" driver="usb" name="dp"/>
        <signal af="14" name="timx_ic1"/>
      </gpio>
      <gpio port="a" pin="13">
        <signal af="0" driver="sys" name="jtms"/>
        <signal af="0" driver="sys" name="swdio"/>
        <signal af="14" name="timx_ic2"/>
        <signal af="14" driver="ts" name="g5_io1"/>
      </gpio>
      <gpio port="a" pin="14">
        <signal af="0" driver="sys" name="jtck"/>
        <signal af="0" driver="sys" name="swclk"/>
        <signal af="14" name="timx_ic3"/>
        <signal af="14" driver="ts" name="g5_io2"/>
      </gpio>
      <gpio port="a" pin="15">
        <signal driver="tim" instance="2" name="etr"/>
        <signal af="0" driver="sys" name="jtdi"/>
        <signal af="1" driver="tim" instance="2" name="ch1"/>
        <signal af="5" driver="spi" instance="1" name="nss"/>
        <signal device-name="52" af="11" driver="lcd" name="seg17"/>
        <signal af="14" name="timx_ic4"/>
        <signal af="14" driver="ts" name="g5_io3"/>
      </gpio>
      <gpio port="b" pin="0">
        <signal driver="adc" name="in8"/>
        <signal driver="comp" instance="1" name="inp"/>
        <signal driver="sys" name="v_ref_out"/>
        <signal af="2" driver="tim" instance="3" name="ch3"/>
        <signal device-name="52" af="11" driver="lcd" name="seg5"/>
        <signal af="14" driver="ts" name="g3_io1"/>
      </gpio>
      <gpio port="b" pin="1">
        <signal driver="adc" name="in9"/>
        <signal driver="comp" instance="1" name="inp"/>
        <signal driver="sys" name="v_ref_out"/>
        <signal af="2" driver="tim" instance="3" name="ch4"/>
        <signal device-name="52" af="11" driver="lcd" name="seg6"/>
        <signal af="14" driver="ts" name="g3_io2"/>
      </gpio>
      <gpio port="b" pin="2"/>
      <gpio port="b" pin="3">
        <signal driver="comp" instance="2" name="inm"/>
        <signal af="0" driver="sys" name="jtdo"/>
        <signal af="0" driver="sys" name="traceswo"/>
        <signal af="1" driver="tim" instance="2" name="ch2"/>
        <signal af="5" driver="spi" instance="1" name="sck"/>
        <signal device-name="52" af="11" driver="lcd" name="seg7"/>
      </gpio>
      <gpio port="b" pin="4">
        <signal driver="comp" instance="2" name="inp"/>
        <signal af="0" driver="sys" name="jtrst"/>
        <signal af="2" driver="tim" instance="3" name="ch1"/>
        <signal af="5" driver="spi" instance="1" name="miso"/>
        <signal device-name="52" af="11" driver="lcd" name="seg8"/>
        <signal af="14" driver="ts" name="g6_io1"/>
      </gpio>
      <gpio port="b" pin="5">
        <signal driver="comp" instance="2" name="inp"/>
        <signal af="2" driver="tim" instance="3" name="ch2"/>
        <signal af="4" driver="i2c" instance="1" name="smba"/>
        <signal af="5" driver="spi" instance="1" name="mosi"/>
        <signal device-name="52" af="11" driver="lcd" name="seg9"/>
        <signal af="14" driver="ts" name="g6_io2"/>
      </gpio>
      <gpio port="b" pin="6">
        <signal af="2" driver="tim" instance="4" name="ch1"/>
        <signal af="4" driver="i2c" instance="1" name="scl"/>
        <signal af="7" driver="usart" instance="1" name="tx"/>
      </gpio>
      <gpio port="b" pin="7">
        <signal driver="sys" name="pvd_in"/>
        <signal af="2" driver="tim" instance="4" name="ch2"/>
        <signal af="4" driver="i2c" instance="1" name="sda"/>
        <signal af="7" driver="usart" instance="1" name="rx"/>
      </gpio>
      <gpio port="b" pin="8">
        <signal af="2" driver="tim" instance="4" name="ch3"/>
        <signal af="3" driver="tim" instance="10" name="ch1"/>
        <signal af="4" driver="i2c" instance="1" name="scl"/>
        <signal device-name="52" af="11" driver="lcd" name="seg16"/>
      </gpio>
      <gpio port="b" pin="9">
        <signal af="2" driver="tim" instance="4" name="ch4"/>
        <signal af="3" driver="tim" instance="11" name="ch1"/>
        <signal af="4" driver="i2c" instance="1" name="sda"/>
        <signal device-name="52" af="11" driver="lcd" name="com3"/>
      </gpio>
      <gpio port="b" pin="10">
        <signal af="1" driver="tim" instance="2" name="ch3"/>
        <signal af="4" driver="i2c" instance="2" name="scl"/>
        <signal af="7" driver="usart" instance="3" name="tx"/>
        <signal device-name="52" af="11" driver="lcd" name="seg10"/>
      </gpio>
      <gpio port="b" pin="11">
        <signal af="1" driver="tim" instance="2" name="ch4"/>
        <signal af="4" driver="i2c" instance="2" name="sda"/>
        <signal af="7" driver="usart" instance="3" name="rx"/>
        <signal device-name="52" af="11" driver="lcd" name="seg11"/>
      </gpio>
      <gpio port="b" pin="12">
        <signal driver="adc" name="in18"/>
        <signal driver="comp" instance="1" name="inp"/>
        <signal af="3" driver="tim" instance="10" name="ch1"/>
        <signal af="4" driver="i2c" instance="2" name="smba"/>
        <signal af="5" driver="spi" instance="2" name="nss"/>
        <signal af="7" driver="usart" instance="3" name="ck"/>
        <signal device-name="52" af="11" driver="lcd" name="seg12"/>
        <signal af="14" driver="ts" name="g7_io1"/>
      </gpio>
      <gpio port="b" pin="13">
        <signal driver="adc" name="in19"/>
        <signal driver="comp" instance="1" name="inp"/>
        <signal af="3" driver="tim" instance="9" name="ch1"/>
        <signal af="5" driver="spi" instance="2" name="sck"/>
        <signal af="7" driver="usart" instance="3" name="cts"/>
        <signal device-name="52" af="11" driver="lcd" name="seg13"/>
        <signal af="14" driver="ts" name="g7_io2"/>
      </gpio>
      <gpio port="b" pin="14">
        <signal driver="adc" name="in20"/>
        <signal driver="comp" instance="1" name="inp"/>
        <signal af="3" driver="tim" instance="9" name="ch2"/>
        <signal af="5" driver="spi" instance="2" name="miso"/>
        <signal af="7" driver="usart" instance="3" name="rts"/>
        <signal device-name="52" af="11" driver="lcd" name="seg14"/>
        <signal af="14" driver="ts" name="g7_io3"/>
      </gpio>
      <gpio port="b" pin="15">
        <signal driver="adc" name="in21"/>
        <signal driver="comp" instance="1" name="inp"/>
        <signal af="0" driver="rtc" name="refin"/>
        <signal af="3" driver="tim" instance="11" name="ch1"/>
        <signal af="5" driver="spi" instance="2" name="mosi"/>
        <signal device-name="52" af="11" driver="lcd" name="seg15"/>
        <signal af="14" driver="ts" name="g7_io4"/>
      </gpio>
      <gpio device-pin="r|v" port="c" pin="0">
        <signal driver="adc" name="in10"/>
        <signal driver="comp" instance="1" name="inp"/>
        <signal device-name="52" device-pin="r|v" af="11" driver="lcd" name="seg18"/>
        <signal af="14" name="timx_ic1"/>
        <signal af="14" driver="ts" name="g8_io1"/>
      </gpio>
      <gpio device-pin="r|v" port="c" pin="1">
        <signal driver="adc" name="in11"/>
        <signal driver="comp" instance="1" name="inp"/>
        <signal device-name="52" device-pin="r|v" af="11" driver="lcd" name="seg19"/>
        <signal af="14" name="timx_ic2"/>
        <signal af="14" driver="ts" name="g8_io2"/>
      </gpio>
      <gpio device-pin="r|v" port="c" pin="2">
        <signal driver="adc" name="in12"/>
        <signal driver="comp" instance="1" name="inp"/>
        <signal device-name="52" device-pin="r|v" af="11" driver="lcd" name="seg20"/>
        <signal af="14" name="timx_ic3"/>
        <signal af="14" driver="ts" name="g8_io3"/>
      </gpio>
      <gpio device-pin="r" device-package="t" port="c" pin="3">
        <signal driver="adc" name="in13"/>
        <signal driver="comp" instance="1" name="inp"/>
        <signal device-name="52" device-pin="r" device-package="t" af="11" driver="lcd" name="seg21"/>
        <signal device-name="52" device-pin="v" device-package="h|t" af="11" driver="lcd" name="seg21"/>
        <signal af="14" name="timx_ic4"/>
        <signal af="14" driver="ts" name="g8_io4"/>
      </gpio>
      <gpio device-pin="v" device-package="h|t" port="c" pin="3">
        <signal driver="adc" name="in13"/>
        <signal driver="comp" instance="1" name="inp"/>
        <signal device-name="52" device-pin="r" device-package="t" af="11" driver="lcd" name="seg21"/>
        <signal device-name="52" device-pin="v" device-package="h|t" af="11" driver="lcd" name="seg21"/>
        <signal af="14" name="timx_ic4"/>
        <signal af="14" driver="ts" name="g8_io4"/>
      </gpio>
      <gpio device-pin="r|v" port="c" pin="4">
        <signal driver="adc" name="in14"/>
        <signal driver="comp" instance="1" name="inp"/>
        <signal device-name="52" device-pin="r|v" af="11" driver="lcd" name="seg22"/>
        <signal af="14" name="timx_ic1"/>
        <signal af="14" driver="ts" name="g9_io1"/>
      </gpio>
      <gpio device-pin="r|v" port="c" pin="5">
        <signal driver="adc" name="in15"/>
        <signal driver="comp" instance="1" name="inp"/>
        <signal device-name="52" device-pin="r|v" af="11" driver="lcd" name="seg23"/>
        <signal af="14" name="timx_ic2"/>
        <signal af="14" driver="ts" name="g9_io2"/>
      </gpio>
      <gpio device-pin="r|v" port="c" pin="6">
        <signal af="2" driver="tim" instance="3" name="ch1"/>
        <signal device-name="52" device-pin="r|v" af="11" driver="lcd" name="seg24"/>
        <signal af="14" name="timx_ic3"/>
        <signal af="14" driver="ts" name="g10_io1"/>
      </gpio>
      <gpio device-pin="r|v" port="c" pin="7">
        <signal af="2" driver="tim" instance="3" name="ch2"/>
        <signal device-name="52" device-pin="r|v" af="11" driver="lcd" name="seg25"/>
        <signal af="14" name="timx_ic4"/>
        <signal af="14" driver="ts" name="g10_io2"/>
      </gpio>
      <gpio device-pin="r|v" port="c" pin="8">
        <signal af="2" driver="tim" instance="3" name="ch3"/>
        <signal device-name="52" device-pin="r|v" af="11" driver="lcd" name="seg26"/>
        <signal af="14" name="timx_ic1"/>
        <signal af="14" driver="ts" name="g10_io3"/>
      </gpio>
      <gpio device-pin="r|v" port="c" pin="9">
        <signal af="2" driver="tim" instance="3" name="ch4"/>
        <signal device-name="52" device-pin="r|v" af="11" driver="lcd" name="seg27"/>
        <signal af="14" name="timx_ic2"/>
        <signal af="14" driver="ts" name="g10_io4"/>
      </gpio>
      <gpio device-pin="r|v" port="c" pin="10">
        <signal af="7" driver="usart" instance="3" name="tx"/>
        <signal device-name="52" device-pin="r|v" af="11" driver="lcd" name="com4"/>
        <signal device-name="52" device-pin="r|v" af="11" driver="lcd" name="seg28"/>
        <signal device-name="52" device-pin="v" af="11" driver="lcd" name="seg40"/>
        <signal af="14" name="timx_ic3"/>
      </gpio>
      <gpio device-pin="r|v" port="c" pin="11">
        <signal af="7" driver="usart" instance="3" name="rx"/>
        <signal device-name="52" device-pin="r|v" af="11" driver="lcd" name="com5"/>
        <signal device-name="52" device-pin="r|v" af="11" driver="lcd" name="seg29"/>
        <signal device-name="52" device-pin="v" af="11" driver="lcd" name="seg41"/>
        <signal af="14" name="timx_ic4"/>
      </gpio>
      <gpio device-pin="r|v" port="c" pin="12">
        <signal af="7" driver="usart" instance="3" name="ck"/>
        <signal device-name="52" device-pin="r|v" af="11" driver="lcd" name="com6"/>
        <signal device-name="52" device-pin="r|v" af="11" driver="lcd" name="seg30"/>
        <signal device-name="52" device-pin="v" af="11" driver="lcd" name="seg42"/>
        <signal af="14" name="timx_ic1"/>
      </gpio>
      <gpio port="c" pin="13">
        <signal af="0" driver="rtc" name="out_alarm"/>
        <signal af="0" driver="rtc" name="out_calib"/>
        <signal af="0" driver="rtc" name="tamp1"/>
        <signal af="0" driver="rtc" name="ts"/>
        <signal af="0" driver="sys" name="wkup2"/>
        <signal af="14" name="timx_ic2"/>
      </gpio>
      <gpio port="c" pin="14">
        <signal af="0" driver="rcc" name="osc32_in"/>
        <signal af="14" name="timx_ic3"/>
      </gpio>
      <gpio port="c" pin="15">
        <signal af="0" driver="rcc" name="osc32_out"/>
        <signal af="14" name="timx_ic4"/>
      </gpio>
      <gpio device-pin="v" port="d" pin="0">
        <signal af="3" driver="tim" instance="9" name="ch1"/>
        <signal af="5" driver="spi" instance="2" name="nss"/>
        <signal af="14" name="timx_ic1"/>
      </gpio>
      <gpio device-pin="v" port="d" pin="1">
        <signal af="5" driver="spi" instance="2" name="sck"/>
        <signal af="14" name="timx_ic2"/>
      </gpio>
      <gpio device-pin="r|v" port="d" pin="2">
        <signal af="2" driver="tim" instance="3" name="etr"/>
        <signal device-name="52" device-pin="r|v" af="11" driver="lcd" name="com7"/>
        <signal device-name="52" device-pin="r|v" af="11" driver="lcd" name="seg31"/>
        <signal device-name="52" device-pin="v" af="11" driver="lcd" name="seg43"/>
        <signal af="14" name="timx_ic3"/>
      </gpio>
      <gpio device-pin="v" port="d" pin="3">
        <signal af="5" driver="spi" instance="2" name="miso"/>
        <signal af="7" driver="usart" instance="2" name="cts"/>
        <signal af="14" name="timx_ic4"/>
      </gpio>
      <gpio device-pin="v" port="d" pin="4">
        <signal af="5" driver="spi" instance="2" name="mosi"/>
        <signal af="7" driver="usart" instance="2" name="rts"/>
        <signal af="14" name="timx_ic1"/>
      </gpio>
      <gpio device-pin="v" port="d" pin="5">
        <signal af="7" driver="usart" instance="2" name="tx"/>
        <signal af="14" name="timx_ic2"/>
      </gpio>
      <gpio device-pin="v" port="d" pin="6">
        <signal af="7" driver="usart" instance="2" name="rx"/>
        <signal af="14" name="timx_ic3"/>
      </gpio>
      <gpio device-pin="v" port="d" pin="7">
        <signal af="3" driver="tim" instance="9" name="ch2"/>
        <signal af="7" driver="usart" instance="2" name="ck"/>
        <signal af="14" name="timx_ic4"/>
      </gpio>
      <gpio device-pin="v" port="d" pin="8">
        <signal af="7" driver="usart" instance="3" name="tx"/>
        <signal device-name="52" device-size="8|b" device-package="h|t" af="11" driver="lcd" name="seg28"/>
        <signal af="14" name="timx_ic1"/>
      </gpio>
      <gpio device-pin="v" port="d" pin="9">
        <signal af="7" driver="usart" instance="3" name="rx"/>
        <signal device-name="52" device-size="8|b" device-package="h|t" af="11" driver="lcd" name="seg29"/>
        <signal af="14" name="timx_ic2"/>
      </gpio>
      <gpio device-pin="v" port="d" pin="10">
        <signal af="7" driver="usart" instance="3" name="ck"/>
        <signal device-name="52" device-size="8|b" device-package="h|t" af="11" driver="lcd" name="seg30"/>
        <signal af="14" name="timx_ic3"/>
      </gpio>
      <gpio device-pin="v" port="d" pin="11">
        <signal af="7" driver="usart" instance="3" name="cts"/>
        <signal device-name="52" device-size="8|b" device-package="h|t" af="11" driver="lcd" name="seg31"/>
        <signal af="14" name="timx_ic4"/>
      </gpio>
      <gpio device-pin="v" port="d" pin="12">
        <signal af="2" driver="tim" instance="4" name="ch1"/>
        <signal af="7" driver="usart" instance="3" name="rts"/>
        <signal device-name="52" device-size="8|b" device-package="h|t" af="11" driver="lcd" name="seg32"/>
        <signal af="14" name="timx_ic1"/>
      </gpio>
      <gpio device-pin="v" port="d" pin="13">
        <signal af="2" driver="tim" instance="4" name="ch2"/>
        <signal device-name="52" device-size="8|b" device-package="h|t" af="11" driver="lcd" name="seg33"/>
        <signal af="14" name="timx_ic2"/>
      </gpio>
      <gpio device-pin="v" port="d" pin="14">
        <signal af="2" driver="tim" instance="4" name="ch3"/>
        <signal device-name="52" device-size="8|b" device-package="h|t" af="11" driver="lcd" name="seg34"/>
        <signal af="14" name="timx_ic3"/>
      </gpio>
      <gpio device-pin="v" port="d" pin="15">
        <signal af="2" driver="tim" instance="4" name="ch4"/>
        <signal device-name="52" device-size="8|b" device-package="h|t" af="11" driver="lcd" name="seg35"/>
        <signal af="14" name="timx_ic4"/>
      </gpio>
      <gpio device-pin="v" port="e" pin="0">
        <signal af="2" driver="tim" instance="4" name="etr"/>
        <signal af="3" driver="tim" instance="10" name="ch1"/>
        <signal device-name="52" device-size="8|b" device-package="h|t" af="11" driver="lcd" name="seg36"/>
        <signal af="14" name="timx_ic1"/>
      </gpio>
      <gpio device-pin="v" port="e" pin="1">
        <signal af="3" driver="tim" instance="11" name="ch1"/>
        <signal device-name="52" device-size="8|b" device-package="h|t" af="11" driver="lcd" name="seg37"/>
        <signal af="14" name="timx_ic2"/>
      </gpio>
      <gpio device-pin="v" port="e" pin="2">
        <signal af="0" driver="sys" name="traceck"/>
        <signal af="2" driver="tim" instance="3" name="etr"/>
        <signal device-name="52" device-size="8|b" device-package="h|t" af="11" driver="lcd" name="seg38"/>
        <signal af="14" name="timx_ic3"/>
      </gpio>
      <gpio device-pin="v" port="e" pin="3">
        <signal af="0" driver="sys" name="traced0"/>
        <signal af="2" driver="tim" instance="3" name="ch1"/>
        <signal device-name="52" device-size="8|b" device-package="h|t" af="11" driver="lcd" name="seg39"/>
        <signal af="14" name="timx_ic4"/>
      </gpio>
      <gpio device-pin="v" port="e" pin="4">
        <signal af="0" driver="sys" name="traced1"/>
        <signal af="2" driver="tim" instance="3" name="ch2"/>
        <signal af="14" name="timx_ic1"/>
      </gpio>
      <gpio device-pin="v" port="e" pin="5">
        <signal af="0" driver="sys" name="traced2"/>
        <signal af="3" driver="tim" instance="9" name="ch1"/>
        <signal af="14" name="timx_ic2"/>
      </gpio>
      <gpio device-pin="v" port="e" pin="6">
        <signal af="0" driver="sys" name="traced3"/>
        <signal af="0" driver="sys" name="wkup3"/>
        <signal af="3" driver="tim" instance="9" name="ch2"/>
        <signal af="14" name="timx_ic3"/>
      </gpio>
      <gpio device-pin="v" port="e" pin="7">
        <signal driver="adc" name="in22"/>
        <signal driver="comp" instance="1" name="inp"/>
        <signal af="14" name="timx_ic4"/>
      </gpio>
      <gpio device-pin="v" port="e" pin="8">
        <signal driver="adc" name="in23"/>
        <signal driver="comp" instance="1" name="inp"/>
        <signal af="14" name="timx_ic1"/>
      </gpio>
      <gpio device-pin="v" port="e" pin="9">
        <signal driver="adc" name="in24"/>
        <signal driver="comp" instance="1" name="inp"/>
        <signal driver="tim" instance="2" name="etr"/>
        <signal af="1" driver="tim" instance="2" name="ch1"/>
        <signal af="14" name="timx_ic2"/>
      </gpio>
      <gpio device-pin="v" port="e" pin="10">
        <signal driver="adc" name="in25"/>
        <signal driver="comp" instance="1" name="inp"/>
        <signal af="1" driver="tim" instance="2" name="ch2"/>
        <signal af="14" name="timx_ic3"/>
      </gpio>
      <gpio device-pin="v" port="e" pin="11">
        <signal af="1" driver="tim" instance="2" name="ch3"/>
        <signal af="14" name="timx_ic4"/>
      </gpio>
      <gpio device-pin="v" port="e" pin="12">
        <signal af="1" driver="tim" instance="2" name="ch4"/>
        <signal af="5" driver="spi" instance="1" name="nss"/>
        <signal af="14" name="timx_ic1"/>
      </gpio>
      <gpio device-pin="v" port="e" pin="13">
        <signal af="5" driver="spi" instance="1" name="sck"/>
        <signal af="14" name="timx_ic2"/>
      </gpio>
      <gpio device-pin="v" port="e" pin="14">
        <signal af="5" driver="spi" instance="1" name="miso"/>
        <signal af="14" name="timx_ic3"/>
      </gpio>
      <gpio device-pin="v" port="e" pin="15">
        <signal af="5" driver="spi" instance="1" name="mosi"/>
        <signal af="14" name="timx_ic4"/>
      </gpio>
      <gpio port="h" pin="0">
        <signal af="0" driver="rcc" name="osc_in"/>
      </gpio>
      <gpio port="h" pin="1">
        <signal af="0" driver="rcc" name="osc_out"/>
      </gpio>
      <gpio device-pin="v" port="h" pin="2"/>
    </driver>
  </device>
</modm>
