<?xml version='1.0' encoding='UTF-8'?>
<modm version="0.4.0">
  <!-- WARNING: This file is generated by the modm device file generator. Do not edit! -->
  <device platform="stm32" family="f4" name="69|79" pin="a|b|i|n|v|z" size="e|g|i" package="h|t|y">
    <naming-schema>{platform}{family}{name}{pin}{size}{package}</naming-schema>
    <valid-device>stm32f469aeh</valid-device>
    <valid-device>stm32f469aey</valid-device>
    <valid-device>stm32f469agh</valid-device>
    <valid-device>stm32f469agy</valid-device>
    <valid-device>stm32f469aih</valid-device>
    <valid-device>stm32f469aiy</valid-device>
    <valid-device>stm32f469bet</valid-device>
    <valid-device>stm32f469bgt</valid-device>
    <valid-device>stm32f469bit</valid-device>
    <valid-device>stm32f469ieh</valid-device>
    <valid-device>stm32f469iet</valid-device>
    <valid-device>stm32f469igh</valid-device>
    <valid-device>stm32f469igt</valid-device>
    <valid-device>stm32f469iih</valid-device>
    <valid-device>stm32f469iit</valid-device>
    <valid-device>stm32f469neh</valid-device>
    <valid-device>stm32f469ngh</valid-device>
    <valid-device>stm32f469nih</valid-device>
    <valid-device>stm32f469vet</valid-device>
    <valid-device>stm32f469vgt</valid-device>
    <valid-device>stm32f469vit</valid-device>
    <valid-device>stm32f469zet</valid-device>
    <valid-device>stm32f469zgt</valid-device>
    <valid-device>stm32f469zit</valid-device>
    <valid-device>stm32f479agh</valid-device>
    <valid-device>stm32f479agy</valid-device>
    <valid-device>stm32f479aih</valid-device>
    <valid-device>stm32f479aiy</valid-device>
    <valid-device>stm32f479bgt</valid-device>
    <valid-device>stm32f479bit</valid-device>
    <valid-device>stm32f479igh</valid-device>
    <valid-device>stm32f479igt</valid-device>
    <valid-device>stm32f479iih</valid-device>
    <valid-device>stm32f479iit</valid-device>
    <valid-device>stm32f479ngh</valid-device>
    <valid-device>stm32f479nih</valid-device>
    <valid-device>stm32f479vgt</valid-device>
    <valid-device>stm32f479vit</valid-device>
    <valid-device>stm32f479zgt</valid-device>
    <valid-device>stm32f479zit</valid-device>
    <driver name="core" type="cortex-m4f">
      <memory device-size="e" name="flash" access="rx" start="0x8000000" size="524288"/>
      <memory device-size="g" name="flash" access="rx" start="0x8000000" size="1048576"/>
      <memory device-size="i" name="flash" access="rx" start="0x8000000" size="2097152"/>
      <memory name="ccm" access="rw" start="0x10000000" size="65536"/>
      <memory name="sram1" access="rwx" start="0x20000000" size="163840"/>
      <memory name="sram2" access="rwx" start="0x20028000" size="32768"/>
      <memory name="sram3" access="rwx" start="0x20030000" size="131072"/>
      <memory name="backup" access="rwx" start="0x40024000" size="4096"/>
      <vector position="0" name="WWDG"/>
      <vector position="1" name="PVD"/>
      <vector position="2" name="TAMP_STAMP"/>
      <vector position="3" name="RTC_WKUP"/>
      <vector position="4" name="FLASH"/>
      <vector position="5" name="RCC"/>
      <vector position="6" name="EXTI0"/>
      <vector position="7" name="EXTI1"/>
      <vector position="8" name="EXTI2"/>
      <vector position="9" name="EXTI3"/>
      <vector position="10" name="EXTI4"/>
      <vector position="11" name="DMA1_Stream0"/>
      <vector position="12" name="DMA1_Stream1"/>
      <vector position="13" name="DMA1_Stream2"/>
      <vector position="14" name="DMA1_Stream3"/>
      <vector position="15" name="DMA1_Stream4"/>
      <vector position="16" name="DMA1_Stream5"/>
      <vector position="17" name="DMA1_Stream6"/>
      <vector position="18" name="ADC"/>
      <vector position="19" name="CAN1_TX"/>
      <vector position="20" name="CAN1_RX0"/>
      <vector position="21" name="CAN1_RX1"/>
      <vector position="22" name="CAN1_SCE"/>
      <vector position="23" name="EXTI9_5"/>
      <vector position="24" name="TIM1_BRK_TIM9"/>
      <vector position="25" name="TIM1_UP_TIM10"/>
      <vector position="26" name="TIM1_TRG_COM_TIM11"/>
      <vector position="27" name="TIM1_CC"/>
      <vector position="28" name="TIM2"/>
      <vector position="29" name="TIM3"/>
      <vector position="30" name="TIM4"/>
      <vector position="31" name="I2C1_EV"/>
      <vector position="32" name="I2C1_ER"/>
      <vector position="33" name="I2C2_EV"/>
      <vector position="34" name="I2C2_ER"/>
      <vector position="35" name="SPI1"/>
      <vector position="36" name="SPI2"/>
      <vector position="37" name="USART1"/>
      <vector position="38" name="USART2"/>
      <vector position="39" name="USART3"/>
      <vector position="40" name="EXTI15_10"/>
      <vector position="41" name="RTC_Alarm"/>
      <vector position="42" name="OTG_FS_WKUP"/>
      <vector position="43" name="TIM8_BRK_TIM12"/>
      <vector position="44" name="TIM8_UP_TIM13"/>
      <vector position="45" name="TIM8_TRG_COM_TIM14"/>
      <vector position="46" name="TIM8_CC"/>
      <vector position="47" name="DMA1_Stream7"/>
      <vector position="48" name="FMC"/>
      <vector position="49" name="SDIO"/>
      <vector position="50" name="TIM5"/>
      <vector position="51" name="SPI3"/>
      <vector position="52" name="UART4"/>
      <vector position="53" name="UART5"/>
      <vector position="54" name="TIM6_DAC"/>
      <vector position="55" name="TIM7"/>
      <vector position="56" name="DMA2_Stream0"/>
      <vector position="57" name="DMA2_Stream1"/>
      <vector position="58" name="DMA2_Stream2"/>
      <vector position="59" name="DMA2_Stream3"/>
      <vector position="60" name="DMA2_Stream4"/>
      <vector position="61" name="ETH"/>
      <vector position="62" name="ETH_WKUP"/>
      <vector position="63" name="CAN2_TX"/>
      <vector position="64" name="CAN2_RX0"/>
      <vector position="65" name="CAN2_RX1"/>
      <vector position="66" name="CAN2_SCE"/>
      <vector position="67" name="OTG_FS"/>
      <vector position="68" name="DMA2_Stream5"/>
      <vector position="69" name="DMA2_Stream6"/>
      <vector position="70" name="DMA2_Stream7"/>
      <vector position="71" name="USART6"/>
      <vector position="72" name="I2C3_EV"/>
      <vector position="73" name="I2C3_ER"/>
      <vector position="74" name="OTG_HS_EP1_OUT"/>
      <vector position="75" name="OTG_HS_EP1_IN"/>
      <vector position="76" name="OTG_HS_WKUP"/>
      <vector position="77" name="OTG_HS"/>
      <vector position="78" name="DCMI"/>
      <vector device-name="79" position="79" name="CRYP"/>
      <vector position="80" name="HASH_RNG"/>
      <vector position="81" name="FPU"/>
      <vector position="82" name="UART7"/>
      <vector position="83" name="UART8"/>
      <vector position="84" name="SPI4"/>
      <vector position="85" name="SPI5"/>
      <vector position="86" name="SPI6"/>
      <vector position="87" name="SAI1"/>
      <vector position="88" name="LTDC"/>
      <vector position="89" name="LTDC_ER"/>
      <vector position="90" name="DMA2D"/>
      <vector position="91" name="QUADSPI"/>
      <vector position="92" name="DSI"/>
    </driver>
    <driver name="adc" type="stm32">
      <instance value="1"/>
      <instance value="2"/>
      <instance value="3"/>
    </driver>
    <driver name="can" type="stm32">
      <feature value="filter-28"/>
      <instance value="1"/>
      <instance value="2"/>
    </driver>
    <driver name="crc" type="stm32"/>
    <driver device-name="79" name="cryp" type="stm32-v2.2"/>
    <driver name="dac" type="stm32">
      <feature value="status"/>
    </driver>
    <driver name="dcmi" type="stm32"/>
    <driver name="dma" type="stm32-extended">
      <instance value="1"/>
      <instance value="2"/>
    </driver>
    <driver name="dma2d" type="stm32"/>
    <driver name="dsihost" type="stm32-v1.0"/>
    <driver device-pin="b|i|n" name="eth" type="stm32-v2.0"/>
    <driver name="flash" type="stm32-v1.0">
      <latency vcore-min="1800">
        <wait-state ws="0" hclk-max="20000000"/>
        <wait-state ws="1" hclk-max="40000000"/>
        <wait-state ws="2" hclk-max="60000000"/>
        <wait-state ws="3" hclk-max="80000000"/>
        <wait-state ws="4" hclk-max="100000000"/>
        <wait-state ws="5" hclk-max="120000000"/>
        <wait-state ws="6" hclk-max="140000000"/>
        <wait-state ws="7" hclk-max="160000000"/>
        <wait-state ws="8" hclk-max="168000000"/>
      </latency>
      <latency vcore-min="2100">
        <wait-state ws="0" hclk-max="22000000"/>
        <wait-state ws="1" hclk-max="44000000"/>
        <wait-state ws="2" hclk-max="66000000"/>
        <wait-state ws="3" hclk-max="88000000"/>
        <wait-state ws="4" hclk-max="110000000"/>
        <wait-state ws="5" hclk-max="132000000"/>
        <wait-state ws="6" hclk-max="154000000"/>
        <wait-state ws="7" hclk-max="176000000"/>
        <wait-state ws="8" hclk-max="180000000"/>
      </latency>
      <latency vcore-min="2400">
        <wait-state ws="0" hclk-max="24000000"/>
        <wait-state ws="1" hclk-max="48000000"/>
        <wait-state ws="2" hclk-max="72000000"/>
        <wait-state ws="3" hclk-max="96000000"/>
        <wait-state ws="4" hclk-max="120000000"/>
        <wait-state ws="5" hclk-max="144000000"/>
        <wait-state ws="6" hclk-max="168000000"/>
        <wait-state ws="7" hclk-max="180000000"/>
      </latency>
      <latency vcore-min="2700">
        <wait-state ws="0" hclk-max="30000000"/>
        <wait-state ws="1" hclk-max="60000000"/>
        <wait-state ws="2" hclk-max="90000000"/>
        <wait-state ws="3" hclk-max="120000000"/>
        <wait-state ws="4" hclk-max="150000000"/>
        <wait-state ws="5" hclk-max="180000000"/>
      </latency>
    </driver>
    <driver name="fmc" type="stm32-v2.0"/>
    <driver device-name="79" name="hash" type="stm32-v2.0"/>
    <driver name="i2c" type="stm32">
      <feature value="dnf"/>
      <instance value="1"/>
      <instance value="2"/>
      <instance value="3"/>
    </driver>
    <driver name="i2s" type="stm32-v2.3">
      <instance value="2"/>
      <instance value="3"/>
    </driver>
    <driver name="iwdg" type="stm32"/>
    <driver name="ltdc" type="stm32-v1.1"/>
    <driver name="quadspi" type="stm32-v1.0"/>
    <driver name="rcc" type="stm32-v1.0"/>
    <driver name="rng" type="stm32"/>
    <driver name="rtc" type="stm32-v2.3"/>
    <driver name="sai" type="stm32-v1.1">
      <instance value="1"/>
    </driver>
    <driver name="sdio" type="stm32"/>
    <driver name="spi" type="stm32">
      <instance value="1"/>
      <instance value="2"/>
      <instance value="3"/>
      <instance value="4"/>
      <instance device-pin="b|i|n" value="5"/>
      <instance device-pin="a|b|i|n" value="6"/>
    </driver>
    <driver name="sys" type="stm32">
      <feature value="exti"/>
    </driver>
    <driver name="tim" type="stm32-advanced">
      <instance value="1"/>
      <instance value="8"/>
    </driver>
    <driver name="tim" type="stm32-basic">
      <instance value="6"/>
      <instance value="7"/>
    </driver>
    <driver name="tim" type="stm32-general-purpose">
      <instance value="2"/>
      <instance value="3"/>
      <instance value="4"/>
      <instance value="5"/>
      <instance value="9"/>
      <instance value="10"/>
      <instance value="11"/>
      <instance value="12"/>
      <instance value="13"/>
      <instance value="14"/>
    </driver>
    <driver name="uart" type="stm32">
      <feature value="over8"/>
      <instance value="4"/>
      <instance value="5"/>
      <instance value="7"/>
      <instance device-pin="a|b|i|n|z" value="8"/>
    </driver>
    <driver name="usart" type="stm32">
      <feature value="over8"/>
      <instance value="1"/>
      <instance value="2"/>
      <instance value="3"/>
      <instance value="6"/>
    </driver>
    <driver name="usb_otg_fs" type="stm32-v2.1"/>
    <driver name="usb_otg_hs" type="stm32-v2.0"/>
    <driver name="wwdg" type="stm32-v1.0"/>
    <driver name="gpio" type="stm32">
      <gpio port="a" pin="0">
        <signal driver="adc" instance="1" name="in0"/>
        <signal driver="adc" instance="2" name="in0"/>
        <signal driver="adc" instance="3" name="in0"/>
        <signal driver="sys" name="wkup"/>
        <signal af="1" driver="tim" instance="2" name="ch1"/>
        <signal af="1" driver="tim" instance="2" name="etr"/>
        <signal af="2" driver="tim" instance="5" name="ch1"/>
        <signal af="3" driver="tim" instance="8" name="etr"/>
        <signal af="7" driver="usart" instance="2" name="cts"/>
        <signal af="8" driver="uart" instance="4" name="tx"/>
        <signal device-pin="b|i|n" af="11" driver="eth" name="crs"/>
      </gpio>
      <gpio port="a" pin="1">
        <signal driver="adc" instance="1" name="in1"/>
        <signal driver="adc" instance="2" name="in1"/>
        <signal driver="adc" instance="3" name="in1"/>
        <signal af="1" driver="tim" instance="2" name="ch2"/>
        <signal af="2" driver="tim" instance="5" name="ch2"/>
        <signal af="7" driver="usart" instance="2" name="rts"/>
        <signal af="8" driver="uart" instance="4" name="rx"/>
        <signal af="9" driver="quadspi" name="bk1_io3"/>
        <signal device-pin="b|i|n" af="11" driver="eth" name="ref_clk"/>
        <signal device-pin="b|i|n" af="11" driver="eth" name="rx_clk"/>
        <signal af="14" driver="ltdc" name="r2"/>
      </gpio>
      <gpio port="a" pin="2">
        <signal driver="adc" instance="1" name="in2"/>
        <signal driver="adc" instance="2" name="in2"/>
        <signal driver="adc" instance="3" name="in2"/>
        <signal af="1" driver="tim" instance="2" name="ch3"/>
        <signal af="2" driver="tim" instance="5" name="ch3"/>
        <signal af="3" driver="tim" instance="9" name="ch1"/>
        <signal af="7" driver="usart" instance="2" name="tx"/>
        <signal device-pin="b|i|n" af="11" driver="eth" name="mdio"/>
        <signal af="14" driver="ltdc" name="r1"/>
      </gpio>
      <gpio port="a" pin="3">
        <signal driver="adc" instance="1" name="in3"/>
        <signal driver="adc" instance="2" name="in3"/>
        <signal driver="adc" instance="3" name="in3"/>
        <signal af="1" driver="tim" instance="2" name="ch4"/>
        <signal af="2" driver="tim" instance="5" name="ch4"/>
        <signal af="3" driver="tim" instance="9" name="ch2"/>
        <signal af="7" driver="usart" instance="2" name="rx"/>
        <signal af="9" driver="ltdc" name="b2"/>
        <signal af="10" driver="usb_otg_hs" name="ulpi_d0"/>
        <signal device-pin="b|i|n" af="11" driver="eth" name="col"/>
        <signal af="14" driver="ltdc" name="b5"/>
      </gpio>
      <gpio port="a" pin="4">
        <signal driver="adc" instance="1" name="in4"/>
        <signal driver="adc" instance="2" name="in4"/>
        <signal driver="dac" name="out1"/>
        <signal af="5" driver="spi" instance="1" name="nss"/>
        <signal af="6" driver="i2s" instance="3" name="ws"/>
        <signal af="6" driver="spi" instance="3" name="nss"/>
        <signal af="7" driver="usart" instance="2" name="ck"/>
        <signal af="12" driver="usb_otg_hs" name="sof"/>
        <signal af="13" driver="dcmi" name="hsync"/>
        <signal af="14" driver="ltdc" name="vsync"/>
      </gpio>
      <gpio port="a" pin="5">
        <signal driver="adc" instance="1" name="in5"/>
        <signal driver="adc" instance="2" name="in5"/>
        <signal driver="dac" name="out2"/>
        <signal af="1" driver="tim" instance="2" name="ch1"/>
        <signal af="1" driver="tim" instance="2" name="etr"/>
        <signal af="3" driver="tim" instance="8" name="ch1n"/>
        <signal af="5" driver="spi" instance="1" name="sck"/>
        <signal af="10" driver="usb_otg_hs" name="ulpi_ck"/>
        <signal af="14" driver="ltdc" name="r4"/>
      </gpio>
      <gpio port="a" pin="6">
        <signal driver="adc" instance="1" name="in6"/>
        <signal driver="adc" instance="2" name="in6"/>
        <signal af="1" driver="tim" instance="1" name="bkin"/>
        <signal af="2" driver="tim" instance="3" name="ch1"/>
        <signal af="3" driver="tim" instance="8" name="bkin"/>
        <signal af="5" driver="spi" instance="1" name="miso"/>
        <signal af="9" driver="tim" instance="13" name="ch1"/>
        <signal af="13" driver="dcmi" name="pixclk"/>
        <signal af="14" driver="ltdc" name="g2"/>
      </gpio>
      <gpio port="a" pin="7">
        <signal driver="adc" instance="1" name="in7"/>
        <signal driver="adc" instance="2" name="in7"/>
        <signal af="1" driver="tim" instance="1" name="ch1n"/>
        <signal af="2" driver="tim" instance="3" name="ch2"/>
        <signal af="3" driver="tim" instance="8" name="ch1n"/>
        <signal af="5" driver="spi" instance="1" name="mosi"/>
        <signal af="9" driver="tim" instance="14" name="ch1"/>
        <signal af="10" driver="quadspi" name="clk"/>
        <signal device-pin="b|i|n" af="11" driver="eth" name="crs_dv"/>
        <signal device-pin="b|i|n" af="11" driver="eth" name="rx_dv"/>
      </gpio>
      <gpio port="a" pin="8">
        <signal af="0" driver="rcc" name="mco_1"/>
        <signal af="1" driver="tim" instance="1" name="ch1"/>
        <signal af="4" driver="i2c" instance="3" name="scl"/>
        <signal af="7" driver="usart" instance="1" name="ck"/>
        <signal af="10" driver="usb_otg_fs" name="sof"/>
        <signal af="14" driver="ltdc" name="r6"/>
      </gpio>
      <gpio port="a" pin="9">
        <signal driver="usb_otg_fs" name="vbus"/>
        <signal af="1" driver="tim" instance="1" name="ch2"/>
        <signal af="4" driver="i2c" instance="3" name="smba"/>
        <signal af="5" driver="i2s" instance="2" name="ck"/>
        <signal af="5" driver="spi" instance="2" name="sck"/>
        <signal af="7" driver="usart" instance="1" name="tx"/>
        <signal af="13" driver="dcmi" name="d0"/>
      </gpio>
      <gpio port="a" pin="10">
        <signal af="1" driver="tim" instance="1" name="ch3"/>
        <signal af="7" driver="usart" instance="1" name="rx"/>
        <signal af="10" driver="usb_otg_fs" name="id"/>
        <signal af="13" driver="dcmi" name="d1"/>
      </gpio>
      <gpio port="a" pin="11">
        <signal af="1" driver="tim" instance="1" name="ch4"/>
        <signal af="7" driver="usart" instance="1" name="cts"/>
        <signal af="9" driver="can" instance="1" name="rx"/>
        <signal af="10" driver="usb_otg_fs" name="dm"/>
        <signal af="14" driver="ltdc" name="r4"/>
      </gpio>
      <gpio port="a" pin="12">
        <signal af="1" driver="tim" instance="1" name="etr"/>
        <signal af="7" driver="usart" instance="1" name="rts"/>
        <signal af="9" driver="can" instance="1" name="tx"/>
        <signal af="10" driver="usb_otg_fs" name="dp"/>
        <signal af="14" driver="ltdc" name="r5"/>
      </gpio>
      <gpio port="a" pin="13">
        <signal af="0" driver="sys" name="jtms"/>
        <signal af="0" driver="sys" name="swdio"/>
      </gpio>
      <gpio port="a" pin="14">
        <signal af="0" driver="sys" name="jtck"/>
        <signal af="0" driver="sys" name="swclk"/>
      </gpio>
      <gpio port="a" pin="15">
        <signal af="0" driver="sys" name="jtdi"/>
        <signal af="1" driver="tim" instance="2" name="ch1"/>
        <signal af="1" driver="tim" instance="2" name="etr"/>
        <signal af="5" driver="spi" instance="1" name="nss"/>
        <signal af="6" driver="i2s" instance="3" name="ws"/>
        <signal af="6" driver="spi" instance="3" name="nss"/>
      </gpio>
      <gpio port="b" pin="0">
        <signal driver="adc" instance="1" name="in8"/>
        <signal driver="adc" instance="2" name="in8"/>
        <signal af="1" driver="tim" instance="1" name="ch2n"/>
        <signal af="2" driver="tim" instance="3" name="ch3"/>
        <signal af="3" driver="tim" instance="8" name="ch2n"/>
        <signal af="9" driver="ltdc" name="r3"/>
        <signal af="10" driver="usb_otg_hs" name="ulpi_d1"/>
        <signal device-pin="b|i|n" af="11" driver="eth" name="rxd2"/>
        <signal af="14" driver="ltdc" name="g1"/>
      </gpio>
      <gpio port="b" pin="1">
        <signal driver="adc" instance="1" name="in9"/>
        <signal driver="adc" instance="2" name="in9"/>
        <signal af="1" driver="tim" instance="1" name="ch3n"/>
        <signal af="2" driver="tim" instance="3" name="ch4"/>
        <signal af="3" driver="tim" instance="8" name="ch3n"/>
        <signal af="9" driver="ltdc" name="r6"/>
        <signal af="10" driver="usb_otg_hs" name="ulpi_d2"/>
        <signal device-pin="b|i|n" af="11" driver="eth" name="rxd3"/>
        <signal af="14" driver="ltdc" name="g0"/>
      </gpio>
      <gpio port="b" pin="2"/>
      <gpio port="b" pin="3">
        <signal af="0" driver="sys" name="jtdo"/>
        <signal af="0" driver="sys" name="swo"/>
        <signal af="1" driver="tim" instance="2" name="ch2"/>
        <signal af="5" driver="spi" instance="1" name="sck"/>
        <signal af="6" driver="i2s" instance="3" name="ck"/>
        <signal af="6" driver="spi" instance="3" name="sck"/>
      </gpio>
      <gpio port="b" pin="4">
        <signal af="0" driver="sys" name="jtrst"/>
        <signal af="2" driver="tim" instance="3" name="ch1"/>
        <signal af="5" driver="spi" instance="1" name="miso"/>
        <signal af="6" driver="spi" instance="3" name="miso"/>
        <signal af="7" driver="i2s" instance="3" name="ext_sd"/>
      </gpio>
      <gpio port="b" pin="5">
        <signal af="2" driver="tim" instance="3" name="ch2"/>
        <signal af="4" driver="i2c" instance="1" name="smba"/>
        <signal af="5" driver="spi" instance="1" name="mosi"/>
        <signal af="6" driver="i2s" instance="3" name="sd"/>
        <signal af="6" driver="spi" instance="3" name="mosi"/>
        <signal af="9" driver="can" instance="2" name="rx"/>
        <signal af="10" driver="usb_otg_hs" name="ulpi_d7"/>
        <signal device-pin="b|i|n" af="11" driver="eth" name="pps_out"/>
        <signal af="12" driver="fmc" name="sdcke1"/>
        <signal af="13" driver="dcmi" name="d10"/>
        <signal af="14" driver="ltdc" name="g7"/>
      </gpio>
      <gpio port="b" pin="6">
        <signal af="2" driver="tim" instance="4" name="ch1"/>
        <signal af="4" driver="i2c" instance="1" name="scl"/>
        <signal af="7" driver="usart" instance="1" name="tx"/>
        <signal af="9" driver="can" instance="2" name="tx"/>
        <signal af="10" driver="quadspi" name="bk1_ncs"/>
        <signal af="12" driver="fmc" name="sdne1"/>
        <signal af="13" driver="dcmi" name="d5"/>
      </gpio>
      <gpio port="b" pin="7">
        <signal af="2" driver="tim" instance="4" name="ch2"/>
        <signal af="4" driver="i2c" instance="1" name="sda"/>
        <signal af="7" driver="usart" instance="1" name="rx"/>
        <signal af="12" driver="fmc" name="nl"/>
        <signal af="13" driver="dcmi" name="vsync"/>
      </gpio>
      <gpio port="b" pin="8">
        <signal af="2" driver="tim" instance="4" name="ch3"/>
        <signal af="3" driver="tim" instance="10" name="ch1"/>
        <signal af="4" driver="i2c" instance="1" name="scl"/>
        <signal af="9" driver="can" instance="1" name="rx"/>
        <signal device-pin="b|i|n" af="11" driver="eth" name="txd3"/>
        <signal af="12" driver="sdio" name="d4"/>
        <signal af="13" driver="dcmi" name="d6"/>
        <signal af="14" driver="ltdc" name="b6"/>
      </gpio>
      <gpio port="b" pin="9">
        <signal af="2" driver="tim" instance="4" name="ch4"/>
        <signal af="3" driver="tim" instance="11" name="ch1"/>
        <signal af="4" driver="i2c" instance="1" name="sda"/>
        <signal af="5" driver="i2s" instance="2" name="ws"/>
        <signal af="5" driver="spi" instance="2" name="nss"/>
        <signal af="9" driver="can" instance="1" name="tx"/>
        <signal af="12" driver="sdio" name="d5"/>
        <signal af="13" driver="dcmi" name="d7"/>
        <signal af="14" driver="ltdc" name="b7"/>
      </gpio>
      <gpio port="b" pin="10">
        <signal af="1" driver="tim" instance="2" name="ch3"/>
        <signal af="4" driver="i2c" instance="2" name="scl"/>
        <signal af="5" driver="i2s" instance="2" name="ck"/>
        <signal af="5" driver="spi" instance="2" name="sck"/>
        <signal af="7" driver="usart" instance="3" name="tx"/>
        <signal af="9" driver="quadspi" name="bk1_ncs"/>
        <signal af="10" driver="usb_otg_hs" name="ulpi_d3"/>
        <signal device-pin="b|i|n" af="11" driver="eth" name="rx_er"/>
        <signal af="14" driver="ltdc" name="g4"/>
      </gpio>
      <gpio port="b" pin="11">
        <signal af="1" driver="tim" instance="2" name="ch4"/>
        <signal af="4" driver="i2c" instance="2" name="sda"/>
        <signal af="7" driver="usart" instance="3" name="rx"/>
        <signal af="10" driver="usb_otg_hs" name="ulpi_d4"/>
        <signal device-pin="b|i|n" af="11" driver="eth" name="tx_en"/>
        <signal af="13" driver="dsihost" name="te"/>
        <signal af="14" driver="ltdc" name="g5"/>
      </gpio>
      <gpio port="b" pin="12">
        <signal af="1" driver="tim" instance="1" name="bkin"/>
        <signal af="4" driver="i2c" instance="2" name="smba"/>
        <signal af="5" driver="i2s" instance="2" name="ws"/>
        <signal af="5" driver="spi" instance="2" name="nss"/>
        <signal af="7" driver="usart" instance="3" name="ck"/>
        <signal af="9" driver="can" instance="2" name="rx"/>
        <signal af="10" driver="usb_otg_hs" name="ulpi_d5"/>
        <signal device-pin="b|i|n" af="11" driver="eth" name="txd0"/>
        <signal af="12" driver="usb_otg_hs" name="id"/>
      </gpio>
      <gpio port="b" pin="13">
        <signal driver="usb_otg_hs" name="vbus"/>
        <signal af="1" driver="tim" instance="1" name="ch1n"/>
        <signal af="5" driver="i2s" instance="2" name="ck"/>
        <signal af="5" driver="spi" instance="2" name="sck"/>
        <signal af="7" driver="usart" instance="3" name="cts"/>
        <signal af="9" driver="can" instance="2" name="tx"/>
        <signal af="10" driver="usb_otg_hs" name="ulpi_d6"/>
        <signal device-pin="b|i|n" af="11" driver="eth" name="txd1"/>
      </gpio>
      <gpio port="b" pin="14">
        <signal af="1" driver="tim" instance="1" name="ch2n"/>
        <signal af="3" driver="tim" instance="8" name="ch2n"/>
        <signal af="5" driver="spi" instance="2" name="miso"/>
        <signal af="6" driver="i2s" instance="2" name="ext_sd"/>
        <signal af="7" driver="usart" instance="3" name="rts"/>
        <signal af="9" driver="tim" instance="12" name="ch1"/>
        <signal af="12" driver="usb_otg_hs" name="dm"/>
      </gpio>
      <gpio port="b" pin="15">
        <signal af="0" driver="rtc" name="refin"/>
        <signal af="1" driver="tim" instance="1" name="ch3n"/>
        <signal af="3" driver="tim" instance="8" name="ch3n"/>
        <signal af="5" driver="i2s" instance="2" name="sd"/>
        <signal af="5" driver="spi" instance="2" name="mosi"/>
        <signal af="9" driver="tim" instance="12" name="ch2"/>
        <signal af="12" driver="usb_otg_hs" name="dp"/>
      </gpio>
      <gpio port="c" pin="0">
        <signal driver="adc" instance="1" name="in10"/>
        <signal driver="adc" instance="2" name="in10"/>
        <signal driver="adc" instance="3" name="in10"/>
        <signal af="10" driver="usb_otg_hs" name="ulpi_stp"/>
        <signal af="12" driver="fmc" name="sdnwe"/>
        <signal af="14" driver="ltdc" name="r5"/>
      </gpio>
      <gpio port="c" pin="1">
        <signal driver="adc" instance="1" name="in11"/>
        <signal driver="adc" instance="2" name="in11"/>
        <signal driver="adc" instance="3" name="in11"/>
        <signal af="0" driver="sys" name="traced0"/>
        <signal af="5" driver="i2s" instance="2" name="sd"/>
        <signal af="5" driver="spi" instance="2" name="mosi"/>
        <signal af="6" driver="sai" instance="1" name="sd_a"/>
        <signal device-pin="b|i|n" af="11" driver="eth" name="mdc"/>
      </gpio>
      <gpio device-pin="b|i|n|v|z" port="c" pin="2">
        <signal driver="adc" instance="1" name="in12"/>
        <signal driver="adc" instance="2" name="in12"/>
        <signal driver="adc" instance="3" name="in12"/>
        <signal af="5" driver="spi" instance="2" name="miso"/>
        <signal af="6" driver="i2s" instance="2" name="ext_sd"/>
        <signal af="10" driver="usb_otg_hs" name="ulpi_dir"/>
        <signal device-pin="b|i|n" af="11" driver="eth" name="txd2"/>
        <signal af="12" driver="fmc" name="sdne0"/>
      </gpio>
      <gpio device-pin="b|i|n|v|z" port="c" pin="3">
        <signal driver="adc" instance="1" name="in13"/>
        <signal driver="adc" instance="2" name="in13"/>
        <signal driver="adc" instance="3" name="in13"/>
        <signal af="5" driver="i2s" instance="2" name="sd"/>
        <signal af="5" driver="spi" instance="2" name="mosi"/>
        <signal af="10" driver="usb_otg_hs" name="ulpi_nxt"/>
        <signal device-pin="b|i|n" af="11" driver="eth" name="tx_clk"/>
        <signal af="12" driver="fmc" name="sdcke0"/>
      </gpio>
      <gpio device-pin="b|i|n|z" port="c" pin="4">
        <signal driver="adc" instance="1" name="in14"/>
        <signal driver="adc" instance="2" name="in14"/>
        <signal device-pin="b|i|n" af="11" driver="eth" name="rxd0"/>
        <signal af="12" driver="fmc" name="sdne0"/>
      </gpio>
      <gpio device-pin="b|i|n|z" port="c" pin="5">
        <signal driver="adc" instance="1" name="in15"/>
        <signal driver="adc" instance="2" name="in15"/>
        <signal device-pin="b|i|n" af="11" driver="eth" name="rxd1"/>
        <signal af="12" driver="fmc" name="sdcke0"/>
      </gpio>
      <gpio port="c" pin="6">
        <signal af="2" driver="tim" instance="3" name="ch1"/>
        <signal af="3" driver="tim" instance="8" name="ch1"/>
        <signal af="5" driver="i2s" instance="2" name="mck"/>
        <signal af="8" driver="usart" instance="6" name="tx"/>
        <signal af="12" driver="sdio" name="d6"/>
        <signal af="13" driver="dcmi" name="d0"/>
        <signal af="14" driver="ltdc" name="hsync"/>
      </gpio>
      <gpio port="c" pin="7">
        <signal af="2" driver="tim" instance="3" name="ch2"/>
        <signal af="3" driver="tim" instance="8" name="ch2"/>
        <signal af="6" driver="i2s" instance="3" name="mck"/>
        <signal af="8" driver="usart" instance="6" name="rx"/>
        <signal af="12" driver="sdio" name="d7"/>
        <signal af="13" driver="dcmi" name="d1"/>
        <signal af="14" driver="ltdc" name="g6"/>
      </gpio>
      <gpio port="c" pin="8">
        <signal af="0" driver="sys" name="traced1"/>
        <signal af="2" driver="tim" instance="3" name="ch3"/>
        <signal af="3" driver="tim" instance="8" name="ch3"/>
        <signal af="8" driver="usart" instance="6" name="ck"/>
        <signal af="12" driver="sdio" name="d0"/>
        <signal af="13" driver="dcmi" name="d2"/>
      </gpio>
      <gpio port="c" pin="9">
        <signal af="0" driver="rcc" name="mco_2"/>
        <signal af="2" driver="tim" instance="3" name="ch4"/>
        <signal af="3" driver="tim" instance="8" name="ch4"/>
        <signal af="4" driver="i2c" instance="3" name="sda"/>
        <signal af="5" driver="i2s" name="ckin"/>
        <signal af="9" driver="quadspi" name="bk1_io0"/>
        <signal af="12" driver="sdio" name="d1"/>
        <signal af="13" driver="dcmi" name="d3"/>
      </gpio>
      <gpio port="c" pin="10">
        <signal af="6" driver="i2s" instance="3" name="ck"/>
        <signal af="6" driver="spi" instance="3" name="sck"/>
        <signal af="7" driver="usart" instance="3" name="tx"/>
        <signal af="8" driver="uart" instance="4" name="tx"/>
        <signal af="9" driver="quadspi" name="bk1_io1"/>
        <signal af="12" driver="sdio" name="d2"/>
        <signal af="13" driver="dcmi" name="d8"/>
        <signal af="14" driver="ltdc" name="r2"/>
      </gpio>
      <gpio port="c" pin="11">
        <signal af="5" driver="i2s" instance="3" name="ext_sd"/>
        <signal af="6" driver="spi" instance="3" name="miso"/>
        <signal af="7" driver="usart" instance="3" name="rx"/>
        <signal af="8" driver="uart" instance="4" name="rx"/>
        <signal af="9" driver="quadspi" name="bk2_ncs"/>
        <signal af="12" driver="sdio" name="d3"/>
        <signal af="13" driver="dcmi" name="d4"/>
      </gpio>
      <gpio port="c" pin="12">
        <signal af="0" driver="sys" name="traced3"/>
        <signal af="6" driver="i2s" instance="3" name="sd"/>
        <signal af="6" driver="spi" instance="3" name="mosi"/>
        <signal af="7" driver="usart" instance="3" name="ck"/>
        <signal af="8" driver="uart" instance="5" name="tx"/>
        <signal af="12" driver="sdio" name="ck"/>
        <signal af="13" driver="dcmi" name="d9"/>
      </gpio>
      <gpio port="c" pin="13">
        <signal driver="rtc" name="af1"/>
      </gpio>
      <gpio port="c" pin="14">
        <signal driver="rcc" name="osc32_in"/>
      </gpio>
      <gpio port="c" pin="15">
        <signal driver="rcc" name="osc32_out"/>
      </gpio>
      <gpio port="d" pin="0">
        <signal af="9" driver="can" instance="1" name="rx"/>
        <signal af="12" driver="fmc" name="d2"/>
        <signal af="12" driver="fmc" name="da2"/>
      </gpio>
      <gpio port="d" pin="1">
        <signal af="9" driver="can" instance="1" name="tx"/>
        <signal af="12" driver="fmc" name="d3"/>
        <signal af="12" driver="fmc" name="da3"/>
      </gpio>
      <gpio port="d" pin="2">
        <signal af="0" driver="sys" name="traced2"/>
        <signal af="2" driver="tim" instance="3" name="etr"/>
        <signal af="8" driver="uart" instance="5" name="rx"/>
        <signal af="12" driver="sdio" name="cmd"/>
        <signal af="13" driver="dcmi" name="d11"/>
      </gpio>
      <gpio port="d" pin="3">
        <signal af="5" driver="i2s" instance="2" name="ck"/>
        <signal af="5" driver="spi" instance="2" name="sck"/>
        <signal af="7" driver="usart" instance="2" name="cts"/>
        <signal af="12" driver="fmc" name="clk"/>
        <signal af="13" driver="dcmi" name="d5"/>
        <signal af="14" driver="ltdc" name="g7"/>
      </gpio>
      <gpio port="d" pin="4">
        <signal af="7" driver="usart" instance="2" name="rts"/>
        <signal af="12" driver="fmc" name="noe"/>
      </gpio>
      <gpio port="d" pin="5">
        <signal af="7" driver="usart" instance="2" name="tx"/>
        <signal af="12" driver="fmc" name="nwe"/>
      </gpio>
      <gpio port="d" pin="6">
        <signal af="5" driver="i2s" instance="3" name="sd"/>
        <signal af="5" driver="spi" instance="3" name="mosi"/>
        <signal af="6" driver="sai" instance="1" name="sd_a"/>
        <signal af="7" driver="usart" instance="2" name="rx"/>
        <signal af="12" driver="fmc" name="nwait"/>
        <signal af="13" driver="dcmi" name="d10"/>
        <signal af="14" driver="ltdc" name="b2"/>
      </gpio>
      <gpio device-pin="a|b|i|n|v" port="d" pin="7">
        <signal af="7" driver="usart" instance="2" name="ck"/>
        <signal af="12" driver="fmc" name="ne1"/>
      </gpio>
      <gpio port="d" pin="8">
        <signal af="7" driver="usart" instance="3" name="tx"/>
        <signal af="12" driver="fmc" name="d13"/>
        <signal af="12" driver="fmc" name="da13"/>
      </gpio>
      <gpio port="d" pin="9">
        <signal af="7" driver="usart" instance="3" name="rx"/>
        <signal af="12" driver="fmc" name="d14"/>
        <signal af="12" driver="fmc" name="da14"/>
      </gpio>
      <gpio port="d" pin="10">
        <signal af="7" driver="usart" instance="3" name="ck"/>
        <signal af="12" driver="fmc" name="d15"/>
        <signal af="12" driver="fmc" name="da15"/>
        <signal af="14" driver="ltdc" name="b3"/>
      </gpio>
      <gpio device-pin="a|b|i|n|z" port="d" pin="11">
        <signal af="7" driver="usart" instance="3" name="cts"/>
        <signal af="9" driver="quadspi" name="bk1_io0"/>
        <signal af="12" driver="fmc" name="a16"/>
        <signal af="12" driver="fmc" name="cle"/>
      </gpio>
      <gpio device-pin="a|b|i|n|z" port="d" pin="12">
        <signal af="2" driver="tim" instance="4" name="ch1"/>
        <signal af="7" driver="usart" instance="3" name="rts"/>
        <signal af="9" driver="quadspi" name="bk1_io1"/>
        <signal af="12" driver="fmc" name="a17"/>
        <signal af="12" driver="fmc" name="ale"/>
      </gpio>
      <gpio device-pin="a|b|i|n" port="d" pin="13">
        <signal af="2" driver="tim" instance="4" name="ch2"/>
        <signal af="9" driver="quadspi" name="bk1_io3"/>
        <signal af="12" driver="fmc" name="a18"/>
      </gpio>
      <gpio port="d" pin="14">
        <signal af="2" driver="tim" instance="4" name="ch3"/>
        <signal af="12" driver="fmc" name="d0"/>
        <signal af="12" driver="fmc" name="da0"/>
      </gpio>
      <gpio port="d" pin="15">
        <signal af="2" driver="tim" instance="4" name="ch4"/>
        <signal af="12" driver="fmc" name="d1"/>
        <signal af="12" driver="fmc" name="da1"/>
      </gpio>
      <gpio device-pin="a|b|i|n|z" port="e" pin="0">
        <signal af="2" driver="tim" instance="4" name="etr"/>
        <signal af="8" driver="uart" instance="8" name="rx"/>
        <signal af="12" driver="fmc" name="nbl0"/>
        <signal af="13" driver="dcmi" name="d2"/>
      </gpio>
      <gpio device-pin="a|b|i|n|z" port="e" pin="1">
        <signal af="8" driver="uart" instance="8" name="tx"/>
        <signal af="12" driver="fmc" name="nbl1"/>
        <signal af="13" driver="dcmi" name="d3"/>
      </gpio>
      <gpio port="e" pin="2">
        <signal af="0" driver="sys" name="traceclk"/>
        <signal af="5" driver="spi" instance="4" name="sck"/>
        <signal af="6" driver="sai" instance="1" name="mclk_a"/>
        <signal af="9" driver="quadspi" name="bk1_io2"/>
        <signal device-pin="b|i|n" af="11" driver="eth" name="txd3"/>
        <signal af="12" driver="fmc" name="a23"/>
      </gpio>
      <gpio device-pin="a|b|i|n|z" port="e" pin="3">
        <signal af="0" driver="sys" name="traced0"/>
        <signal af="6" driver="sai" instance="1" name="sd_b"/>
        <signal af="12" driver="fmc" name="a19"/>
      </gpio>
      <gpio device-pin="a|b|i|n|z" port="e" pin="4">
        <signal af="0" driver="sys" name="traced1"/>
        <signal af="5" driver="spi" instance="4" name="nss"/>
        <signal af="6" driver="sai" instance="1" name="fs_a"/>
        <signal af="12" driver="fmc" name="a20"/>
        <signal af="13" driver="dcmi" name="d4"/>
        <signal af="14" driver="ltdc" name="b0"/>
      </gpio>
      <gpio device-pin="a|b|i|n|z" port="e" pin="5">
        <signal af="0" driver="sys" name="traced2"/>
        <signal af="3" driver="tim" instance="9" name="ch1"/>
        <signal af="5" driver="spi" instance="4" name="miso"/>
        <signal af="6" driver="sai" instance="1" name="sck_a"/>
        <signal af="12" driver="fmc" name="a21"/>
        <signal af="13" driver="dcmi" name="d6"/>
        <signal af="14" driver="ltdc" name="g0"/>
      </gpio>
      <gpio device-pin="a|b|i|n|z" port="e" pin="6">
        <signal af="0" driver="sys" name="traced3"/>
        <signal af="3" driver="tim" instance="9" name="ch2"/>
        <signal af="5" driver="spi" instance="4" name="mosi"/>
        <signal af="6" driver="sai" instance="1" name="sd_a"/>
        <signal af="12" driver="fmc" name="a22"/>
        <signal af="13" driver="dcmi" name="d7"/>
        <signal af="14" driver="ltdc" name="g1"/>
      </gpio>
      <gpio port="e" pin="7">
        <signal af="1" driver="tim" instance="1" name="etr"/>
        <signal af="8" driver="uart" instance="7" name="rx"/>
        <signal af="10" driver="quadspi" name="bk2_io0"/>
        <signal af="12" driver="fmc" name="d4"/>
        <signal af="12" driver="fmc" name="da4"/>
      </gpio>
      <gpio port="e" pin="8">
        <signal af="1" driver="tim" instance="1" name="ch1n"/>
        <signal af="8" driver="uart" instance="7" name="tx"/>
        <signal af="10" driver="quadspi" name="bk2_io1"/>
        <signal af="12" driver="fmc" name="d5"/>
        <signal af="12" driver="fmc" name="da5"/>
      </gpio>
      <gpio port="e" pin="9">
        <signal af="1" driver="tim" instance="1" name="ch1"/>
        <signal af="10" driver="quadspi" name="bk2_io2"/>
        <signal af="12" driver="fmc" name="d6"/>
        <signal af="12" driver="fmc" name="da6"/>
      </gpio>
      <gpio port="e" pin="10">
        <signal af="1" driver="tim" instance="1" name="ch2n"/>
        <signal af="10" driver="quadspi" name="bk2_io3"/>
        <signal af="12" driver="fmc" name="d7"/>
        <signal af="12" driver="fmc" name="da7"/>
      </gpio>
      <gpio port="e" pin="11">
        <signal af="1" driver="tim" instance="1" name="ch2"/>
        <signal af="5" driver="spi" instance="4" name="nss"/>
        <signal af="12" driver="fmc" name="d8"/>
        <signal af="12" driver="fmc" name="da8"/>
        <signal af="14" driver="ltdc" name="g3"/>
      </gpio>
      <gpio port="e" pin="12">
        <signal af="1" driver="tim" instance="1" name="ch3n"/>
        <signal af="5" driver="spi" instance="4" name="sck"/>
        <signal af="12" driver="fmc" name="d9"/>
        <signal af="12" driver="fmc" name="da9"/>
        <signal af="14" driver="ltdc" name="b4"/>
      </gpio>
      <gpio port="e" pin="13">
        <signal af="1" driver="tim" instance="1" name="ch3"/>
        <signal af="5" driver="spi" instance="4" name="miso"/>
        <signal af="12" driver="fmc" name="d10"/>
        <signal af="12" driver="fmc" name="da10"/>
        <signal af="14" driver="ltdc" name="de"/>
      </gpio>
      <gpio port="e" pin="14">
        <signal af="1" driver="tim" instance="1" name="ch4"/>
        <signal af="5" driver="spi" instance="4" name="mosi"/>
        <signal af="12" driver="fmc" name="d11"/>
        <signal af="12" driver="fmc" name="da11"/>
        <signal af="14" driver="ltdc" name="clk"/>
      </gpio>
      <gpio port="e" pin="15">
        <signal af="1" driver="tim" instance="1" name="bkin"/>
        <signal af="12" driver="fmc" name="d12"/>
        <signal af="12" driver="fmc" name="da12"/>
        <signal af="14" driver="ltdc" name="r7"/>
      </gpio>
      <gpio device-pin="a|b|i|n|z" port="f" pin="0">
        <signal af="4" driver="i2c" instance="2" name="sda"/>
        <signal af="12" driver="fmc" name="a0"/>
      </gpio>
      <gpio device-pin="a|b|i|n|z" port="f" pin="1">
        <signal af="4" driver="i2c" instance="2" name="scl"/>
        <signal af="12" driver="fmc" name="a1"/>
      </gpio>
      <gpio device-pin="a|b|i|n|z" port="f" pin="2">
        <signal af="4" driver="i2c" instance="2" name="smba"/>
        <signal af="12" driver="fmc" name="a2"/>
      </gpio>
      <gpio device-pin="a|b|i|n|z" port="f" pin="3">
        <signal driver="adc" instance="3" name="in9"/>
        <signal af="12" driver="fmc" name="a3"/>
      </gpio>
      <gpio device-pin="a|b|i|n|z" port="f" pin="4">
        <signal driver="adc" instance="3" name="in14"/>
        <signal af="12" driver="fmc" name="a4"/>
      </gpio>
      <gpio device-pin="a|b|i|n|z" port="f" pin="5">
        <signal driver="adc" instance="3" name="in15"/>
        <signal af="12" driver="fmc" name="a5"/>
      </gpio>
      <gpio device-pin="b|i|n" port="f" pin="6">
        <signal driver="adc" instance="3" name="in4"/>
        <signal af="3" driver="tim" instance="10" name="ch1"/>
        <signal af="5" driver="spi" instance="5" name="nss"/>
        <signal af="6" driver="sai" instance="1" name="sd_b"/>
        <signal af="8" driver="uart" instance="7" name="rx"/>
        <signal af="9" driver="quadspi" name="bk1_io3"/>
      </gpio>
      <gpio device-pin="b|i|n" port="f" pin="7">
        <signal driver="adc" instance="3" name="in5"/>
        <signal af="3" driver="tim" instance="11" name="ch1"/>
        <signal af="5" driver="spi" instance="5" name="sck"/>
        <signal af="6" driver="sai" instance="1" name="mclk_b"/>
        <signal af="8" driver="uart" instance="7" name="tx"/>
        <signal af="9" driver="quadspi" name="bk1_io2"/>
      </gpio>
      <gpio device-pin="b|i|n" port="f" pin="8">
        <signal driver="adc" instance="3" name="in6"/>
        <signal af="5" driver="spi" instance="5" name="miso"/>
        <signal af="6" driver="sai" instance="1" name="sck_b"/>
        <signal af="9" driver="tim" instance="13" name="ch1"/>
        <signal af="10" driver="quadspi" name="bk1_io0"/>
      </gpio>
      <gpio device-pin="b|i|n" port="f" pin="9">
        <signal driver="adc" instance="3" name="in7"/>
        <signal af="5" driver="spi" instance="5" name="mosi"/>
        <signal af="6" driver="sai" instance="1" name="fs_b"/>
        <signal af="9" driver="tim" instance="14" name="ch1"/>
        <signal af="10" driver="quadspi" name="bk1_io1"/>
      </gpio>
      <gpio device-pin="a|b|i|n|z" port="f" pin="10">
        <signal driver="adc" instance="3" name="in8"/>
        <signal af="9" driver="quadspi" name="clk"/>
        <signal af="13" driver="dcmi" name="d11"/>
        <signal af="14" driver="ltdc" name="de"/>
      </gpio>
      <gpio device-pin="a|b|i|n|z" port="f" pin="11">
        <signal device-pin="b|i|n" af="5" driver="spi" instance="5" name="mosi"/>
        <signal af="12" driver="fmc" name="sdnras"/>
        <signal af="13" driver="dcmi" name="d12"/>
      </gpio>
      <gpio device-pin="a|b|i|n|z" port="f" pin="12">
        <signal af="12" driver="fmc" name="a6"/>
      </gpio>
      <gpio device-pin="a|b|i|n|z" port="f" pin="13">
        <signal af="12" driver="fmc" name="a7"/>
      </gpio>
      <gpio device-pin="a|b|i|n|z" port="f" pin="14">
        <signal af="12" driver="fmc" name="a8"/>
      </gpio>
      <gpio device-pin="a|b|i|n|z" port="f" pin="15">
        <signal af="12" driver="fmc" name="a9"/>
      </gpio>
      <gpio device-pin="a|b|i|n|z" port="g" pin="0">
        <signal af="12" driver="fmc" name="a10"/>
      </gpio>
      <gpio device-pin="a|b|i|n|z" port="g" pin="1">
        <signal af="12" driver="fmc" name="a11"/>
      </gpio>
      <gpio device-pin="a|b|i|n|z" port="g" pin="2">
        <signal af="12" driver="fmc" name="a12"/>
      </gpio>
      <gpio device-pin="a|b|i|n|z" port="g" pin="3">
        <signal af="12" driver="fmc" name="a13"/>
      </gpio>
      <gpio device-pin="a|b|i|n|z" port="g" pin="4">
        <signal af="12" driver="fmc" name="a14"/>
        <signal af="12" driver="fmc" name="ba0"/>
      </gpio>
      <gpio device-pin="a|b|i|n|z" port="g" pin="5">
        <signal af="12" driver="fmc" name="a15"/>
        <signal af="12" driver="fmc" name="ba1"/>
      </gpio>
      <gpio device-pin="a|b|i|n|z" port="g" pin="6">
        <signal af="13" driver="dcmi" name="d12"/>
        <signal af="14" driver="ltdc" name="r7"/>
      </gpio>
      <gpio device-pin="a|b|i|n|z" port="g" pin="7">
        <signal af="6" driver="sai" instance="1" name="mclk_a"/>
        <signal af="8" driver="usart" instance="6" name="ck"/>
        <signal af="12" driver="fmc" name="int"/>
        <signal af="13" driver="dcmi" name="d13"/>
        <signal af="14" driver="ltdc" name="clk"/>
      </gpio>
      <gpio device-pin="a|b|i|n|z" port="g" pin="8">
        <signal device-pin="a|b|i|n" af="5" driver="spi" instance="6" name="nss"/>
        <signal af="8" driver="usart" instance="6" name="rts"/>
        <signal device-pin="b|i|n" af="11" driver="eth" name="pps_out"/>
        <signal af="12" driver="fmc" name="sdclk"/>
        <signal af="14" driver="ltdc" name="g7"/>
      </gpio>
      <gpio device-pin="a|b|i|n|z" port="g" pin="9">
        <signal af="8" driver="usart" instance="6" name="rx"/>
        <signal af="9" driver="quadspi" name="bk2_io2"/>
        <signal af="12" driver="fmc" name="nce"/>
        <signal af="12" driver="fmc" name="ne2"/>
        <signal af="13" driver="dcmi" name="vsync"/>
      </gpio>
      <gpio device-pin="a|b|i|n|z" port="g" pin="10">
        <signal af="9" driver="ltdc" name="g3"/>
        <signal af="12" driver="fmc" name="ne3"/>
        <signal af="13" driver="dcmi" name="d2"/>
        <signal af="14" driver="ltdc" name="b2"/>
      </gpio>
      <gpio device-pin="a|b|i|n|z" port="g" pin="11">
        <signal device-pin="b|i|n" af="11" driver="eth" name="tx_en"/>
        <signal af="13" driver="dcmi" name="d3"/>
        <signal af="14" driver="ltdc" name="b3"/>
      </gpio>
      <gpio device-pin="a|b|i|n|z" port="g" pin="12">
        <signal device-pin="a|b|i|n" af="5" driver="spi" instance="6" name="miso"/>
        <signal af="8" driver="usart" instance="6" name="rts"/>
        <signal af="9" driver="ltdc" name="b4"/>
        <signal af="12" driver="fmc" name="ne4"/>
        <signal af="14" driver="ltdc" name="b1"/>
      </gpio>
      <gpio device-pin="a|b|i|n" port="g" pin="13">
        <signal af="0" driver="sys" name="traced0"/>
        <signal af="5" driver="spi" instance="6" name="sck"/>
        <signal af="8" driver="usart" instance="6" name="cts"/>
        <signal device-pin="b|i|n" af="11" driver="eth" name="txd0"/>
        <signal af="12" driver="fmc" name="a24"/>
        <signal af="14" driver="ltdc" name="r0"/>
      </gpio>
      <gpio device-pin="b|i|n" port="g" pin="14">
        <signal af="0" driver="sys" name="traced1"/>
        <signal af="5" driver="spi" instance="6" name="mosi"/>
        <signal af="8" driver="usart" instance="6" name="tx"/>
        <signal af="9" driver="quadspi" name="bk2_io3"/>
        <signal af="11" driver="eth" name="txd1"/>
        <signal af="12" driver="fmc" name="a25"/>
        <signal af="14" driver="ltdc" name="b0"/>
      </gpio>
      <gpio device-pin="a|b|i|n|z" port="g" pin="15">
        <signal af="8" driver="usart" instance="6" name="cts"/>
        <signal af="12" driver="fmc" name="sdncas"/>
        <signal af="13" driver="dcmi" name="d13"/>
      </gpio>
      <gpio port="h" pin="0">
        <signal driver="rcc" name="osc_in"/>
      </gpio>
      <gpio port="h" pin="1">
        <signal driver="rcc" name="osc_out"/>
      </gpio>
      <gpio device-pin="a|b|i|n" port="h" pin="2">
        <signal af="9" driver="quadspi" name="bk2_io0"/>
        <signal device-pin="b|i|n" af="11" driver="eth" name="crs"/>
        <signal af="12" driver="fmc" name="sdcke0"/>
        <signal af="14" driver="ltdc" name="r0"/>
      </gpio>
      <gpio device-pin="a|b|i|n" port="h" pin="3">
        <signal af="9" driver="quadspi" name="bk2_io1"/>
        <signal device-pin="b|i|n" af="11" driver="eth" name="col"/>
        <signal af="12" driver="fmc" name="sdne0"/>
        <signal af="14" driver="ltdc" name="r1"/>
      </gpio>
      <gpio device-pin="a|b|i|n" port="h" pin="4">
        <signal af="4" driver="i2c" instance="2" name="scl"/>
        <signal af="9" driver="ltdc" name="g5"/>
        <signal af="10" driver="usb_otg_hs" name="ulpi_nxt"/>
        <signal af="14" driver="ltdc" name="g4"/>
      </gpio>
      <gpio device-pin="a|b|i|n" port="h" pin="5">
        <signal af="4" driver="i2c" instance="2" name="sda"/>
        <signal device-pin="b|i|n" af="5" driver="spi" instance="5" name="nss"/>
        <signal af="12" driver="fmc" name="sdnwe"/>
      </gpio>
      <gpio device-pin="b|i|n" port="h" pin="6">
        <signal af="4" driver="i2c" instance="2" name="smba"/>
        <signal af="5" driver="spi" instance="5" name="sck"/>
        <signal af="9" driver="tim" instance="12" name="ch1"/>
        <signal af="11" driver="eth" name="rxd2"/>
        <signal af="12" driver="fmc" name="sdne1"/>
        <signal af="13" driver="dcmi" name="d8"/>
      </gpio>
      <gpio device-pin="b|i|n" port="h" pin="7">
        <signal af="4" driver="i2c" instance="3" name="scl"/>
        <signal af="5" driver="spi" instance="5" name="miso"/>
        <signal af="11" driver="eth" name="rxd3"/>
        <signal af="12" driver="fmc" name="sdcke1"/>
        <signal af="13" driver="dcmi" name="d9"/>
      </gpio>
      <gpio device-pin="a|b|n" port="h" pin="8">
        <signal af="4" driver="i2c" instance="3" name="sda"/>
        <signal af="12" driver="fmc" name="d16"/>
        <signal af="13" driver="dcmi" name="hsync"/>
        <signal af="14" driver="ltdc" name="r2"/>
      </gpio>
      <gpio device-pin="a|b|n" port="h" pin="9">
        <signal af="4" driver="i2c" instance="3" name="smba"/>
        <signal af="9" driver="tim" instance="12" name="ch2"/>
        <signal af="12" driver="fmc" name="d17"/>
        <signal af="13" driver="dcmi" name="d0"/>
        <signal af="14" driver="ltdc" name="r3"/>
      </gpio>
      <gpio device-pin="a|b|n" port="h" pin="10">
        <signal af="2" driver="tim" instance="5" name="ch1"/>
        <signal af="12" driver="fmc" name="d18"/>
        <signal af="13" driver="dcmi" name="d1"/>
        <signal af="14" driver="ltdc" name="r4"/>
      </gpio>
      <gpio device-pin="a|b|n" port="h" pin="11">
        <signal af="2" driver="tim" instance="5" name="ch2"/>
        <signal af="12" driver="fmc" name="d19"/>
        <signal af="13" driver="dcmi" name="d2"/>
        <signal af="14" driver="ltdc" name="r5"/>
      </gpio>
      <gpio device-pin="a|b|n" port="h" pin="12">
        <signal af="2" driver="tim" instance="5" name="ch3"/>
        <signal af="12" driver="fmc" name="d20"/>
        <signal af="13" driver="dcmi" name="d3"/>
        <signal af="14" driver="ltdc" name="r6"/>
      </gpio>
      <gpio device-pin="a|b|n" port="h" pin="13">
        <signal af="3" driver="tim" instance="8" name="ch1n"/>
        <signal af="9" driver="can" instance="1" name="tx"/>
        <signal af="12" driver="fmc" name="d21"/>
        <signal af="14" driver="ltdc" name="g2"/>
      </gpio>
      <gpio device-pin="a|b|n" port="h" pin="14">
        <signal af="3" driver="tim" instance="8" name="ch2n"/>
        <signal af="12" driver="fmc" name="d22"/>
        <signal af="13" driver="dcmi" name="d4"/>
        <signal af="14" driver="ltdc" name="g3"/>
      </gpio>
      <gpio device-pin="a|b|n" port="h" pin="15">
        <signal af="3" driver="tim" instance="8" name="ch3n"/>
        <signal af="12" driver="fmc" name="d23"/>
        <signal af="13" driver="dcmi" name="d11"/>
        <signal af="14" driver="ltdc" name="g4"/>
      </gpio>
      <gpio device-pin="a|b|i|n" port="i" pin="0">
        <signal af="2" driver="tim" instance="5" name="ch4"/>
        <signal af="5" driver="i2s" instance="2" name="ws"/>
        <signal af="5" driver="spi" instance="2" name="nss"/>
        <signal af="12" driver="fmc" name="d24"/>
        <signal af="13" driver="dcmi" name="d13"/>
        <signal af="14" driver="ltdc" name="g5"/>
      </gpio>
      <gpio device-pin="a|b|i|n" port="i" pin="1">
        <signal af="5" driver="i2s" instance="2" name="ck"/>
        <signal af="5" driver="spi" instance="2" name="sck"/>
        <signal af="12" driver="fmc" name="d25"/>
        <signal af="13" driver="dcmi" name="d8"/>
        <signal af="14" driver="ltdc" name="g6"/>
      </gpio>
      <gpio device-pin="a|b|n" port="i" pin="2">
        <signal af="3" driver="tim" instance="8" name="ch4"/>
        <signal af="5" driver="spi" instance="2" name="miso"/>
        <signal af="6" driver="i2s" instance="2" name="ext_sd"/>
        <signal af="12" driver="fmc" name="d26"/>
        <signal af="13" driver="dcmi" name="d9"/>
        <signal af="14" driver="ltdc" name="g7"/>
      </gpio>
      <gpio device-pin="a|b|i|n" port="i" pin="3">
        <signal af="3" driver="tim" instance="8" name="etr"/>
        <signal af="5" driver="i2s" instance="2" name="sd"/>
        <signal af="5" driver="spi" instance="2" name="mosi"/>
        <signal af="12" driver="fmc" name="d27"/>
        <signal af="13" driver="dcmi" name="d10"/>
      </gpio>
      <gpio device-pin="a|b|i|n" port="i" pin="4">
        <signal af="3" driver="tim" instance="8" name="bkin"/>
        <signal af="12" driver="fmc" name="nbl2"/>
        <signal af="13" driver="dcmi" name="d5"/>
        <signal af="14" driver="ltdc" name="b4"/>
      </gpio>
      <gpio device-pin="a|b|i|n" port="i" pin="5">
        <signal af="3" driver="tim" instance="8" name="ch1"/>
        <signal af="12" driver="fmc" name="nbl3"/>
        <signal af="13" driver="dcmi" name="vsync"/>
        <signal af="14" driver="ltdc" name="b5"/>
      </gpio>
      <gpio device-pin="a|b|i|n" port="i" pin="6">
        <signal af="3" driver="tim" instance="8" name="ch2"/>
        <signal af="12" driver="fmc" name="d28"/>
        <signal af="13" driver="dcmi" name="d6"/>
        <signal af="14" driver="ltdc" name="b6"/>
      </gpio>
      <gpio device-pin="a|b|i|n" port="i" pin="7">
        <signal af="3" driver="tim" instance="8" name="ch3"/>
        <signal af="12" driver="fmc" name="d29"/>
        <signal af="13" driver="dcmi" name="d7"/>
        <signal af="14" driver="ltdc" name="b7"/>
      </gpio>
      <gpio device-pin="b|i|n" port="i" pin="8">
        <signal driver="rtc" name="af1"/>
        <signal driver="rtc" name="af2"/>
      </gpio>
      <gpio device-pin="a|b|i|n" port="i" pin="9">
        <signal af="9" driver="can" instance="1" name="rx"/>
        <signal af="12" driver="fmc" name="d30"/>
        <signal af="14" driver="ltdc" name="vsync"/>
      </gpio>
      <gpio device-pin="a|b|i|n" port="i" pin="10">
        <signal device-pin="b|i|n" af="11" driver="eth" name="rx_er"/>
        <signal af="12" driver="fmc" name="d31"/>
        <signal af="14" driver="ltdc" name="hsync"/>
      </gpio>
      <gpio device-pin="a|b|i|n" port="i" pin="11">
        <signal af="9" driver="ltdc" name="g6"/>
        <signal af="10" driver="usb_otg_hs" name="ulpi_dir"/>
      </gpio>
      <gpio device-pin="b|n" port="i" pin="12">
        <signal af="14" driver="ltdc" name="hsync"/>
      </gpio>
      <gpio device-pin="b|n" port="i" pin="13">
        <signal af="14" driver="ltdc" name="vsync"/>
      </gpio>
      <gpio device-pin="b|n" port="i" pin="14">
        <signal af="14" driver="ltdc" name="clk"/>
      </gpio>
      <gpio device-pin="b|n" port="i" pin="15">
        <signal af="9" driver="ltdc" name="g2"/>
        <signal af="14" driver="ltdc" name="r0"/>
      </gpio>
      <gpio device-pin="b|n" port="j" pin="0">
        <signal af="9" driver="ltdc" name="r7"/>
        <signal af="14" driver="ltdc" name="r1"/>
      </gpio>
      <gpio device-pin="b|n" port="j" pin="1">
        <signal af="14" driver="ltdc" name="r2"/>
      </gpio>
      <gpio device-pin="b|n" port="j" pin="2">
        <signal af="13" driver="dsihost" name="te"/>
        <signal af="14" driver="ltdc" name="r3"/>
      </gpio>
      <gpio device-pin="b|n" port="j" pin="3">
        <signal af="14" driver="ltdc" name="r4"/>
      </gpio>
      <gpio device-pin="b|n" port="j" pin="4">
        <signal af="14" driver="ltdc" name="r5"/>
      </gpio>
      <gpio device-pin="b|n" port="j" pin="5">
        <signal af="14" driver="ltdc" name="r6"/>
      </gpio>
      <gpio device-pin="b|n" port="j" pin="12">
        <signal af="9" driver="ltdc" name="g3"/>
        <signal af="14" driver="ltdc" name="b0"/>
      </gpio>
      <gpio device-pin="b|n" port="j" pin="13">
        <signal af="9" driver="ltdc" name="g4"/>
        <signal af="14" driver="ltdc" name="b1"/>
      </gpio>
      <gpio device-pin="b|n" port="j" pin="14">
        <signal af="14" driver="ltdc" name="b2"/>
      </gpio>
      <gpio device-pin="b|n" port="j" pin="15">
        <signal af="14" driver="ltdc" name="b3"/>
      </gpio>
      <gpio device-pin="b|n" port="k" pin="3">
        <signal af="14" driver="ltdc" name="b4"/>
      </gpio>
      <gpio device-pin="b|n" port="k" pin="4">
        <signal af="14" driver="ltdc" name="b5"/>
      </gpio>
      <gpio device-pin="b|n" port="k" pin="5">
        <signal af="14" driver="ltdc" name="b6"/>
      </gpio>
      <gpio device-pin="b|n" port="k" pin="6">
        <signal af="14" driver="ltdc" name="b7"/>
      </gpio>
      <gpio device-pin="b|n" port="k" pin="7">
        <signal af="14" driver="ltdc" name="de"/>
      </gpio>
    </driver>
  </device>
</modm>
