<?xml version='1.0' encoding='UTF-8'?>
<modm version="0.4.0">
  <!-- WARNING: This file is generated by the modm device file generator. Do not edit! -->
  <device platform="stm32" family="f3" name="73|78" pin="c|r|v" size="8|b|c" package="h|t|y">
    <naming-schema>{platform}{family}{name}{pin}{size}{package}</naming-schema>
    <valid-device>stm32f373c8t</valid-device>
    <valid-device>stm32f373cbt</valid-device>
    <valid-device>stm32f373cct</valid-device>
    <valid-device>stm32f373r8t</valid-device>
    <valid-device>stm32f373rbt</valid-device>
    <valid-device>stm32f373rct</valid-device>
    <valid-device>stm32f373v8h</valid-device>
    <valid-device>stm32f373v8t</valid-device>
    <valid-device>stm32f373vbh</valid-device>
    <valid-device>stm32f373vbt</valid-device>
    <valid-device>stm32f373vch</valid-device>
    <valid-device>stm32f373vct</valid-device>
    <valid-device>stm32f378cct</valid-device>
    <valid-device>stm32f378rct</valid-device>
    <valid-device>stm32f378rcy</valid-device>
    <valid-device>stm32f378vch</valid-device>
    <valid-device>stm32f378vct</valid-device>
    <driver name="core" type="cortex-m4f">
      <memory device-size="8" name="flash" access="rx" start="0x8000000" size="65536"/>
      <memory device-size="b" name="flash" access="rx" start="0x8000000" size="131072"/>
      <memory device-size="c" name="flash" access="rx" start="0x8000000" size="262144"/>
      <memory device-size="8" name="sram1" access="rwx" start="0x20000000" size="16384"/>
      <memory device-size="b" name="sram1" access="rwx" start="0x20000000" size="24576"/>
      <memory device-size="c" name="sram1" access="rwx" start="0x20000000" size="32768"/>
      <vector position="0" name="WWDG"/>
      <vector device-name="73" position="1" name="PVD"/>
      <vector position="2" name="TAMP_STAMP"/>
      <vector position="3" name="RTC_WKUP"/>
      <vector position="4" name="FLASH"/>
      <vector position="5" name="RCC"/>
      <vector position="6" name="EXTI0"/>
      <vector position="7" name="EXTI1"/>
      <vector position="8" name="EXTI2_TSC"/>
      <vector position="9" name="EXTI3"/>
      <vector position="10" name="EXTI4"/>
      <vector position="11" name="DMA1_Channel1"/>
      <vector position="12" name="DMA1_Channel2"/>
      <vector position="13" name="DMA1_Channel3"/>
      <vector position="14" name="DMA1_Channel4"/>
      <vector position="15" name="DMA1_Channel5"/>
      <vector position="16" name="DMA1_Channel6"/>
      <vector position="17" name="DMA1_Channel7"/>
      <vector position="18" name="ADC1"/>
      <vector position="19" name="CAN_TX"/>
      <vector position="20" name="CAN_RX0"/>
      <vector position="21" name="CAN_RX1"/>
      <vector position="22" name="CAN_SCE"/>
      <vector position="23" name="EXTI9_5"/>
      <vector position="24" name="TIM15"/>
      <vector position="25" name="TIM16"/>
      <vector position="26" name="TIM17"/>
      <vector position="27" name="TIM18_DAC2"/>
      <vector position="28" name="TIM2"/>
      <vector position="29" name="TIM3"/>
      <vector position="30" name="TIM4"/>
      <vector position="31" name="I2C1_EV"/>
      <vector position="32" name="I2C1_ER"/>
      <vector position="33" name="I2C2_EV"/>
      <vector position="34" name="I2C2_ER"/>
      <vector position="35" name="SPI1"/>
      <vector position="36" name="SPI2"/>
      <vector position="37" name="USART1"/>
      <vector position="38" name="USART2"/>
      <vector position="39" name="USART3"/>
      <vector position="40" name="EXTI15_10"/>
      <vector position="41" name="RTC_Alarm"/>
      <vector position="42" name="CEC"/>
      <vector position="43" name="TIM12"/>
      <vector position="44" name="TIM13"/>
      <vector position="45" name="TIM14"/>
      <vector position="50" name="TIM5"/>
      <vector position="51" name="SPI3"/>
      <vector position="54" name="TIM6_DAC1"/>
      <vector position="55" name="TIM7"/>
      <vector position="56" name="DMA2_Channel1"/>
      <vector position="57" name="DMA2_Channel2"/>
      <vector position="58" name="DMA2_Channel3"/>
      <vector position="59" name="DMA2_Channel4"/>
      <vector position="60" name="DMA2_Channel5"/>
      <vector position="61" name="SDADC1"/>
      <vector position="62" name="SDADC2"/>
      <vector position="63" name="SDADC3"/>
      <vector position="64" name="COMP"/>
      <vector device-name="73" position="74" name="USB_HP"/>
      <vector device-name="73" position="75" name="USB_LP"/>
      <vector device-name="73" position="76" name="USBWakeUp"/>
      <vector position="78" name="TIM19"/>
      <vector position="81" name="FPU"/>
    </driver>
    <driver name="adc" type="stm32">
      <instance value="1"/>
    </driver>
    <driver name="can" type="stm32">
      <feature value="filter-28"/>
    </driver>
    <driver name="comp" type="stm32-v1.3">
      <instance value="1"/>
      <instance value="2"/>
    </driver>
    <driver name="crc" type="stm32">
      <feature value="polynomial"/>
      <feature value="reverse"/>
    </driver>
    <driver name="dac" type="stm32">
      <feature value="status"/>
      <instance value="1"/>
      <instance value="2"/>
    </driver>
    <driver name="dma" type="stm32">
      <instance value="1"/>
      <instance value="2"/>
    </driver>
    <driver name="flash" type="stm32-v1.0">
      <latency vcore-min="1800">
        <wait-state ws="0" hclk-max="24000000"/>
        <wait-state ws="1" hclk-max="48000000"/>
        <wait-state ws="2" hclk-max="72000000"/>
      </latency>
    </driver>
    <driver name="hdmi_cec" type="stm32-v2.0"/>
    <driver name="i2c" type="stm32-extended">
      <feature value="dnf"/>
      <feature value="fmp"/>
      <instance value="1"/>
      <instance value="2"/>
    </driver>
    <driver name="i2s" type="stm32-v3.0">
      <instance value="1"/>
      <instance value="2"/>
      <instance value="3"/>
    </driver>
    <driver name="irtim" type="stm32-v1.0"/>
    <driver name="iwdg" type="stm32">
      <feature value="window"/>
    </driver>
    <driver name="rcc" type="stm32-v1.0"/>
    <driver name="rtc" type="stm32-v2.4"/>
    <driver name="sdadc" type="stm32-f3">
      <instance value="1"/>
      <instance value="2"/>
      <instance value="3"/>
    </driver>
    <driver name="spi" type="stm32">
      <feature value="data-size"/>
      <feature value="fifo"/>
      <feature value="nss-pulse"/>
      <instance value="1"/>
      <instance value="2"/>
      <instance value="3"/>
    </driver>
    <driver name="sys" type="stm32">
      <feature value="ccm-wp"/>
      <feature value="cfgr2"/>
      <feature value="exti"/>
      <feature value="fpu"/>
    </driver>
    <driver name="tim" type="stm32-basic">
      <instance value="6"/>
      <instance value="7"/>
    </driver>
    <driver name="tim" type="stm32-general-purpose">
      <instance value="2"/>
      <instance value="3"/>
      <instance value="4"/>
      <instance value="5"/>
      <instance value="12"/>
      <instance value="13"/>
      <instance value="14"/>
      <instance value="15"/>
      <instance value="16"/>
      <instance value="17"/>
    </driver>
    <driver name="tim" type="stm32-v2.x">
      <instance value="18"/>
      <instance value="19"/>
    </driver>
    <driver name="tsc" type="stm32-v1.0"/>
    <driver name="usart" type="stm32-extended">
      <feature value="wakeup"/>
      <instance value="1"/>
      <instance value="2"/>
      <instance value="3"/>
    </driver>
    <driver device-name="73" name="usb" type="stm32-v2.0"/>
    <driver name="wwdg" type="stm32-v1.0"/>
    <driver name="gpio" type="stm32">
      <gpio port="a" pin="0">
        <signal driver="adc" instance="1" name="in0"/>
        <signal driver="comp" instance="1" name="inm"/>
        <signal driver="rtc" name="tamp2"/>
        <signal driver="sys" name="wkup1"/>
        <signal af="1" driver="tim" instance="2" name="ch1"/>
        <signal af="1" driver="tim" instance="2" name="etr"/>
        <signal af="2" driver="tim" instance="5" name="ch1"/>
        <signal af="2" driver="tim" instance="5" name="etr"/>
        <signal af="3" driver="tsc" name="g1_io1"/>
        <signal af="7" driver="usart" instance="2" name="cts"/>
        <signal af="8" driver="comp" instance="1" name="out"/>
        <signal af="11" driver="tim" instance="19" name="ch1"/>
      </gpio>
      <gpio port="a" pin="1">
        <signal driver="adc" instance="1" name="in1"/>
        <signal driver="comp" instance="1" name="inp"/>
        <signal af="0" driver="rtc" name="refin"/>
        <signal af="1" driver="tim" instance="2" name="ch2"/>
        <signal af="2" driver="tim" instance="5" name="ch2"/>
        <signal af="3" driver="tsc" name="g1_io2"/>
        <signal af="6" driver="i2s" instance="3" name="ck"/>
        <signal af="6" driver="spi" instance="3" name="sck"/>
        <signal af="7" driver="usart" instance="2" name="de"/>
        <signal af="7" driver="usart" instance="2" name="rts"/>
        <signal af="9" driver="tim" instance="15" name="ch1n"/>
        <signal af="11" driver="tim" instance="19" name="ch2"/>
      </gpio>
      <gpio port="a" pin="2">
        <signal driver="adc" instance="1" name="in2"/>
        <signal driver="comp" instance="2" name="inm"/>
        <signal af="1" driver="tim" instance="2" name="ch3"/>
        <signal af="2" driver="tim" instance="5" name="ch3"/>
        <signal af="3" driver="tsc" name="g1_io3"/>
        <signal af="6" driver="i2s" instance="3" name="mck"/>
        <signal af="6" driver="spi" instance="3" name="miso"/>
        <signal af="7" driver="usart" instance="2" name="tx"/>
        <signal af="8" driver="comp" instance="2" name="out"/>
        <signal af="9" driver="tim" instance="15" name="ch1"/>
        <signal af="11" driver="tim" instance="19" name="ch3"/>
      </gpio>
      <gpio port="a" pin="3">
        <signal driver="adc" instance="1" name="in3"/>
        <signal driver="comp" instance="2" name="inp"/>
        <signal af="1" driver="tim" instance="2" name="ch4"/>
        <signal af="2" driver="tim" instance="5" name="ch4"/>
        <signal af="3" driver="tsc" name="g1_io4"/>
        <signal af="6" driver="i2s" instance="3" name="sd"/>
        <signal af="6" driver="spi" instance="3" name="mosi"/>
        <signal af="7" driver="usart" instance="2" name="rx"/>
        <signal af="9" driver="tim" instance="15" name="ch2"/>
        <signal af="11" driver="tim" instance="19" name="ch4"/>
      </gpio>
      <gpio port="a" pin="4">
        <signal driver="adc" instance="1" name="in4"/>
        <signal driver="dac" instance="1" name="out1"/>
        <signal af="2" driver="tim" instance="3" name="ch2"/>
        <signal af="3" driver="tsc" name="g2_io1"/>
        <signal af="5" driver="i2s" instance="1" name="ws"/>
        <signal af="5" driver="spi" instance="1" name="nss"/>
        <signal af="6" driver="i2s" instance="3" name="ws"/>
        <signal af="6" driver="spi" instance="3" name="nss"/>
        <signal af="7" driver="usart" instance="2" name="ck"/>
        <signal af="10" driver="tim" instance="12" name="ch1"/>
      </gpio>
      <gpio port="a" pin="5">
        <signal driver="adc" instance="1" name="in5"/>
        <signal driver="dac" instance="1" name="out2"/>
        <signal af="1" driver="tim" instance="2" name="ch1"/>
        <signal af="1" driver="tim" instance="2" name="etr"/>
        <signal af="3" driver="tsc" name="g2_io2"/>
        <signal af="5" driver="i2s" instance="1" name="ck"/>
        <signal af="5" driver="spi" instance="1" name="sck"/>
        <signal af="7" name="cec"/>
        <signal af="9" driver="tim" instance="14" name="ch1"/>
        <signal af="10" driver="tim" instance="12" name="ch2"/>
      </gpio>
      <gpio port="a" pin="6">
        <signal driver="adc" instance="1" name="in6"/>
        <signal driver="dac" instance="2" name="out1"/>
        <signal af="1" driver="tim" instance="16" name="ch1"/>
        <signal af="2" driver="tim" instance="3" name="ch1"/>
        <signal af="3" driver="tsc" name="g2_io3"/>
        <signal af="5" driver="i2s" instance="1" name="mck"/>
        <signal af="5" driver="spi" instance="1" name="miso"/>
        <signal af="8" driver="comp" instance="1" name="out"/>
        <signal af="9" driver="tim" instance="13" name="ch1"/>
      </gpio>
      <gpio device-pin="r|v" port="a" pin="7">
        <signal driver="adc" instance="1" name="in7"/>
        <signal af="1" driver="tim" instance="17" name="ch1"/>
        <signal af="2" driver="tim" instance="3" name="ch2"/>
        <signal af="3" driver="tsc" name="g2_io4"/>
        <signal af="5" driver="i2s" instance="1" name="sd"/>
        <signal af="5" driver="spi" instance="1" name="mosi"/>
        <signal af="8" driver="comp" instance="2" name="out"/>
        <signal af="9" driver="tim" instance="14" name="ch1"/>
      </gpio>
      <gpio port="a" pin="8">
        <signal af="0" driver="rcc" name="mco"/>
        <signal af="2" driver="tim" instance="5" name="ch1"/>
        <signal af="2" driver="tim" instance="5" name="etr"/>
        <signal af="4" driver="i2c" instance="2" name="smba"/>
        <signal af="5" driver="i2s" instance="2" name="ck"/>
        <signal af="5" driver="spi" instance="2" name="sck"/>
        <signal af="7" driver="usart" instance="1" name="ck"/>
        <signal af="10" driver="tim" instance="4" name="etr"/>
      </gpio>
      <gpio port="a" pin="9">
        <signal af="2" driver="tim" instance="13" name="ch1"/>
        <signal af="3" driver="tsc" name="g4_io1"/>
        <signal af="4" driver="i2c" instance="2" name="scl"/>
        <signal af="5" driver="i2s" instance="2" name="mck"/>
        <signal af="5" driver="spi" instance="2" name="miso"/>
        <signal af="7" driver="usart" instance="1" name="tx"/>
        <signal af="9" driver="tim" instance="15" name="bkin"/>
        <signal af="10" driver="tim" instance="2" name="ch3"/>
      </gpio>
      <gpio port="a" pin="10">
        <signal af="1" driver="tim" instance="17" name="bkin"/>
        <signal af="3" driver="tsc" name="g4_io2"/>
        <signal af="4" driver="i2c" instance="2" name="sda"/>
        <signal af="5" driver="i2s" instance="2" name="sd"/>
        <signal af="5" driver="spi" instance="2" name="mosi"/>
        <signal af="7" driver="usart" instance="1" name="rx"/>
        <signal af="9" driver="tim" instance="14" name="ch1"/>
        <signal af="10" driver="tim" instance="2" name="ch4"/>
      </gpio>
      <gpio port="a" pin="11">
        <signal af="2" driver="tim" instance="5" name="ch2"/>
        <signal af="5" driver="i2s" instance="2" name="ws"/>
        <signal af="5" driver="spi" instance="2" name="nss"/>
        <signal af="6" driver="i2s" instance="1" name="ws"/>
        <signal af="6" driver="spi" instance="1" name="nss"/>
        <signal af="7" driver="usart" instance="1" name="cts"/>
        <signal af="8" driver="comp" instance="1" name="out"/>
        <signal af="9" driver="can" name="rx"/>
        <signal af="10" driver="tim" instance="4" name="ch1"/>
        <signal device-name="73" af="14" driver="usb" name="dm"/>
      </gpio>
      <gpio port="a" pin="12">
        <signal af="1" driver="tim" instance="16" name="ch1"/>
        <signal af="2" driver="tim" instance="5" name="ch3"/>
        <signal af="6" driver="i2s" instance="1" name="ck"/>
        <signal af="6" driver="spi" instance="1" name="sck"/>
        <signal af="7" driver="usart" instance="1" name="de"/>
        <signal af="7" driver="usart" instance="1" name="rts"/>
        <signal af="8" driver="comp" instance="2" name="out"/>
        <signal af="9" driver="can" name="tx"/>
        <signal af="10" driver="tim" instance="4" name="ch2"/>
        <signal device-name="73" af="14" driver="usb" name="dp"/>
      </gpio>
      <gpio port="a" pin="13">
        <signal af="0" driver="sys" name="jtms"/>
        <signal af="0" driver="sys" name="swdio"/>
        <signal af="1" driver="tim" instance="16" name="ch1n"/>
        <signal af="2" driver="tim" instance="5" name="ch4"/>
        <signal af="3" driver="tsc" name="g4_io3"/>
        <signal af="5" name="ir_out"/>
        <signal af="6" driver="i2s" instance="1" name="mck"/>
        <signal af="6" driver="spi" instance="1" name="miso"/>
        <signal af="7" driver="usart" instance="3" name="cts"/>
        <signal af="10" driver="tim" instance="4" name="ch3"/>
      </gpio>
      <gpio port="a" pin="14">
        <signal af="0" driver="sys" name="jtck"/>
        <signal af="0" driver="sys" name="swclk"/>
        <signal af="3" driver="tsc" name="g4_io4"/>
        <signal af="4" driver="i2c" instance="1" name="sda"/>
        <signal af="10" driver="tim" instance="12" name="ch1"/>
      </gpio>
      <gpio port="a" pin="15">
        <signal af="0" driver="sys" name="jtdi"/>
        <signal af="1" driver="tim" instance="2" name="ch1"/>
        <signal af="1" driver="tim" instance="2" name="etr"/>
        <signal af="3" driver="tsc" name="sync"/>
        <signal af="4" driver="i2c" instance="1" name="scl"/>
        <signal af="5" driver="i2s" instance="1" name="ws"/>
        <signal af="5" driver="spi" instance="1" name="nss"/>
        <signal af="6" driver="i2s" instance="3" name="ws"/>
        <signal af="6" driver="spi" instance="3" name="nss"/>
        <signal af="10" driver="tim" instance="12" name="ch2"/>
      </gpio>
      <gpio port="b" pin="0">
        <signal driver="adc" instance="1" name="in8"/>
        <signal driver="sdadc" instance="1" name="ain6p"/>
        <signal af="2" driver="tim" instance="3" name="ch3"/>
        <signal af="3" driver="tsc" name="g3_io3"/>
        <signal af="5" driver="i2s" instance="1" name="sd"/>
        <signal af="5" driver="spi" instance="1" name="mosi"/>
        <signal af="10" driver="tim" instance="3" name="ch2"/>
      </gpio>
      <gpio port="b" pin="1">
        <signal driver="adc" instance="1" name="in9"/>
        <signal driver="sdadc" instance="1" name="ain5p"/>
        <signal driver="sdadc" instance="1" name="ain6m"/>
        <signal af="2" driver="tim" instance="3" name="ch4"/>
        <signal af="3" driver="tsc" name="g3_io4"/>
      </gpio>
      <gpio device-name="73" port="b" pin="2">
        <signal driver="sdadc" instance="1" name="ain4p"/>
        <signal driver="sdadc" instance="2" name="ain6p"/>
      </gpio>
      <gpio port="b" pin="3">
        <signal af="0" driver="sys" name="jtdo"/>
        <signal af="0" driver="sys" name="traceswo"/>
        <signal af="1" driver="tim" instance="2" name="ch2"/>
        <signal af="2" driver="tim" instance="4" name="etr"/>
        <signal af="3" driver="tsc" name="g5_io1"/>
        <signal af="5" driver="i2s" instance="1" name="ck"/>
        <signal af="5" driver="spi" instance="1" name="sck"/>
        <signal af="6" driver="i2s" instance="3" name="ck"/>
        <signal af="6" driver="spi" instance="3" name="sck"/>
        <signal af="7" driver="usart" instance="2" name="tx"/>
        <signal af="9" driver="tim" instance="13" name="ch1"/>
        <signal af="10" driver="tim" instance="3" name="etr"/>
      </gpio>
      <gpio port="b" pin="4">
        <signal af="0" driver="sys" name="njtrst"/>
        <signal af="1" driver="tim" instance="16" name="ch1"/>
        <signal af="2" driver="tim" instance="3" name="ch1"/>
        <signal af="3" driver="tsc" name="g5_io2"/>
        <signal af="5" driver="i2s" instance="1" name="mck"/>
        <signal af="5" driver="spi" instance="1" name="miso"/>
        <signal af="6" driver="i2s" instance="3" name="mck"/>
        <signal af="6" driver="spi" instance="3" name="miso"/>
        <signal af="7" driver="usart" instance="2" name="rx"/>
        <signal af="9" driver="tim" instance="15" name="ch1n"/>
        <signal af="10" driver="tim" instance="17" name="bkin"/>
      </gpio>
      <gpio port="b" pin="5">
        <signal af="1" driver="tim" instance="16" name="bkin"/>
        <signal af="2" driver="tim" instance="3" name="ch2"/>
        <signal af="4" driver="i2c" instance="1" name="smba"/>
        <signal af="5" driver="i2s" instance="1" name="sd"/>
        <signal af="5" driver="spi" instance="1" name="mosi"/>
        <signal af="6" driver="i2s" instance="3" name="sd"/>
        <signal af="6" driver="spi" instance="3" name="mosi"/>
        <signal af="7" driver="usart" instance="2" name="ck"/>
        <signal af="10" driver="tim" instance="17" name="ch1"/>
        <signal af="11" driver="tim" instance="19" name="etr"/>
      </gpio>
      <gpio port="b" pin="6">
        <signal af="1" driver="tim" instance="16" name="ch1n"/>
        <signal af="2" driver="tim" instance="4" name="ch1"/>
        <signal af="3" driver="tsc" name="g5_io3"/>
        <signal af="4" driver="i2c" instance="1" name="scl"/>
        <signal af="7" driver="usart" instance="1" name="tx"/>
        <signal af="9" driver="tim" instance="15" name="ch1"/>
        <signal af="10" driver="tim" instance="3" name="ch3"/>
        <signal af="11" driver="tim" instance="19" name="ch1"/>
      </gpio>
      <gpio port="b" pin="7">
        <signal af="1" driver="tim" instance="17" name="ch1n"/>
        <signal af="2" driver="tim" instance="4" name="ch2"/>
        <signal af="3" driver="tsc" name="g5_io4"/>
        <signal af="4" driver="i2c" instance="1" name="sda"/>
        <signal af="7" driver="usart" instance="1" name="rx"/>
        <signal af="9" driver="tim" instance="15" name="ch2"/>
        <signal af="10" driver="tim" instance="3" name="ch4"/>
        <signal af="11" driver="tim" instance="19" name="ch2"/>
      </gpio>
      <gpio port="b" pin="8">
        <signal af="1" driver="tim" instance="16" name="ch1"/>
        <signal af="2" driver="tim" instance="4" name="ch3"/>
        <signal af="3" driver="tsc" name="sync"/>
        <signal af="4" driver="i2c" instance="1" name="scl"/>
        <signal af="5" driver="i2s" instance="2" name="ck"/>
        <signal af="5" driver="spi" instance="2" name="sck"/>
        <signal af="6" name="cec"/>
        <signal af="7" driver="usart" instance="3" name="tx"/>
        <signal af="8" driver="comp" instance="1" name="out"/>
        <signal af="9" driver="can" name="rx"/>
        <signal af="11" driver="tim" instance="19" name="ch3"/>
      </gpio>
      <gpio port="b" pin="9">
        <signal af="1" driver="tim" instance="17" name="ch1"/>
        <signal af="2" driver="tim" instance="4" name="ch4"/>
        <signal af="4" driver="i2c" instance="1" name="sda"/>
        <signal af="5" driver="i2s" instance="2" name="ws"/>
        <signal af="5" driver="spi" instance="2" name="nss"/>
        <signal af="6" name="ir_out"/>
        <signal af="7" driver="usart" instance="3" name="rx"/>
        <signal af="8" driver="comp" instance="2" name="out"/>
        <signal af="9" driver="can" name="tx"/>
        <signal af="11" driver="tim" instance="19" name="ch4"/>
      </gpio>
      <gpio device-pin="v" port="b" pin="10">
        <signal driver="sdadc" instance="2" name="ain0m"/>
        <signal af="1" driver="tim" instance="2" name="ch3"/>
        <signal af="3" driver="tsc" name="sync"/>
        <signal af="5" driver="i2s" instance="2" name="ck"/>
        <signal af="5" driver="spi" instance="2" name="sck"/>
        <signal af="6" name="cec"/>
        <signal af="7" driver="usart" instance="3" name="tx"/>
      </gpio>
      <gpio port="b" pin="14">
        <signal driver="sdadc" instance="3" name="ain8p"/>
        <signal af="1" driver="tim" instance="15" name="ch1"/>
        <signal af="3" driver="tsc" name="g6_io1"/>
        <signal af="5" driver="i2s" instance="2" name="mck"/>
        <signal af="5" driver="spi" instance="2" name="miso"/>
        <signal af="7" driver="usart" instance="3" name="de"/>
        <signal af="7" driver="usart" instance="3" name="rts"/>
        <signal af="9" driver="tim" instance="12" name="ch1"/>
      </gpio>
      <gpio port="b" pin="15">
        <signal driver="sdadc" instance="3" name="ain7p"/>
        <signal driver="sdadc" instance="3" name="ain8m"/>
        <signal af="0" driver="rtc" name="refin"/>
        <signal af="1" driver="tim" instance="15" name="ch2"/>
        <signal af="2" driver="tim" instance="15" name="ch1n"/>
        <signal af="3" driver="tsc" name="g6_io2"/>
        <signal af="5" driver="i2s" instance="2" name="sd"/>
        <signal af="5" driver="spi" instance="2" name="mosi"/>
        <signal af="9" driver="tim" instance="12" name="ch2"/>
      </gpio>
      <gpio device-pin="r|v" port="c" pin="0">
        <signal driver="adc" instance="1" name="in10"/>
        <signal af="2" driver="tim" instance="5" name="ch1"/>
        <signal af="2" driver="tim" instance="5" name="etr"/>
      </gpio>
      <gpio device-pin="r|v" port="c" pin="1">
        <signal driver="adc" instance="1" name="in11"/>
        <signal af="2" driver="tim" instance="5" name="ch2"/>
      </gpio>
      <gpio device-pin="r|v" port="c" pin="2">
        <signal driver="adc" instance="1" name="in12"/>
        <signal af="2" driver="tim" instance="5" name="ch3"/>
        <signal af="5" driver="i2s" instance="2" name="mck"/>
        <signal af="5" driver="spi" instance="2" name="miso"/>
      </gpio>
      <gpio device-pin="r|v" port="c" pin="3">
        <signal driver="adc" instance="1" name="in13"/>
        <signal af="2" driver="tim" instance="5" name="ch4"/>
        <signal af="5" driver="i2s" instance="2" name="sd"/>
        <signal af="5" driver="spi" instance="2" name="mosi"/>
      </gpio>
      <gpio device-pin="r|v" port="c" pin="4">
        <signal driver="adc" instance="1" name="in14"/>
        <signal af="2" driver="tim" instance="13" name="ch1"/>
        <signal af="3" driver="tsc" name="g3_io1"/>
        <signal af="7" driver="usart" instance="1" name="tx"/>
      </gpio>
      <gpio device-pin="r|v" port="c" pin="5">
        <signal driver="adc" instance="1" name="in15"/>
        <signal af="3" driver="tsc" name="g3_io2"/>
        <signal af="7" driver="usart" instance="1" name="rx"/>
      </gpio>
      <gpio device-pin="r|v" port="c" pin="6">
        <signal af="2" driver="tim" instance="3" name="ch1"/>
        <signal af="5" driver="i2s" instance="1" name="ws"/>
        <signal af="5" driver="spi" instance="1" name="nss"/>
      </gpio>
      <gpio device-pin="r|v" port="c" pin="7">
        <signal af="2" driver="tim" instance="3" name="ch2"/>
        <signal af="5" driver="i2s" instance="1" name="ck"/>
        <signal af="5" driver="spi" instance="1" name="sck"/>
      </gpio>
      <gpio device-pin="r|v" port="c" pin="8">
        <signal af="2" driver="tim" instance="3" name="ch3"/>
        <signal af="5" driver="i2s" instance="1" name="mck"/>
        <signal af="5" driver="spi" instance="1" name="miso"/>
      </gpio>
      <gpio device-pin="r|v" port="c" pin="9">
        <signal af="2" driver="tim" instance="3" name="ch4"/>
        <signal af="5" driver="i2s" instance="1" name="sd"/>
        <signal af="5" driver="spi" instance="1" name="mosi"/>
      </gpio>
      <gpio device-pin="r|v" port="c" pin="10">
        <signal af="2" driver="tim" instance="19" name="ch1"/>
        <signal af="6" driver="i2s" instance="3" name="ck"/>
        <signal af="6" driver="spi" instance="3" name="sck"/>
        <signal af="7" driver="usart" instance="3" name="tx"/>
      </gpio>
      <gpio device-pin="r|v" port="c" pin="11">
        <signal af="2" driver="tim" instance="19" name="ch2"/>
        <signal af="6" driver="i2s" instance="3" name="mck"/>
        <signal af="6" driver="spi" instance="3" name="miso"/>
        <signal af="7" driver="usart" instance="3" name="rx"/>
      </gpio>
      <gpio device-pin="r|v" port="c" pin="12">
        <signal af="2" driver="tim" instance="19" name="ch3"/>
        <signal af="6" driver="i2s" instance="3" name="sd"/>
        <signal af="6" driver="spi" instance="3" name="mosi"/>
        <signal af="7" driver="usart" instance="3" name="ck"/>
      </gpio>
      <gpio port="c" pin="13">
        <signal driver="rtc" name="out_alarm"/>
        <signal driver="rtc" name="out_calib"/>
        <signal driver="rtc" name="tamp1"/>
        <signal driver="rtc" name="ts"/>
        <signal driver="sys" name="wkup2"/>
      </gpio>
      <gpio port="c" pin="14">
        <signal driver="rcc" name="osc32_in"/>
      </gpio>
      <gpio port="c" pin="15">
        <signal driver="rcc" name="osc32_out"/>
      </gpio>
      <gpio device-pin="v" port="d" pin="0">
        <signal af="2" driver="tim" instance="19" name="ch4"/>
        <signal af="7" driver="can" name="rx"/>
      </gpio>
      <gpio device-pin="v" port="d" pin="1">
        <signal af="2" driver="tim" instance="19" name="etr"/>
        <signal af="7" driver="can" name="tx"/>
      </gpio>
      <gpio device-pin="r|v" port="d" pin="2">
        <signal af="2" driver="tim" instance="3" name="etr"/>
      </gpio>
      <gpio device-pin="v" port="d" pin="3">
        <signal af="5" driver="i2s" instance="2" name="mck"/>
        <signal af="5" driver="spi" instance="2" name="miso"/>
        <signal af="7" driver="usart" instance="2" name="cts"/>
      </gpio>
      <gpio device-pin="v" port="d" pin="4">
        <signal af="5" driver="i2s" instance="2" name="sd"/>
        <signal af="5" driver="spi" instance="2" name="mosi"/>
        <signal af="7" driver="usart" instance="2" name="de"/>
        <signal af="7" driver="usart" instance="2" name="rts"/>
      </gpio>
      <gpio device-pin="v" port="d" pin="5">
        <signal af="7" driver="usart" instance="2" name="tx"/>
      </gpio>
      <gpio device-pin="v" port="d" pin="6">
        <signal af="5" driver="i2s" instance="2" name="ws"/>
        <signal af="5" driver="spi" instance="2" name="nss"/>
        <signal af="7" driver="usart" instance="2" name="rx"/>
      </gpio>
      <gpio device-pin="v" port="d" pin="7">
        <signal af="5" driver="i2s" instance="2" name="ck"/>
        <signal af="5" driver="spi" instance="2" name="sck"/>
        <signal af="7" driver="usart" instance="2" name="ck"/>
      </gpio>
      <gpio port="d" pin="8">
        <signal driver="sdadc" instance="3" name="ain6p"/>
        <signal af="3" driver="tsc" name="g6_io3"/>
        <signal af="5" driver="i2s" instance="2" name="ck"/>
        <signal af="5" driver="spi" instance="2" name="sck"/>
        <signal af="7" driver="usart" instance="3" name="tx"/>
      </gpio>
      <gpio device-pin="v" port="d" pin="9">
        <signal driver="sdadc" instance="3" name="ain5p"/>
        <signal driver="sdadc" instance="3" name="ain6m"/>
        <signal af="3" driver="tsc" name="g6_io4"/>
        <signal af="7" driver="usart" instance="3" name="rx"/>
      </gpio>
      <gpio device-pin="v" port="d" pin="10">
        <signal driver="sdadc" instance="3" name="ain4p"/>
        <signal af="7" driver="usart" instance="3" name="ck"/>
      </gpio>
      <gpio device-pin="v" port="d" pin="11">
        <signal driver="sdadc" instance="3" name="ain3p"/>
        <signal driver="sdadc" instance="3" name="ain4m"/>
        <signal af="7" driver="usart" instance="3" name="cts"/>
      </gpio>
      <gpio device-pin="v" port="d" pin="12">
        <signal driver="sdadc" instance="3" name="ain2p"/>
        <signal af="2" driver="tim" instance="4" name="ch1"/>
        <signal af="3" driver="tsc" name="g8_io1"/>
        <signal af="7" driver="usart" instance="3" name="de"/>
        <signal af="7" driver="usart" instance="3" name="rts"/>
      </gpio>
      <gpio device-pin="v" port="d" pin="13">
        <signal driver="sdadc" instance="3" name="ain1p"/>
        <signal driver="sdadc" instance="3" name="ain2m"/>
        <signal af="2" driver="tim" instance="4" name="ch2"/>
        <signal af="3" driver="tsc" name="g8_io2"/>
      </gpio>
      <gpio device-pin="v" port="d" pin="14">
        <signal driver="sdadc" instance="3" name="ain0p"/>
        <signal af="2" driver="tim" instance="4" name="ch3"/>
        <signal af="3" driver="tsc" name="g8_io3"/>
      </gpio>
      <gpio device-pin="v" port="d" pin="15">
        <signal driver="sdadc" instance="3" name="ain0m"/>
        <signal af="2" driver="tim" instance="4" name="ch4"/>
        <signal af="3" driver="tsc" name="g8_io4"/>
      </gpio>
      <gpio device-pin="v" port="e" pin="0">
        <signal af="2" driver="tim" instance="4" name="etr"/>
        <signal af="7" driver="usart" instance="1" name="tx"/>
      </gpio>
      <gpio device-pin="v" port="e" pin="1">
        <signal af="7" driver="usart" instance="1" name="rx"/>
      </gpio>
      <gpio device-pin="v" port="e" pin="2">
        <signal af="0" driver="sys" name="traceck"/>
        <signal af="3" driver="tsc" name="g7_io1"/>
      </gpio>
      <gpio device-pin="v" port="e" pin="3">
        <signal af="0" driver="sys" name="traced0"/>
        <signal af="3" driver="tsc" name="g7_io2"/>
      </gpio>
      <gpio device-pin="v" port="e" pin="4">
        <signal af="0" driver="sys" name="traced1"/>
        <signal af="3" driver="tsc" name="g7_io3"/>
      </gpio>
      <gpio device-pin="v" port="e" pin="5">
        <signal af="0" driver="sys" name="traced2"/>
        <signal af="3" driver="tsc" name="g7_io4"/>
      </gpio>
      <gpio device-pin="v" port="e" pin="6">
        <signal driver="rtc" name="tamp3"/>
        <signal driver="sys" name="wkup3"/>
        <signal af="0" driver="sys" name="traced3"/>
      </gpio>
      <gpio device-pin="v" port="e" pin="7">
        <signal driver="sdadc" instance="1" name="ain3p"/>
        <signal driver="sdadc" instance="1" name="ain4m"/>
        <signal driver="sdadc" instance="2" name="ain5p"/>
        <signal driver="sdadc" instance="2" name="ain6m"/>
      </gpio>
      <gpio port="e" pin="8">
        <signal driver="sdadc" instance="1" name="ain8p"/>
        <signal driver="sdadc" instance="2" name="ain8p"/>
      </gpio>
      <gpio port="e" pin="9">
        <signal driver="sdadc" instance="1" name="ain7p"/>
        <signal driver="sdadc" instance="1" name="ain8m"/>
        <signal driver="sdadc" instance="2" name="ain7p"/>
        <signal driver="sdadc" instance="2" name="ain8m"/>
      </gpio>
      <gpio device-pin="v" port="e" pin="10">
        <signal driver="sdadc" instance="1" name="ain2p"/>
      </gpio>
      <gpio device-pin="v" port="e" pin="11">
        <signal driver="sdadc" instance="1" name="ain1p"/>
        <signal driver="sdadc" instance="1" name="ain2m"/>
        <signal driver="sdadc" instance="2" name="ain4p"/>
      </gpio>
      <gpio device-pin="v" port="e" pin="12">
        <signal driver="sdadc" instance="1" name="ain0p"/>
        <signal driver="sdadc" instance="2" name="ain3p"/>
        <signal driver="sdadc" instance="2" name="ain4m"/>
      </gpio>
      <gpio device-pin="v" port="e" pin="13">
        <signal driver="sdadc" instance="1" name="ain0m"/>
        <signal driver="sdadc" instance="2" name="ain2p"/>
      </gpio>
      <gpio device-pin="v" port="e" pin="14">
        <signal driver="sdadc" instance="2" name="ain1p"/>
        <signal driver="sdadc" instance="2" name="ain2m"/>
      </gpio>
      <gpio device-pin="v" port="e" pin="15">
        <signal driver="sdadc" instance="2" name="ain0p"/>
        <signal af="7" driver="usart" instance="3" name="rx"/>
      </gpio>
      <gpio port="f" pin="0">
        <signal driver="rcc" name="osc_in"/>
        <signal af="4" driver="i2c" instance="2" name="sda"/>
      </gpio>
      <gpio port="f" pin="1">
        <signal driver="rcc" name="osc_out"/>
        <signal af="4" driver="i2c" instance="2" name="scl"/>
      </gpio>
      <gpio device-pin="v" port="f" pin="2">
        <signal af="4" driver="i2c" instance="2" name="smba"/>
      </gpio>
      <gpio device-pin="v" port="f" pin="4"/>
      <gpio port="f" pin="6">
        <signal af="2" driver="tim" instance="4" name="ch4"/>
        <signal af="4" driver="i2c" instance="2" name="scl"/>
        <signal af="5" driver="i2s" instance="1" name="sd"/>
        <signal af="5" driver="spi" instance="1" name="mosi"/>
        <signal af="7" driver="usart" instance="3" name="de"/>
        <signal af="7" driver="usart" instance="3" name="rts"/>
      </gpio>
      <gpio device-pin="c|r" port="f" pin="7">
        <signal af="4" driver="i2c" instance="2" name="sda"/>
        <signal af="7" driver="usart" instance="2" name="ck"/>
      </gpio>
      <gpio device-pin="v" port="f" pin="9">
        <signal af="2" driver="tim" instance="14" name="ch1"/>
      </gpio>
      <gpio device-pin="v" port="f" pin="10"/>
    </driver>
  </device>
</modm>
