<?xml version='1.0' encoding='UTF-8'?>
<modm version="0.4.0">
  <!-- WARNING: This file is generated by the modm device file generator. Do not edit! -->
  <device platform="stm32" family="l4" name="31|33|43" pin="c|k|r|v" size="b|c" package="i|t|u|y">
    <naming-schema>{platform}{family}{name}{pin}{size}{package}</naming-schema>
    <valid-device>stm32l431cbt</valid-device>
    <valid-device>stm32l431cbu</valid-device>
    <valid-device>stm32l431cby</valid-device>
    <valid-device>stm32l431cct</valid-device>
    <valid-device>stm32l431ccu</valid-device>
    <valid-device>stm32l431ccy</valid-device>
    <valid-device>stm32l431kbu</valid-device>
    <valid-device>stm32l431kcu</valid-device>
    <valid-device>stm32l431rbi</valid-device>
    <valid-device>stm32l431rbt</valid-device>
    <valid-device>stm32l431rby</valid-device>
    <valid-device>stm32l431rci</valid-device>
    <valid-device>stm32l431rct</valid-device>
    <valid-device>stm32l431rcy</valid-device>
    <valid-device>stm32l431vci</valid-device>
    <valid-device>stm32l431vct</valid-device>
    <valid-device>stm32l433cbt</valid-device>
    <valid-device>stm32l433cbu</valid-device>
    <valid-device>stm32l433cby</valid-device>
    <valid-device>stm32l433cct</valid-device>
    <valid-device>stm32l433ccu</valid-device>
    <valid-device>stm32l433ccy</valid-device>
    <valid-device>stm32l433rbi</valid-device>
    <valid-device>stm32l433rbt</valid-device>
    <valid-device>stm32l433rby</valid-device>
    <valid-device>stm32l433rci</valid-device>
    <valid-device>stm32l433rct</valid-device>
    <valid-device>stm32l433rcy</valid-device>
    <valid-device>stm32l433vci</valid-device>
    <valid-device>stm32l433vct</valid-device>
    <valid-device>stm32l443cct</valid-device>
    <valid-device>stm32l443ccu</valid-device>
    <valid-device>stm32l443ccy</valid-device>
    <valid-device>stm32l443rci</valid-device>
    <valid-device>stm32l443rct</valid-device>
    <valid-device>stm32l443rcy</valid-device>
    <valid-device>stm32l443vci</valid-device>
    <valid-device>stm32l443vct</valid-device>
    <driver name="core" type="cortex-m4f">
      <memory device-size="b" name="flash" access="rx" start="0x8000000" size="131072"/>
      <memory device-size="c" name="flash" access="rx" start="0x8000000" size="262144"/>
      <memory name="sram1" access="rwx" start="0x20000000" size="32768"/>
      <memory name="sram2" access="rwx" start="0x20008000" size="32768"/>
      <vector position="0" name="WWDG"/>
      <vector position="1" name="PVD_PVM"/>
      <vector position="2" name="TAMP_STAMP"/>
      <vector position="3" name="RTC_WKUP"/>
      <vector position="4" name="FLASH"/>
      <vector position="5" name="RCC"/>
      <vector position="6" name="EXTI0"/>
      <vector position="7" name="EXTI1"/>
      <vector position="8" name="EXTI2"/>
      <vector position="9" name="EXTI3"/>
      <vector position="10" name="EXTI4"/>
      <vector position="11" name="DMA1_Channel1"/>
      <vector position="12" name="DMA1_Channel2"/>
      <vector position="13" name="DMA1_Channel3"/>
      <vector position="14" name="DMA1_Channel4"/>
      <vector position="15" name="DMA1_Channel5"/>
      <vector position="16" name="DMA1_Channel6"/>
      <vector position="17" name="DMA1_Channel7"/>
      <vector position="18" name="ADC1"/>
      <vector position="19" name="CAN1_TX"/>
      <vector position="20" name="CAN1_RX0"/>
      <vector position="21" name="CAN1_RX1"/>
      <vector position="22" name="CAN1_SCE"/>
      <vector position="23" name="EXTI9_5"/>
      <vector position="24" name="TIM1_BRK_TIM15"/>
      <vector position="25" name="TIM1_UP_TIM16"/>
      <vector position="26" name="TIM1_TRG_COM"/>
      <vector position="27" name="TIM1_CC"/>
      <vector position="28" name="TIM2"/>
      <vector position="31" name="I2C1_EV"/>
      <vector position="32" name="I2C1_ER"/>
      <vector position="33" name="I2C2_EV"/>
      <vector position="34" name="I2C2_ER"/>
      <vector position="35" name="SPI1"/>
      <vector position="36" name="SPI2"/>
      <vector position="37" name="USART1"/>
      <vector position="38" name="USART2"/>
      <vector position="39" name="USART3"/>
      <vector position="40" name="EXTI15_10"/>
      <vector position="41" name="RTC_Alarm"/>
      <vector position="49" name="SDMMC1"/>
      <vector position="51" name="SPI3"/>
      <vector position="54" name="TIM6_DAC"/>
      <vector position="55" name="TIM7"/>
      <vector position="56" name="DMA2_Channel1"/>
      <vector position="57" name="DMA2_Channel2"/>
      <vector position="58" name="DMA2_Channel3"/>
      <vector position="59" name="DMA2_Channel4"/>
      <vector position="60" name="DMA2_Channel5"/>
      <vector position="64" name="COMP"/>
      <vector position="65" name="LPTIM1"/>
      <vector position="66" name="LPTIM2"/>
      <vector device-name="33|43" position="67" name="USB"/>
      <vector position="68" name="DMA2_Channel6"/>
      <vector position="69" name="DMA2_Channel7"/>
      <vector position="70" name="LPUART1"/>
      <vector position="71" name="QUADSPI"/>
      <vector position="72" name="I2C3_EV"/>
      <vector position="73" name="I2C3_ER"/>
      <vector position="74" name="SAI1"/>
      <vector position="76" name="SWPMI1"/>
      <vector position="77" name="TSC"/>
      <vector device-name="33|43" position="78" name="LCD"/>
      <vector device-name="43" position="79" name="AES"/>
      <vector position="80" name="RNG"/>
      <vector position="81" name="FPU"/>
      <vector position="82" name="CRS"/>
    </driver>
    <driver name="adc" type="stm32-f3">
      <instance value="1"/>
    </driver>
    <driver device-name="43" name="aes" type="stm32-v1.0"/>
    <driver name="can" type="stm32">
      <feature value="filter-28"/>
      <instance value="1"/>
    </driver>
    <driver name="comp" type="stm32-tsmc90_cube">
      <instance value="1"/>
      <instance value="2"/>
    </driver>
    <driver name="crc" type="stm32"/>
    <driver name="dac" type="stm32">
      <feature value="status"/>
      <instance value="1"/>
    </driver>
    <driver name="dma" type="stm32-extended">
      <instance value="1"/>
      <instance value="2"/>
    </driver>
    <driver name="flash" type="stm32-v1.0">
      <latency vcore-min="1000">
        <wait-state ws="0" hclk-max="6000000"/>
        <wait-state ws="1" hclk-max="12000000"/>
        <wait-state ws="2" hclk-max="18000000"/>
        <wait-state ws="3" hclk-max="26000000"/>
      </latency>
      <latency vcore-min="1200">
        <wait-state ws="0" hclk-max="16000000"/>
        <wait-state ws="1" hclk-max="32000000"/>
        <wait-state ws="2" hclk-max="48000000"/>
        <wait-state ws="3" hclk-max="64000000"/>
        <wait-state ws="4" hclk-max="80000000"/>
      </latency>
    </driver>
    <driver name="i2c" type="stm32-extended">
      <feature value="dnf"/>
      <feature value="fmp"/>
      <instance value="1"/>
      <instance device-pin="c|r|v" value="2"/>
      <instance value="3"/>
    </driver>
    <driver name="irtim" type="stm32-v1.0"/>
    <driver name="iwdg" type="stm32"/>
    <driver device-name="33|43" name="lcd" type="stm32-v1.2"/>
    <driver name="lptim" type="stm32-v1.0">
      <instance value="1"/>
      <instance value="2"/>
    </driver>
    <driver name="lpuart" type="stm32-v1.1">
      <instance value="1"/>
    </driver>
    <driver name="opamp" type="stm32-v1.0">
      <instance value="1"/>
    </driver>
    <driver name="quadspi" type="stm32-v2.2"/>
    <driver name="rcc" type="stm32-v1.0"/>
    <driver name="rng" type="stm32"/>
    <driver name="rtc" type="stm32-v2.4"/>
    <driver name="sai" type="stm32-v1.2">
      <instance value="1"/>
    </driver>
    <driver device-pin="r|v" name="sdmmc" type="stm32-v1.3">
      <instance value="1"/>
    </driver>
    <driver name="spi" type="stm32">
      <feature value="data-size"/>
      <feature value="fifo"/>
      <feature value="nss-pulse"/>
      <instance value="1"/>
      <instance device-pin="c|r|v" value="2"/>
      <instance value="3"/>
    </driver>
    <driver name="swpmi" type="stm32-v1.0">
      <instance value="1"/>
    </driver>
    <driver name="sys" type="stm32">
      <feature value="exti"/>
    </driver>
    <driver name="tim" type="stm32-advanced">
      <instance value="1"/>
    </driver>
    <driver name="tim" type="stm32-basic">
      <instance value="6"/>
      <instance value="7"/>
    </driver>
    <driver name="tim" type="stm32-general-purpose">
      <instance value="2"/>
      <instance value="15"/>
      <instance value="16"/>
    </driver>
    <driver name="tsc" type="stm32-v1.0"/>
    <driver name="usart" type="stm32-extended">
      <instance value="1"/>
      <instance value="2"/>
      <instance device-pin="c|r|v" value="3"/>
    </driver>
    <driver device-name="33|43" name="usb" type="stm32-v2.0"/>
    <driver name="wwdg" type="stm32-v1.0"/>
    <driver name="gpio" type="stm32">
      <gpio port="a" pin="0">
        <signal driver="adc" instance="1" name="in5"/>
        <signal driver="comp" instance="1" name="inm"/>
        <signal driver="opamp" instance="1" name="vinp"/>
        <signal device-pin="k" driver="rcc" name="ck_in"/>
        <signal driver="rtc" name="tamp2"/>
        <signal driver="sys" name="wkup1"/>
        <signal af="1" driver="tim" instance="2" name="ch1"/>
        <signal af="7" driver="usart" instance="2" name="cts"/>
        <signal af="12" driver="comp" instance="1" name="out"/>
        <signal af="13" driver="sai" instance="1" name="extclk"/>
        <signal af="14" driver="tim" instance="2" name="etr"/>
      </gpio>
      <gpio port="a" pin="1">
        <signal driver="adc" instance="1" name="in6"/>
        <signal driver="comp" instance="1" name="inp"/>
        <signal driver="opamp" instance="1" name="vinm"/>
        <signal af="1" driver="tim" instance="2" name="ch2"/>
        <signal af="4" driver="i2c" instance="1" name="smba"/>
        <signal af="5" driver="spi" instance="1" name="sck"/>
        <signal af="7" driver="usart" instance="2" name="de"/>
        <signal af="7" driver="usart" instance="2" name="rts"/>
        <signal device-name="33|43" af="11" driver="lcd" name="seg0"/>
        <signal af="14" driver="tim" instance="15" name="ch1n"/>
      </gpio>
      <gpio port="a" pin="2">
        <signal driver="adc" instance="1" name="in7"/>
        <signal driver="comp" instance="2" name="inm"/>
        <signal driver="rcc" name="lsco"/>
        <signal driver="sys" name="wkup4"/>
        <signal af="1" driver="tim" instance="2" name="ch3"/>
        <signal af="7" driver="usart" instance="2" name="tx"/>
        <signal af="8" driver="lpuart" instance="1" name="tx"/>
        <signal af="10" driver="quadspi" name="bk1_ncs"/>
        <signal device-name="33|43" af="11" driver="lcd" name="seg1"/>
        <signal af="12" driver="comp" instance="2" name="out"/>
        <signal af="14" driver="tim" instance="15" name="ch1"/>
      </gpio>
      <gpio port="a" pin="3">
        <signal driver="adc" instance="1" name="in8"/>
        <signal driver="comp" instance="2" name="inp"/>
        <signal driver="opamp" instance="1" name="vout"/>
        <signal af="1" driver="tim" instance="2" name="ch4"/>
        <signal af="7" driver="usart" instance="2" name="rx"/>
        <signal af="8" driver="lpuart" instance="1" name="rx"/>
        <signal af="10" driver="quadspi" name="clk"/>
        <signal device-name="33|43" af="11" driver="lcd" name="seg2"/>
        <signal af="13" driver="sai" instance="1" name="mclk_a"/>
        <signal af="14" driver="tim" instance="15" name="ch2"/>
      </gpio>
      <gpio port="a" pin="4">
        <signal driver="adc" instance="1" name="in9"/>
        <signal driver="comp" instance="1" name="inm"/>
        <signal driver="comp" instance="2" name="inm"/>
        <signal driver="dac" instance="1" name="out1"/>
        <signal af="5" driver="spi" instance="1" name="nss"/>
        <signal af="6" driver="spi" instance="3" name="nss"/>
        <signal af="7" driver="usart" instance="2" name="ck"/>
        <signal af="13" driver="sai" instance="1" name="fs_b"/>
        <signal af="14" driver="lptim" instance="2" name="out"/>
      </gpio>
      <gpio port="a" pin="5">
        <signal driver="adc" instance="1" name="in10"/>
        <signal driver="comp" instance="1" name="inm"/>
        <signal driver="comp" instance="2" name="inm"/>
        <signal driver="dac" instance="1" name="out2"/>
        <signal af="1" driver="tim" instance="2" name="ch1"/>
        <signal af="2" driver="tim" instance="2" name="etr"/>
        <signal af="5" driver="spi" instance="1" name="sck"/>
        <signal af="14" driver="lptim" instance="2" name="etr"/>
      </gpio>
      <gpio port="a" pin="6">
        <signal driver="adc" instance="1" name="in11"/>
        <signal af="1" driver="tim" instance="1" name="bkin"/>
        <signal af="5" driver="spi" instance="1" name="miso"/>
        <signal af="6" driver="comp" instance="1" name="out"/>
        <signal device-pin="c|r|v" af="7" driver="usart" instance="3" name="cts"/>
        <signal af="8" driver="lpuart" instance="1" name="cts"/>
        <signal af="10" driver="quadspi" name="bk1_io3"/>
        <signal device-name="33|43" af="11" driver="lcd" name="seg3"/>
        <signal af="12" driver="tim" instance="1" name="bkin_comp2"/>
        <signal af="14" driver="tim" instance="16" name="ch1"/>
      </gpio>
      <gpio port="a" pin="7">
        <signal driver="adc" instance="1" name="in12"/>
        <signal af="1" driver="tim" instance="1" name="ch1n"/>
        <signal af="4" driver="i2c" instance="3" name="scl"/>
        <signal af="5" driver="spi" instance="1" name="mosi"/>
        <signal af="10" driver="quadspi" name="bk1_io2"/>
        <signal device-name="33|43" af="11" driver="lcd" name="seg4"/>
        <signal af="12" driver="comp" instance="2" name="out"/>
      </gpio>
      <gpio port="a" pin="8">
        <signal af="0" driver="rcc" name="mco"/>
        <signal af="1" driver="tim" instance="1" name="ch1"/>
        <signal af="7" driver="usart" instance="1" name="ck"/>
        <signal device-name="33|43" af="11" driver="lcd" name="com0"/>
        <signal af="12" driver="swpmi" instance="1" name="io"/>
        <signal af="13" driver="sai" instance="1" name="sck_a"/>
        <signal af="14" driver="lptim" instance="2" name="out"/>
      </gpio>
      <gpio port="a" pin="9">
        <signal af="1" driver="tim" instance="1" name="ch2"/>
        <signal af="4" driver="i2c" instance="1" name="scl"/>
        <signal af="7" driver="usart" instance="1" name="tx"/>
        <signal device-name="33|43" af="11" driver="lcd" name="com1"/>
        <signal af="13" driver="sai" instance="1" name="fs_a"/>
        <signal af="14" driver="tim" instance="15" name="bkin"/>
      </gpio>
      <gpio port="a" pin="10">
        <signal af="1" driver="tim" instance="1" name="ch3"/>
        <signal af="4" driver="i2c" instance="1" name="sda"/>
        <signal af="7" driver="usart" instance="1" name="rx"/>
        <signal device-name="33|43" af="10" name="crs_sync"/>
        <signal device-name="33|43" af="11" driver="lcd" name="com2"/>
        <signal af="13" driver="sai" instance="1" name="sd_a"/>
      </gpio>
      <gpio port="a" pin="11">
        <signal af="1" driver="tim" instance="1" name="ch4"/>
        <signal af="2" driver="tim" instance="1" name="bkin2"/>
        <signal af="5" driver="spi" instance="1" name="miso"/>
        <signal af="6" driver="comp" instance="1" name="out"/>
        <signal af="7" driver="usart" instance="1" name="cts"/>
        <signal af="9" driver="can" instance="1" name="rx"/>
        <signal device-name="33|43" af="10" driver="usb" name="dm"/>
        <signal af="12" driver="tim" instance="1" name="bkin2_comp1"/>
      </gpio>
      <gpio port="a" pin="12">
        <signal af="1" driver="tim" instance="1" name="etr"/>
        <signal af="5" driver="spi" instance="1" name="mosi"/>
        <signal af="7" driver="usart" instance="1" name="de"/>
        <signal af="7" driver="usart" instance="1" name="rts"/>
        <signal af="9" driver="can" instance="1" name="tx"/>
        <signal device-name="33|43" af="10" driver="usb" name="dp"/>
      </gpio>
      <gpio port="a" pin="13">
        <signal af="0" driver="sys" name="jtms"/>
        <signal af="0" driver="sys" name="swdio"/>
        <signal af="1" name="ir_out"/>
        <signal device-name="33|43" af="10" driver="usb" name="noe"/>
        <signal af="12" driver="swpmi" instance="1" name="tx"/>
        <signal af="13" driver="sai" instance="1" name="sd_b"/>
      </gpio>
      <gpio port="a" pin="14">
        <signal af="0" driver="sys" name="jtck"/>
        <signal af="0" driver="sys" name="swclk"/>
        <signal af="1" driver="lptim" instance="1" name="out"/>
        <signal af="4" driver="i2c" instance="1" name="smba"/>
        <signal af="12" driver="swpmi" instance="1" name="rx"/>
        <signal af="13" driver="sai" instance="1" name="fs_b"/>
      </gpio>
      <gpio port="a" pin="15">
        <signal af="0" driver="sys" name="jtdi"/>
        <signal af="1" driver="tim" instance="2" name="ch1"/>
        <signal af="2" driver="tim" instance="2" name="etr"/>
        <signal af="3" driver="usart" instance="2" name="rx"/>
        <signal af="5" driver="spi" instance="1" name="nss"/>
        <signal af="6" driver="spi" instance="3" name="nss"/>
        <signal device-pin="c|r|v" af="7" driver="usart" instance="3" name="de"/>
        <signal device-pin="c|r|v" af="7" driver="usart" instance="3" name="rts"/>
        <signal device-pin="r|v" af="9" driver="tsc" name="g3_io1"/>
        <signal device-name="33|43" af="11" driver="lcd" name="seg17"/>
        <signal af="12" driver="swpmi" instance="1" name="suspend"/>
      </gpio>
      <gpio port="b" pin="0">
        <signal driver="adc" instance="1" name="in15"/>
        <signal af="1" driver="tim" instance="1" name="ch2n"/>
        <signal af="5" driver="spi" instance="1" name="nss"/>
        <signal device-pin="c|r|v" af="7" driver="usart" instance="3" name="ck"/>
        <signal af="10" driver="quadspi" name="bk1_io1"/>
        <signal device-name="33|43" af="11" driver="lcd" name="seg5"/>
        <signal af="12" driver="comp" instance="1" name="out"/>
        <signal af="13" driver="sai" instance="1" name="extclk"/>
      </gpio>
      <gpio port="b" pin="1">
        <signal driver="adc" instance="1" name="in16"/>
        <signal driver="comp" instance="1" name="inm"/>
        <signal af="1" driver="tim" instance="1" name="ch3n"/>
        <signal device-pin="c|r|v" af="7" driver="usart" instance="3" name="de"/>
        <signal device-pin="c|r|v" af="7" driver="usart" instance="3" name="rts"/>
        <signal af="8" driver="lpuart" instance="1" name="de"/>
        <signal af="8" driver="lpuart" instance="1" name="rts"/>
        <signal af="10" driver="quadspi" name="bk1_io0"/>
        <signal device-name="33|43" af="11" driver="lcd" name="seg6"/>
        <signal af="14" driver="lptim" instance="2" name="in1"/>
      </gpio>
      <gpio device-pin="c|r|v" port="b" pin="2">
        <signal driver="comp" instance="1" name="inp"/>
        <signal af="0" driver="rtc" name="out_alarm"/>
        <signal af="0" driver="rtc" name="out_calib"/>
        <signal af="1" driver="lptim" instance="1" name="out"/>
        <signal af="4" driver="i2c" instance="3" name="smba"/>
        <signal device-name="33|43" af="11" driver="lcd" name="vlcd"/>
      </gpio>
      <gpio port="b" pin="3">
        <signal driver="comp" instance="2" name="inm"/>
        <signal af="0" driver="sys" name="jtdo"/>
        <signal af="0" driver="sys" name="swo"/>
        <signal af="1" driver="tim" instance="2" name="ch2"/>
        <signal af="5" driver="spi" instance="1" name="sck"/>
        <signal af="6" driver="spi" instance="3" name="sck"/>
        <signal af="7" driver="usart" instance="1" name="de"/>
        <signal af="7" driver="usart" instance="1" name="rts"/>
        <signal device-name="33|43" af="11" driver="lcd" name="seg7"/>
        <signal af="13" driver="sai" instance="1" name="sck_b"/>
      </gpio>
      <gpio port="b" pin="4">
        <signal driver="comp" instance="2" name="inp"/>
        <signal af="0" driver="sys" name="jtrst"/>
        <signal af="4" driver="i2c" instance="3" name="sda"/>
        <signal af="5" driver="spi" instance="1" name="miso"/>
        <signal af="6" driver="spi" instance="3" name="miso"/>
        <signal af="7" driver="usart" instance="1" name="cts"/>
        <signal af="9" driver="tsc" name="g2_io1"/>
        <signal device-name="33|43" af="11" driver="lcd" name="seg8"/>
        <signal af="13" driver="sai" instance="1" name="mclk_b"/>
      </gpio>
      <gpio port="b" pin="5">
        <signal af="1" driver="lptim" instance="1" name="in1"/>
        <signal af="4" driver="i2c" instance="1" name="smba"/>
        <signal af="5" driver="spi" instance="1" name="mosi"/>
        <signal af="6" driver="spi" instance="3" name="mosi"/>
        <signal af="7" driver="usart" instance="1" name="ck"/>
        <signal af="9" driver="tsc" name="g2_io2"/>
        <signal device-name="33|43" af="11" driver="lcd" name="seg9"/>
        <signal af="12" driver="comp" instance="2" name="out"/>
        <signal af="13" driver="sai" instance="1" name="sd_b"/>
        <signal af="14" driver="tim" instance="16" name="bkin"/>
      </gpio>
      <gpio port="b" pin="6">
        <signal driver="comp" instance="2" name="inp"/>
        <signal af="1" driver="lptim" instance="1" name="etr"/>
        <signal af="4" driver="i2c" instance="1" name="scl"/>
        <signal af="7" driver="usart" instance="1" name="tx"/>
        <signal af="9" driver="tsc" name="g2_io3"/>
        <signal af="13" driver="sai" instance="1" name="fs_b"/>
        <signal af="14" driver="tim" instance="16" name="ch1n"/>
      </gpio>
      <gpio port="b" pin="7">
        <signal driver="comp" instance="2" name="inm"/>
        <signal driver="sys" name="pvd_in"/>
        <signal af="1" driver="lptim" instance="1" name="in2"/>
        <signal af="4" driver="i2c" instance="1" name="sda"/>
        <signal af="7" driver="usart" instance="1" name="rx"/>
        <signal af="9" driver="tsc" name="g2_io4"/>
        <signal device-name="33|43" af="11" driver="lcd" name="seg21"/>
      </gpio>
      <gpio device-pin="c|r|v" port="b" pin="8">
        <signal af="4" driver="i2c" instance="1" name="scl"/>
        <signal af="9" driver="can" instance="1" name="rx"/>
        <signal device-name="33|43" af="11" driver="lcd" name="seg16"/>
        <signal device-pin="r|v" af="12" driver="sdmmc" instance="1" name="d4"/>
        <signal af="13" driver="sai" instance="1" name="mclk_a"/>
        <signal af="14" driver="tim" instance="16" name="ch1"/>
      </gpio>
      <gpio device-pin="c|r|v" port="b" pin="9">
        <signal af="1" name="ir_out"/>
        <signal af="4" driver="i2c" instance="1" name="sda"/>
        <signal af="5" driver="spi" instance="2" name="nss"/>
        <signal af="9" driver="can" instance="1" name="tx"/>
        <signal device-name="33|43" af="11" driver="lcd" name="com3"/>
        <signal device-pin="r|v" af="12" driver="sdmmc" instance="1" name="d5"/>
        <signal af="13" driver="sai" instance="1" name="fs_a"/>
      </gpio>
      <gpio device-pin="c|r|v" port="b" pin="10">
        <signal af="1" driver="tim" instance="2" name="ch3"/>
        <signal af="4" driver="i2c" instance="2" name="scl"/>
        <signal af="5" driver="spi" instance="2" name="sck"/>
        <signal af="7" driver="usart" instance="3" name="tx"/>
        <signal af="8" driver="lpuart" instance="1" name="rx"/>
        <signal af="9" driver="tsc" name="sync"/>
        <signal af="10" driver="quadspi" name="clk"/>
        <signal device-name="33|43" af="11" driver="lcd" name="seg10"/>
        <signal af="12" driver="comp" instance="1" name="out"/>
        <signal af="13" driver="sai" instance="1" name="sck_a"/>
      </gpio>
      <gpio device-pin="c|r|v" port="b" pin="11">
        <signal af="1" driver="tim" instance="2" name="ch4"/>
        <signal af="4" driver="i2c" instance="2" name="sda"/>
        <signal af="7" driver="usart" instance="3" name="rx"/>
        <signal af="8" driver="lpuart" instance="1" name="tx"/>
        <signal af="10" driver="quadspi" name="bk1_ncs"/>
        <signal device-name="33|43" af="11" driver="lcd" name="seg11"/>
        <signal af="12" driver="comp" instance="2" name="out"/>
      </gpio>
      <gpio device-pin="c|r|v" port="b" pin="12">
        <signal af="1" driver="tim" instance="1" name="bkin"/>
        <signal af="3" driver="tim" instance="1" name="bkin_comp2"/>
        <signal af="4" driver="i2c" instance="2" name="smba"/>
        <signal af="5" driver="spi" instance="2" name="nss"/>
        <signal af="7" driver="usart" instance="3" name="ck"/>
        <signal af="8" driver="lpuart" instance="1" name="de"/>
        <signal af="8" driver="lpuart" instance="1" name="rts"/>
        <signal af="9" driver="tsc" name="g1_io1"/>
        <signal device-name="33|43" af="11" driver="lcd" name="seg12"/>
        <signal af="12" driver="swpmi" instance="1" name="io"/>
        <signal af="13" driver="sai" instance="1" name="fs_a"/>
        <signal af="14" driver="tim" instance="15" name="bkin"/>
      </gpio>
      <gpio device-pin="c|r|v" port="b" pin="13">
        <signal af="1" driver="tim" instance="1" name="ch1n"/>
        <signal af="4" driver="i2c" instance="2" name="scl"/>
        <signal af="5" driver="spi" instance="2" name="sck"/>
        <signal af="7" driver="usart" instance="3" name="cts"/>
        <signal af="8" driver="lpuart" instance="1" name="cts"/>
        <signal af="9" driver="tsc" name="g1_io2"/>
        <signal device-name="33|43" af="11" driver="lcd" name="seg13"/>
        <signal af="12" driver="swpmi" instance="1" name="tx"/>
        <signal af="13" driver="sai" instance="1" name="sck_a"/>
        <signal af="14" driver="tim" instance="15" name="ch1n"/>
      </gpio>
      <gpio device-pin="c|r|v" port="b" pin="14">
        <signal af="1" driver="tim" instance="1" name="ch2n"/>
        <signal af="4" driver="i2c" instance="2" name="sda"/>
        <signal af="5" driver="spi" instance="2" name="miso"/>
        <signal af="7" driver="usart" instance="3" name="de"/>
        <signal af="7" driver="usart" instance="3" name="rts"/>
        <signal af="9" driver="tsc" name="g1_io3"/>
        <signal device-name="33|43" af="11" driver="lcd" name="seg14"/>
        <signal af="12" driver="swpmi" instance="1" name="rx"/>
        <signal af="13" driver="sai" instance="1" name="mclk_a"/>
        <signal af="14" driver="tim" instance="15" name="ch1"/>
      </gpio>
      <gpio device-pin="c|r|v" port="b" pin="15">
        <signal af="0" driver="rtc" name="refin"/>
        <signal af="1" driver="tim" instance="1" name="ch3n"/>
        <signal af="5" driver="spi" instance="2" name="mosi"/>
        <signal af="9" driver="tsc" name="g1_io4"/>
        <signal device-name="33|43" af="11" driver="lcd" name="seg15"/>
        <signal af="12" driver="swpmi" instance="1" name="suspend"/>
        <signal af="13" driver="sai" instance="1" name="sd_a"/>
        <signal af="14" driver="tim" instance="15" name="ch2"/>
      </gpio>
      <gpio device-pin="r|v" port="c" pin="0">
        <signal driver="adc" instance="1" name="in1"/>
        <signal af="1" driver="lptim" instance="1" name="in1"/>
        <signal af="4" driver="i2c" instance="3" name="scl"/>
        <signal af="8" driver="lpuart" instance="1" name="rx"/>
        <signal device-name="33|43" device-pin="r|v" af="11" driver="lcd" name="seg18"/>
        <signal af="14" driver="lptim" instance="2" name="in1"/>
      </gpio>
      <gpio device-pin="r|v" port="c" pin="1">
        <signal driver="adc" instance="1" name="in2"/>
        <signal af="1" driver="lptim" instance="1" name="out"/>
        <signal af="4" driver="i2c" instance="3" name="sda"/>
        <signal af="8" driver="lpuart" instance="1" name="tx"/>
        <signal device-name="33|43" device-pin="r|v" af="11" driver="lcd" name="seg19"/>
      </gpio>
      <gpio device-pin="r|v" port="c" pin="2">
        <signal driver="adc" instance="1" name="in3"/>
        <signal af="1" driver="lptim" instance="1" name="in2"/>
        <signal af="5" driver="spi" instance="2" name="miso"/>
        <signal device-name="33|43" device-pin="r|v" af="11" driver="lcd" name="seg20"/>
      </gpio>
      <gpio device-pin="c|r" device-package="y" port="c" pin="3">
        <signal driver="adc" instance="1" name="in4"/>
        <signal af="1" driver="lptim" instance="1" name="etr"/>
        <signal af="5" driver="spi" instance="2" name="mosi"/>
        <signal device-name="33|43" device-pin="c|r" device-package="y" af="11" driver="lcd" name="vlcd"/>
        <signal device-name="33|43" device-pin="r|v" device-package="i|t" af="11" driver="lcd" name="vlcd"/>
        <signal af="13" driver="sai" instance="1" name="sd_a"/>
        <signal af="14" driver="lptim" instance="2" name="etr"/>
      </gpio>
      <gpio device-pin="r|v" device-package="i|t" port="c" pin="3">
        <signal driver="adc" instance="1" name="in4"/>
        <signal af="1" driver="lptim" instance="1" name="etr"/>
        <signal af="5" driver="spi" instance="2" name="mosi"/>
        <signal device-name="33|43" device-pin="c|r" device-package="y" af="11" driver="lcd" name="vlcd"/>
        <signal device-name="33|43" device-pin="r|v" device-package="i|t" af="11" driver="lcd" name="vlcd"/>
        <signal af="13" driver="sai" instance="1" name="sd_a"/>
        <signal af="14" driver="lptim" instance="2" name="etr"/>
      </gpio>
      <gpio device-pin="r|v" port="c" pin="4">
        <signal driver="adc" instance="1" name="in13"/>
        <signal driver="comp" instance="1" name="inm"/>
        <signal af="7" driver="usart" instance="3" name="tx"/>
        <signal device-name="33|43" device-pin="r|v" af="11" driver="lcd" name="seg22"/>
      </gpio>
      <gpio device-pin="r|v" port="c" pin="5">
        <signal driver="adc" instance="1" name="in14"/>
        <signal driver="comp" instance="1" name="inp"/>
        <signal driver="sys" name="wkup5"/>
        <signal af="7" driver="usart" instance="3" name="rx"/>
        <signal device-name="33|43" device-pin="r|v" af="11" driver="lcd" name="seg23"/>
      </gpio>
      <gpio device-pin="r|v" port="c" pin="6">
        <signal af="9" driver="tsc" name="g4_io1"/>
        <signal device-name="33|43" device-pin="r|v" af="11" driver="lcd" name="seg24"/>
        <signal af="12" driver="sdmmc" instance="1" name="d6"/>
      </gpio>
      <gpio device-pin="r|v" port="c" pin="7">
        <signal af="9" driver="tsc" name="g4_io2"/>
        <signal device-name="33|43" device-pin="r|v" af="11" driver="lcd" name="seg25"/>
        <signal af="12" driver="sdmmc" instance="1" name="d7"/>
      </gpio>
      <gpio device-pin="r|v" port="c" pin="8">
        <signal af="9" driver="tsc" name="g4_io3"/>
        <signal device-name="33|43" device-pin="r|v" af="11" driver="lcd" name="seg26"/>
        <signal af="12" driver="sdmmc" instance="1" name="d0"/>
      </gpio>
      <gpio device-pin="r|v" port="c" pin="9">
        <signal af="9" driver="tsc" name="g4_io4"/>
        <signal device-name="33|43" device-pin="r|v" af="10" driver="usb" name="noe"/>
        <signal device-name="33|43" device-pin="r|v" af="11" driver="lcd" name="seg27"/>
        <signal af="12" driver="sdmmc" instance="1" name="d1"/>
      </gpio>
      <gpio device-pin="r|v" port="c" pin="10">
        <signal af="6" driver="spi" instance="3" name="sck"/>
        <signal af="7" driver="usart" instance="3" name="tx"/>
        <signal af="9" driver="tsc" name="g3_io2"/>
        <signal device-name="33|43" device-pin="r|v" af="11" driver="lcd" name="com4"/>
        <signal device-name="33|43" device-pin="r|v" af="11" driver="lcd" name="seg28"/>
        <signal device-name="33|43" device-pin="r|v" af="11" driver="lcd" name="seg40"/>
        <signal af="12" driver="sdmmc" instance="1" name="d2"/>
      </gpio>
      <gpio device-pin="r|v" port="c" pin="11">
        <signal af="6" driver="spi" instance="3" name="miso"/>
        <signal af="7" driver="usart" instance="3" name="rx"/>
        <signal af="9" driver="tsc" name="g3_io3"/>
        <signal device-name="33|43" device-pin="r|v" af="11" driver="lcd" name="com5"/>
        <signal device-name="33|43" device-pin="r|v" af="11" driver="lcd" name="seg29"/>
        <signal device-name="33|43" device-pin="r|v" af="11" driver="lcd" name="seg41"/>
        <signal af="12" driver="sdmmc" instance="1" name="d3"/>
      </gpio>
      <gpio device-pin="r|v" port="c" pin="12">
        <signal af="6" driver="spi" instance="3" name="mosi"/>
        <signal af="7" driver="usart" instance="3" name="ck"/>
        <signal af="9" driver="tsc" name="g3_io4"/>
        <signal device-name="33|43" device-pin="r|v" af="11" driver="lcd" name="com6"/>
        <signal device-name="33|43" device-pin="r|v" af="11" driver="lcd" name="seg30"/>
        <signal device-name="33|43" device-pin="r|v" af="11" driver="lcd" name="seg42"/>
        <signal af="12" driver="sdmmc" instance="1" name="ck"/>
      </gpio>
      <gpio device-pin="c|r|v" port="c" pin="13">
        <signal driver="rtc" name="out_alarm"/>
        <signal driver="rtc" name="out_calib"/>
        <signal driver="rtc" name="tamp1"/>
        <signal driver="rtc" name="ts"/>
        <signal driver="sys" name="wkup2"/>
      </gpio>
      <gpio port="c" pin="14">
        <signal driver="rcc" name="osc32_in"/>
      </gpio>
      <gpio port="c" pin="15">
        <signal driver="rcc" name="osc32_out"/>
      </gpio>
      <gpio device-pin="v" port="d" pin="0">
        <signal af="5" driver="spi" instance="2" name="nss"/>
        <signal af="9" driver="can" instance="1" name="rx"/>
      </gpio>
      <gpio device-pin="v" port="d" pin="1">
        <signal af="5" driver="spi" instance="2" name="sck"/>
        <signal af="9" driver="can" instance="1" name="tx"/>
      </gpio>
      <gpio device-pin="r|v" port="d" pin="2">
        <signal af="7" driver="usart" instance="3" name="de"/>
        <signal af="7" driver="usart" instance="3" name="rts"/>
        <signal af="9" driver="tsc" name="sync"/>
        <signal device-name="33|43" device-pin="r|v" af="11" driver="lcd" name="com7"/>
        <signal device-name="33|43" device-pin="r|v" af="11" driver="lcd" name="seg31"/>
        <signal device-name="33|43" device-pin="r|v" af="11" driver="lcd" name="seg43"/>
        <signal af="12" driver="sdmmc" instance="1" name="cmd"/>
      </gpio>
      <gpio device-pin="v" port="d" pin="3">
        <signal af="5" driver="spi" instance="2" name="miso"/>
        <signal af="7" driver="usart" instance="2" name="cts"/>
        <signal af="10" driver="quadspi" name="bk2_ncs"/>
      </gpio>
      <gpio device-pin="v" port="d" pin="4">
        <signal af="5" driver="spi" instance="2" name="mosi"/>
        <signal af="7" driver="usart" instance="2" name="de"/>
        <signal af="7" driver="usart" instance="2" name="rts"/>
        <signal af="10" driver="quadspi" name="bk2_io0"/>
      </gpio>
      <gpio device-pin="v" port="d" pin="5">
        <signal af="7" driver="usart" instance="2" name="tx"/>
        <signal af="10" driver="quadspi" name="bk2_io1"/>
      </gpio>
      <gpio device-pin="v" port="d" pin="6">
        <signal af="7" driver="usart" instance="2" name="rx"/>
        <signal af="10" driver="quadspi" name="bk2_io2"/>
        <signal af="13" driver="sai" instance="1" name="sd_a"/>
      </gpio>
      <gpio device-pin="v" port="d" pin="7">
        <signal af="7" driver="usart" instance="2" name="ck"/>
        <signal af="10" driver="quadspi" name="bk2_io3"/>
      </gpio>
      <gpio device-pin="v" port="d" pin="8">
        <signal af="7" driver="usart" instance="3" name="tx"/>
        <signal device-name="33|43" device-package="i|t" af="11" driver="lcd" name="seg28"/>
      </gpio>
      <gpio device-pin="v" port="d" pin="9">
        <signal af="7" driver="usart" instance="3" name="rx"/>
        <signal device-name="33|43" device-package="i|t" af="11" driver="lcd" name="seg29"/>
      </gpio>
      <gpio device-pin="v" port="d" pin="10">
        <signal af="7" driver="usart" instance="3" name="ck"/>
        <signal af="9" driver="tsc" name="g6_io1"/>
        <signal device-name="33|43" device-package="i|t" af="11" driver="lcd" name="seg30"/>
      </gpio>
      <gpio device-pin="v" port="d" pin="11">
        <signal af="7" driver="usart" instance="3" name="cts"/>
        <signal af="9" driver="tsc" name="g6_io2"/>
        <signal device-name="33|43" device-package="i|t" af="11" driver="lcd" name="seg31"/>
        <signal af="14" driver="lptim" instance="2" name="etr"/>
      </gpio>
      <gpio device-pin="v" port="d" pin="12">
        <signal af="7" driver="usart" instance="3" name="de"/>
        <signal af="7" driver="usart" instance="3" name="rts"/>
        <signal af="9" driver="tsc" name="g6_io3"/>
        <signal device-name="33|43" device-package="i|t" af="11" driver="lcd" name="seg32"/>
        <signal af="14" driver="lptim" instance="2" name="in1"/>
      </gpio>
      <gpio device-pin="v" port="d" pin="13">
        <signal af="9" driver="tsc" name="g6_io4"/>
        <signal device-name="33|43" device-package="i|t" af="11" driver="lcd" name="seg33"/>
        <signal af="14" driver="lptim" instance="2" name="out"/>
      </gpio>
      <gpio device-pin="v" port="d" pin="14">
        <signal device-name="33|43" device-package="i|t" af="11" driver="lcd" name="seg34"/>
      </gpio>
      <gpio device-pin="v" port="d" pin="15">
        <signal device-name="33|43" device-package="i|t" af="11" driver="lcd" name="seg35"/>
      </gpio>
      <gpio device-pin="v" port="e" pin="0">
        <signal device-name="33|43" device-package="i|t" af="11" driver="lcd" name="seg36"/>
        <signal af="14" driver="tim" instance="16" name="ch1"/>
      </gpio>
      <gpio device-pin="v" port="e" pin="1">
        <signal device-name="33|43" device-package="i|t" af="11" driver="lcd" name="seg37"/>
      </gpio>
      <gpio device-pin="v" port="e" pin="2">
        <signal af="0" driver="sys" name="traceclk"/>
        <signal af="9" driver="tsc" name="g7_io1"/>
        <signal device-name="33|43" device-package="i|t" af="11" driver="lcd" name="seg38"/>
        <signal af="13" driver="sai" instance="1" name="mclk_a"/>
      </gpio>
      <gpio device-pin="v" port="e" pin="3">
        <signal af="0" driver="sys" name="traced0"/>
        <signal af="9" driver="tsc" name="g7_io2"/>
        <signal device-name="33|43" device-package="i|t" af="11" driver="lcd" name="seg39"/>
        <signal af="13" driver="sai" instance="1" name="sd_b"/>
      </gpio>
      <gpio device-pin="v" port="e" pin="4">
        <signal af="0" driver="sys" name="traced1"/>
        <signal af="9" driver="tsc" name="g7_io3"/>
        <signal af="13" driver="sai" instance="1" name="fs_a"/>
      </gpio>
      <gpio device-pin="v" port="e" pin="5">
        <signal af="0" driver="sys" name="traced2"/>
        <signal af="9" driver="tsc" name="g7_io4"/>
        <signal af="13" driver="sai" instance="1" name="sck_a"/>
      </gpio>
      <gpio device-pin="v" port="e" pin="6">
        <signal driver="rtc" name="tamp3"/>
        <signal driver="sys" name="wkup3"/>
        <signal af="0" driver="sys" name="traced3"/>
        <signal af="13" driver="sai" instance="1" name="sd_a"/>
      </gpio>
      <gpio device-pin="v" port="e" pin="7">
        <signal af="1" driver="tim" instance="1" name="etr"/>
        <signal af="13" driver="sai" instance="1" name="sd_b"/>
      </gpio>
      <gpio device-pin="v" port="e" pin="8">
        <signal af="1" driver="tim" instance="1" name="ch1n"/>
        <signal af="13" driver="sai" instance="1" name="sck_b"/>
      </gpio>
      <gpio device-pin="v" port="e" pin="9">
        <signal af="1" driver="tim" instance="1" name="ch1"/>
        <signal af="13" driver="sai" instance="1" name="fs_b"/>
      </gpio>
      <gpio device-pin="v" port="e" pin="10">
        <signal af="1" driver="tim" instance="1" name="ch2n"/>
        <signal af="9" driver="tsc" name="g5_io1"/>
        <signal af="10" driver="quadspi" name="clk"/>
        <signal af="13" driver="sai" instance="1" name="mclk_b"/>
      </gpio>
      <gpio device-pin="v" port="e" pin="11">
        <signal af="1" driver="tim" instance="1" name="ch2"/>
        <signal af="9" driver="tsc" name="g5_io2"/>
        <signal af="10" driver="quadspi" name="bk1_ncs"/>
      </gpio>
      <gpio device-pin="v" port="e" pin="12">
        <signal af="1" driver="tim" instance="1" name="ch3n"/>
        <signal af="5" driver="spi" instance="1" name="nss"/>
        <signal af="9" driver="tsc" name="g5_io3"/>
        <signal af="10" driver="quadspi" name="bk1_io0"/>
      </gpio>
      <gpio device-pin="v" port="e" pin="13">
        <signal af="1" driver="tim" instance="1" name="ch3"/>
        <signal af="5" driver="spi" instance="1" name="sck"/>
        <signal af="9" driver="tsc" name="g5_io4"/>
        <signal af="10" driver="quadspi" name="bk1_io1"/>
      </gpio>
      <gpio device-pin="v" port="e" pin="14">
        <signal af="1" driver="tim" instance="1" name="ch4"/>
        <signal af="2" driver="tim" instance="1" name="bkin2"/>
        <signal af="3" driver="tim" instance="1" name="bkin2_comp2"/>
        <signal af="5" driver="spi" instance="1" name="miso"/>
        <signal af="10" driver="quadspi" name="bk1_io2"/>
      </gpio>
      <gpio device-pin="v" port="e" pin="15">
        <signal af="1" driver="tim" instance="1" name="bkin"/>
        <signal af="3" driver="tim" instance="1" name="bkin_comp1"/>
        <signal af="5" driver="spi" instance="1" name="mosi"/>
        <signal af="10" driver="quadspi" name="bk1_io3"/>
      </gpio>
      <gpio device-pin="c|r|v" port="h" pin="0">
        <signal driver="rcc" name="osc_in"/>
      </gpio>
      <gpio device-pin="c|r|v" port="h" pin="1">
        <signal driver="rcc" name="osc_out"/>
      </gpio>
      <gpio port="h" pin="3"/>
    </driver>
  </device>
</modm>
