<?xml version='1.0' encoding='UTF-8'?>
<modm version="0.4.0">
  <!-- WARNING: This file is generated by the modm device file generator. Do not edit! -->
  <device platform="stm32" family="l1" name="51|52|62" pin="c|q|r|u|v|z" size="c|d|e" package="h|t|u|y">
    <naming-schema>{platform}{family}{name}{pin}{size}{package}</naming-schema>
    <valid-device>stm32l151cct</valid-device>
    <valid-device>stm32l151ccu</valid-device>
    <valid-device>stm32l151qch</valid-device>
    <valid-device>stm32l151qdh</valid-device>
    <valid-device>stm32l151qeh</valid-device>
    <valid-device>stm32l151rct</valid-device>
    <valid-device>stm32l151rcy</valid-device>
    <valid-device>stm32l151rdt</valid-device>
    <valid-device>stm32l151rdy</valid-device>
    <valid-device>stm32l151ret</valid-device>
    <valid-device>stm32l151ucy</valid-device>
    <valid-device>stm32l151vch</valid-device>
    <valid-device>stm32l151vct</valid-device>
    <valid-device>stm32l151vdt</valid-device>
    <valid-device>stm32l151vet</valid-device>
    <valid-device>stm32l151vey</valid-device>
    <valid-device>stm32l151zct</valid-device>
    <valid-device>stm32l151zdt</valid-device>
    <valid-device>stm32l151zet</valid-device>
    <valid-device>stm32l152cct</valid-device>
    <valid-device>stm32l152ccu</valid-device>
    <valid-device>stm32l152qch</valid-device>
    <valid-device>stm32l152qdh</valid-device>
    <valid-device>stm32l152qeh</valid-device>
    <valid-device>stm32l152rct</valid-device>
    <valid-device>stm32l152rdt</valid-device>
    <valid-device>stm32l152rdy</valid-device>
    <valid-device>stm32l152ret</valid-device>
    <valid-device>stm32l152ucy</valid-device>
    <valid-device>stm32l152vch</valid-device>
    <valid-device>stm32l152vct</valid-device>
    <valid-device>stm32l152vdt</valid-device>
    <valid-device>stm32l152vet</valid-device>
    <valid-device>stm32l152vey</valid-device>
    <valid-device>stm32l152zct</valid-device>
    <valid-device>stm32l152zdt</valid-device>
    <valid-device>stm32l152zet</valid-device>
    <valid-device>stm32l162qdh</valid-device>
    <valid-device>stm32l162rct</valid-device>
    <valid-device>stm32l162rdt</valid-device>
    <valid-device>stm32l162rdy</valid-device>
    <valid-device>stm32l162ret</valid-device>
    <valid-device>stm32l162vch</valid-device>
    <valid-device>stm32l162vct</valid-device>
    <valid-device>stm32l162vdt</valid-device>
    <valid-device>stm32l162vet</valid-device>
    <valid-device>stm32l162vey</valid-device>
    <valid-device>stm32l162zdt</valid-device>
    <valid-device>stm32l162zet</valid-device>
    <driver name="core" type="cortex-m3">
      <memory device-size="c" name="flash" access="rx" start="0x8000000" size="262144"/>
      <memory device-size="d" name="flash" access="rx" start="0x8000000" size="393216"/>
      <memory device-size="e" name="flash" access="rx" start="0x8000000" size="524288"/>
      <memory device-size="c" name="eeprom" access="rwx" start="0x8080000" size="8192"/>
      <memory device-size="d" name="eeprom" access="rwx" start="0x8080000" size="12288"/>
      <memory device-size="e" name="eeprom" access="rwx" start="0x8080000" size="16384"/>
      <memory device-size="c" name="sram1" access="rwx" start="0x20000000" size="32768"/>
      <memory device-size="d" name="sram1" access="rwx" start="0x20000000" size="49152"/>
      <memory device-size="e" name="sram1" access="rwx" start="0x20000000" size="81920"/>
      <vector position="0" name="WWDG"/>
      <vector position="1" name="PVD"/>
      <vector position="2" name="TAMPER_STAMP"/>
      <vector position="3" name="RTC_WKUP"/>
      <vector position="4" name="FLASH"/>
      <vector position="5" name="RCC"/>
      <vector position="6" name="EXTI0"/>
      <vector position="7" name="EXTI1"/>
      <vector position="8" name="EXTI2"/>
      <vector position="9" name="EXTI3"/>
      <vector position="10" name="EXTI4"/>
      <vector position="11" name="DMA1_Channel1"/>
      <vector position="12" name="DMA1_Channel2"/>
      <vector position="13" name="DMA1_Channel3"/>
      <vector position="14" name="DMA1_Channel4"/>
      <vector position="15" name="DMA1_Channel5"/>
      <vector position="16" name="DMA1_Channel6"/>
      <vector position="17" name="DMA1_Channel7"/>
      <vector position="18" name="ADC1"/>
      <vector position="19" name="USB_HP"/>
      <vector position="20" name="USB_LP"/>
      <vector position="21" name="DAC"/>
      <vector position="22" name="COMP"/>
      <vector position="23" name="EXTI9_5"/>
      <vector device-name="52|62" position="24" name="LCD"/>
      <vector position="25" name="TIM9"/>
      <vector position="26" name="TIM10"/>
      <vector position="27" name="TIM11"/>
      <vector position="28" name="TIM2"/>
      <vector position="29" name="TIM3"/>
      <vector position="30" name="TIM4"/>
      <vector position="31" name="I2C1_EV"/>
      <vector position="32" name="I2C1_ER"/>
      <vector position="33" name="I2C2_EV"/>
      <vector position="34" name="I2C2_ER"/>
      <vector position="35" name="SPI1"/>
      <vector position="36" name="SPI2"/>
      <vector position="37" name="USART1"/>
      <vector position="38" name="USART2"/>
      <vector position="39" name="USART3"/>
      <vector position="40" name="EXTI15_10"/>
      <vector position="41" name="RTC_Alarm"/>
      <vector position="42" name="USB_FS_WKUP"/>
      <vector position="43" name="TIM6"/>
      <vector position="44" name="TIM7"/>
      <vector device-size="d" position="45" name="SDIO"/>
      <vector position="46" name="TIM5"/>
      <vector position="47" name="SPI3"/>
      <vector device-size="d|e" position="48" name="UART4"/>
      <vector device-size="d|e" position="49" name="UART5"/>
      <vector position="50" name="DMA2_Channel1"/>
      <vector position="51" name="DMA2_Channel2"/>
      <vector position="52" name="DMA2_Channel3"/>
      <vector position="53" name="DMA2_Channel4"/>
      <vector position="54" name="DMA2_Channel5"/>
      <vector device-name="62" position="55" name="AES"/>
      <vector position="56" name="COMP_ACQ"/>
    </driver>
    <driver name="adc" type="stm32"/>
    <driver device-name="62" name="aes" type="stm32-v1.0"/>
    <driver name="comp" type="stm32-v3.6">
      <instance value="1"/>
      <instance value="2"/>
    </driver>
    <driver name="crc" type="stm32"/>
    <driver name="dac" type="stm32">
      <feature value="status"/>
    </driver>
    <driver name="dma" type="stm32-extended">
      <instance value="1"/>
      <instance value="2"/>
    </driver>
    <driver name="flash" type="stm32-v1.0">
      <latency vcore-min="1200">
        <wait-state ws="0" hclk-max="2100000"/>
        <wait-state ws="1" hclk-max="4200000"/>
      </latency>
      <latency vcore-min="1500">
        <wait-state ws="0" hclk-max="8000000"/>
        <wait-state ws="1" hclk-max="16000000"/>
      </latency>
      <latency vcore-min="1800">
        <wait-state ws="0" hclk-max="16000000"/>
        <wait-state ws="1" hclk-max="32000000"/>
      </latency>
    </driver>
    <driver device-pin="q|v|z" device-size="d" name="fsmc" type="stm32-v4.0"/>
    <driver name="i2c" type="stm32">
      <instance value="1"/>
      <instance value="2"/>
    </driver>
    <driver name="i2s" type="stm32-v2.2">
      <instance value="2"/>
      <instance value="3"/>
    </driver>
    <driver name="iwdg" type="stm32"/>
    <driver device-name="52|62" name="lcd" type="stm32-v1.0"/>
    <driver name="opamp" type="stm32-v1.0">
      <instance value="1"/>
      <instance value="2"/>
      <instance device-size="d" value="3"/>
    </driver>
    <driver name="rcc" type="stm32-v1.0"/>
    <driver name="rtc" type="stm32-v2.5"/>
    <driver device-size="d" name="sdio" type="stm32"/>
    <driver name="spi" type="stm32">
      <instance value="1"/>
      <instance value="2"/>
      <instance value="3"/>
    </driver>
    <driver name="sys" type="stm32">
      <feature value="exti"/>
    </driver>
    <driver name="tim" type="stm32-basic">
      <instance value="6"/>
      <instance value="7"/>
    </driver>
    <driver name="tim" type="stm32-general-purpose">
      <instance value="2"/>
      <instance value="3"/>
      <instance value="4"/>
      <instance value="5"/>
      <instance value="9"/>
      <instance value="10"/>
      <instance value="11"/>
    </driver>
    <driver name="ts" type="stm32-v1.0"/>
    <driver device-size="d|e" name="uart" type="stm32">
      <instance value="4"/>
      <instance value="5"/>
    </driver>
    <driver name="usart" type="stm32">
      <instance value="1"/>
      <instance value="2"/>
      <instance value="3"/>
    </driver>
    <driver name="usb" type="stm32-v1.2"/>
    <driver name="wwdg" type="stm32-v1.0"/>
    <driver name="gpio" type="stm32">
      <gpio port="a" pin="0">
        <signal driver="adc" name="in0"/>
        <signal device-size="c|d" driver="comp" instance="1" name="inp"/>
        <signal driver="tim" instance="2" name="etr"/>
        <signal af="0" driver="rtc" name="tamp2"/>
        <signal af="0" driver="sys" name="wkup1"/>
        <signal af="1" driver="tim" instance="2" name="ch1"/>
        <signal af="2" driver="tim" instance="5" name="ch1"/>
        <signal af="7" driver="usart" instance="2" name="cts"/>
        <signal af="14" name="timx_ic1"/>
        <signal device-size="e" af="14" driver="comp" instance="1" name="inp"/>
        <signal af="14" driver="ts" name="g1_io1"/>
      </gpio>
      <gpio port="a" pin="1">
        <signal driver="adc" name="in1"/>
        <signal device-size="c|d" driver="comp" instance="1" name="inp"/>
        <signal driver="opamp" instance="1" name="vinp"/>
        <signal af="1" driver="tim" instance="2" name="ch2"/>
        <signal af="2" driver="tim" instance="5" name="ch2"/>
        <signal af="7" driver="usart" instance="2" name="rts"/>
        <signal device-name="52|62" af="11" driver="lcd" name="seg0"/>
        <signal af="14" name="timx_ic2"/>
        <signal device-size="e" af="14" driver="comp" instance="1" name="inp"/>
        <signal af="14" driver="ts" name="g1_io2"/>
      </gpio>
      <gpio port="a" pin="2">
        <signal driver="adc" name="in2"/>
        <signal device-size="c|d" driver="comp" instance="1" name="inp"/>
        <signal device-pin="c|r|u|v|z" driver="opamp" instance="1" name="vinm"/>
        <signal af="1" driver="tim" instance="2" name="ch3"/>
        <signal af="2" driver="tim" instance="5" name="ch3"/>
        <signal af="3" driver="tim" instance="9" name="ch1"/>
        <signal af="7" driver="usart" instance="2" name="tx"/>
        <signal device-name="52|62" af="11" driver="lcd" name="seg1"/>
        <signal af="14" name="timx_ic3"/>
        <signal device-size="e" af="14" driver="comp" instance="1" name="inp"/>
        <signal af="14" driver="ts" name="g1_io3"/>
      </gpio>
      <gpio port="a" pin="3">
        <signal driver="adc" name="in3"/>
        <signal device-size="c|d" driver="comp" instance="1" name="inp"/>
        <signal driver="opamp" instance="1" name="vout"/>
        <signal af="1" driver="tim" instance="2" name="ch4"/>
        <signal af="2" driver="tim" instance="5" name="ch4"/>
        <signal af="3" driver="tim" instance="9" name="ch2"/>
        <signal af="7" driver="usart" instance="2" name="rx"/>
        <signal device-name="52|62" af="11" driver="lcd" name="seg2"/>
        <signal af="14" name="timx_ic4"/>
        <signal device-size="e" af="14" driver="comp" instance="1" name="inp"/>
        <signal af="14" driver="ts" name="g1_io4"/>
      </gpio>
      <gpio port="a" pin="4">
        <signal driver="adc" name="in4"/>
        <signal device-size="c|d" driver="comp" instance="1" name="inp"/>
        <signal driver="dac" name="out1"/>
        <signal af="5" driver="spi" instance="1" name="nss"/>
        <signal af="6" driver="i2s" instance="3" name="ws"/>
        <signal af="6" driver="spi" instance="3" name="nss"/>
        <signal af="7" driver="usart" instance="2" name="ck"/>
        <signal af="14" name="timx_ic1"/>
        <signal device-size="e" af="14" driver="comp" instance="1" name="inp"/>
      </gpio>
      <gpio port="a" pin="5">
        <signal driver="adc" name="in5"/>
        <signal device-size="c|d" driver="comp" instance="1" name="inp"/>
        <signal driver="dac" name="out2"/>
        <signal driver="tim" instance="2" name="etr"/>
        <signal af="1" driver="tim" instance="2" name="ch1"/>
        <signal af="5" driver="spi" instance="1" name="sck"/>
        <signal af="14" name="timx_ic2"/>
        <signal device-size="e" af="14" driver="comp" instance="1" name="inp"/>
      </gpio>
      <gpio port="a" pin="6">
        <signal driver="adc" name="in6"/>
        <signal device-size="c|d" driver="comp" instance="1" name="inp"/>
        <signal driver="opamp" instance="2" name="vinp"/>
        <signal af="2" driver="tim" instance="3" name="ch1"/>
        <signal af="3" driver="tim" instance="10" name="ch1"/>
        <signal af="5" driver="spi" instance="1" name="miso"/>
        <signal device-name="52|62" af="11" driver="lcd" name="seg3"/>
        <signal af="14" name="timx_ic3"/>
        <signal device-size="e" af="14" driver="comp" instance="1" name="inp"/>
        <signal af="14" driver="ts" name="g2_io1"/>
      </gpio>
      <gpio port="a" pin="7">
        <signal driver="adc" name="in7"/>
        <signal device-size="c|d" driver="comp" instance="1" name="inp"/>
        <signal device-pin="c|r|u|v|z" driver="opamp" instance="2" name="vinm"/>
        <signal af="2" driver="tim" instance="3" name="ch2"/>
        <signal af="3" driver="tim" instance="11" name="ch1"/>
        <signal af="5" driver="spi" instance="1" name="mosi"/>
        <signal device-name="52|62" af="11" driver="lcd" name="seg4"/>
        <signal af="14" name="timx_ic4"/>
        <signal device-size="e" af="14" driver="comp" instance="1" name="inp"/>
        <signal af="14" driver="ts" name="g2_io2"/>
      </gpio>
      <gpio port="a" pin="8">
        <signal af="0" driver="rcc" name="mco"/>
        <signal af="7" driver="usart" instance="1" name="ck"/>
        <signal device-name="52|62" af="11" driver="lcd" name="com0"/>
        <signal af="14" name="timx_ic1"/>
        <signal af="14" driver="ts" name="g4_io1"/>
      </gpio>
      <gpio port="a" pin="9">
        <signal af="7" driver="usart" instance="1" name="tx"/>
        <signal device-name="52|62" af="11" driver="lcd" name="com1"/>
        <signal af="14" name="timx_ic2"/>
        <signal af="14" driver="ts" name="g4_io2"/>
      </gpio>
      <gpio port="a" pin="10">
        <signal af="7" driver="usart" instance="1" name="rx"/>
        <signal device-name="52|62" af="11" driver="lcd" name="com2"/>
        <signal af="14" name="timx_ic3"/>
        <signal af="14" driver="ts" name="g4_io3"/>
      </gpio>
      <gpio port="a" pin="11">
        <signal af="5" driver="spi" instance="1" name="miso"/>
        <signal af="7" driver="usart" instance="1" name="cts"/>
        <signal af="10" driver="usb" name="dm"/>
        <signal af="14" name="timx_ic4"/>
      </gpio>
      <gpio port="a" pin="12">
        <signal af="5" driver="spi" instance="1" name="mosi"/>
        <signal af="7" driver="usart" instance="1" name="rts"/>
        <signal af="10" driver="usb" name="dp"/>
        <signal af="14" name="timx_ic1"/>
      </gpio>
      <gpio port="a" pin="13">
        <signal af="0" driver="sys" name="jtms"/>
        <signal af="0" driver="sys" name="swdio"/>
        <signal af="14" name="timx_ic2"/>
        <signal af="14" driver="ts" name="g5_io1"/>
      </gpio>
      <gpio port="a" pin="14">
        <signal af="0" driver="sys" name="jtck"/>
        <signal af="0" driver="sys" name="swclk"/>
        <signal af="14" name="timx_ic3"/>
        <signal af="14" driver="ts" name="g5_io2"/>
      </gpio>
      <gpio port="a" pin="15">
        <signal driver="tim" instance="2" name="etr"/>
        <signal af="0" driver="sys" name="jtdi"/>
        <signal af="1" driver="tim" instance="2" name="ch1"/>
        <signal af="5" driver="spi" instance="1" name="nss"/>
        <signal af="6" driver="i2s" instance="3" name="ws"/>
        <signal af="6" driver="spi" instance="3" name="nss"/>
        <signal device-name="52|62" af="11" driver="lcd" name="seg17"/>
        <signal af="14" name="timx_ic4"/>
        <signal af="14" driver="ts" name="g5_io3"/>
      </gpio>
      <gpio port="b" pin="0">
        <signal driver="adc" name="in8"/>
        <signal device-size="c|d" driver="comp" instance="1" name="inp"/>
        <signal driver="opamp" instance="2" name="vout"/>
        <signal device-size="c|d" driver="sys" name="v_ref_out"/>
        <signal af="2" driver="tim" instance="3" name="ch3"/>
        <signal device-name="52|62" af="11" driver="lcd" name="seg5"/>
        <signal device-size="e" af="14" driver="comp" instance="1" name="inp"/>
        <signal device-size="e" af="14" driver="sys" name="v_ref_out"/>
        <signal af="14" driver="ts" name="g3_io1"/>
      </gpio>
      <gpio port="b" pin="1">
        <signal driver="adc" name="in9"/>
        <signal device-size="c|d" driver="comp" instance="1" name="inp"/>
        <signal device-size="c|d" driver="sys" name="v_ref_out"/>
        <signal af="2" driver="tim" instance="3" name="ch4"/>
        <signal device-name="52|62" af="11" driver="lcd" name="seg6"/>
        <signal device-size="e" af="14" driver="comp" instance="1" name="inp"/>
        <signal device-size="e" af="14" driver="sys" name="v_ref_out"/>
        <signal af="14" driver="ts" name="g3_io2"/>
      </gpio>
      <gpio port="b" pin="2">
        <signal device-pin="q|z" device-size="c|d|e" driver="adc" name="in0b"/>
        <signal device-pin="r|v" device-size="e" driver="adc" name="in0b"/>
        <signal device-pin="c|r" device-size="c" device-package="t" driver="comp" instance="1" name="inp"/>
        <signal device-pin="c" device-size="c" device-package="u" driver="comp" instance="1" name="inp"/>
        <signal device-pin="u" device-size="c" device-package="y" driver="comp" instance="1" name="inp"/>
        <signal device-pin="v" device-size="c" device-package="h|t" driver="comp" instance="1" name="inp"/>
        <signal af="14" driver="ts" name="g3_io3"/>
      </gpio>
      <gpio port="b" pin="3">
        <signal device-size="c|d" driver="comp" instance="2" name="inm"/>
        <signal af="0" driver="sys" name="jtdo"/>
        <signal af="0" driver="sys" name="traceswo"/>
        <signal af="1" driver="tim" instance="2" name="ch2"/>
        <signal af="5" driver="spi" instance="1" name="sck"/>
        <signal af="6" driver="i2s" instance="3" name="ck"/>
        <signal af="6" driver="spi" instance="3" name="sck"/>
        <signal device-name="52|62" af="11" driver="lcd" name="seg7"/>
        <signal device-size="e" af="14" driver="comp" instance="2" name="inm"/>
      </gpio>
      <gpio port="b" pin="4">
        <signal device-size="c|d" driver="comp" instance="2" name="inp"/>
        <signal af="0" driver="sys" name="jtrst"/>
        <signal af="2" driver="tim" instance="3" name="ch1"/>
        <signal af="5" driver="spi" instance="1" name="miso"/>
        <signal af="6" driver="spi" instance="3" name="miso"/>
        <signal device-name="52|62" af="11" driver="lcd" name="seg8"/>
        <signal device-size="e" af="14" driver="comp" instance="2" name="inp"/>
        <signal af="14" driver="ts" name="g6_io1"/>
      </gpio>
      <gpio port="b" pin="5">
        <signal device-size="c|d" driver="comp" instance="2" name="inp"/>
        <signal af="2" driver="tim" instance="3" name="ch2"/>
        <signal af="4" driver="i2c" instance="1" name="smba"/>
        <signal af="5" driver="spi" instance="1" name="mosi"/>
        <signal af="6" driver="i2s" instance="3" name="sd"/>
        <signal af="6" driver="spi" instance="3" name="mosi"/>
        <signal device-name="52|62" af="11" driver="lcd" name="seg9"/>
        <signal device-size="e" af="14" driver="comp" instance="2" name="inp"/>
        <signal af="14" driver="ts" name="g6_io2"/>
      </gpio>
      <gpio port="b" pin="6">
        <signal device-size="c|d" driver="comp" instance="2" name="inp"/>
        <signal af="2" driver="tim" instance="4" name="ch1"/>
        <signal af="4" driver="i2c" instance="1" name="scl"/>
        <signal af="7" driver="usart" instance="1" name="tx"/>
        <signal device-size="e" af="14" driver="comp" instance="2" name="inp"/>
        <signal af="14" driver="ts" name="g6_io3"/>
      </gpio>
      <gpio port="b" pin="7">
        <signal device-size="c|d" driver="comp" instance="2" name="inp"/>
        <signal device-size="c|d" driver="sys" name="pvd_in"/>
        <signal af="2" driver="tim" instance="4" name="ch2"/>
        <signal af="4" driver="i2c" instance="1" name="sda"/>
        <signal af="7" driver="usart" instance="1" name="rx"/>
        <signal device-pin="q|v|z" device-size="d" af="12" driver="fsmc" name="nl"/>
        <signal device-size="e" af="14" driver="comp" instance="2" name="inp"/>
        <signal device-size="e" af="14" driver="sys" name="pvd_in"/>
        <signal af="14" driver="ts" name="g6_io4"/>
      </gpio>
      <gpio port="b" pin="8">
        <signal af="2" driver="tim" instance="4" name="ch3"/>
        <signal af="3" driver="tim" instance="10" name="ch1"/>
        <signal af="4" driver="i2c" instance="1" name="scl"/>
        <signal device-name="52|62" af="11" driver="lcd" name="seg16"/>
        <signal device-size="d" af="12" driver="sdio" name="d4"/>
      </gpio>
      <gpio port="b" pin="9">
        <signal af="2" driver="tim" instance="4" name="ch4"/>
        <signal af="3" driver="tim" instance="11" name="ch1"/>
        <signal af="4" driver="i2c" instance="1" name="sda"/>
        <signal device-name="52|62" af="11" driver="lcd" name="com3"/>
        <signal device-size="d" af="12" driver="sdio" name="d5"/>
      </gpio>
      <gpio port="b" pin="10">
        <signal af="1" driver="tim" instance="2" name="ch3"/>
        <signal af="4" driver="i2c" instance="2" name="scl"/>
        <signal af="7" driver="usart" instance="3" name="tx"/>
        <signal device-name="52|62" af="11" driver="lcd" name="seg10"/>
      </gpio>
      <gpio port="b" pin="11">
        <signal af="1" driver="tim" instance="2" name="ch4"/>
        <signal af="4" driver="i2c" instance="2" name="sda"/>
        <signal af="7" driver="usart" instance="3" name="rx"/>
        <signal device-name="52|62" af="11" driver="lcd" name="seg11"/>
      </gpio>
      <gpio port="b" pin="12">
        <signal driver="adc" name="in18"/>
        <signal device-size="c|d" driver="comp" instance="1" name="inp"/>
        <signal af="3" driver="tim" instance="10" name="ch1"/>
        <signal af="4" driver="i2c" instance="2" name="smba"/>
        <signal af="5" driver="i2s" instance="2" name="ws"/>
        <signal af="5" driver="spi" instance="2" name="nss"/>
        <signal af="7" driver="usart" instance="3" name="ck"/>
        <signal device-name="52|62" af="11" driver="lcd" name="seg12"/>
        <signal device-size="e" af="14" driver="comp" instance="1" name="inp"/>
        <signal af="14" driver="ts" name="g7_io1"/>
      </gpio>
      <gpio port="b" pin="13">
        <signal driver="adc" name="in19"/>
        <signal device-size="c|d" driver="comp" instance="1" name="inp"/>
        <signal af="3" driver="tim" instance="9" name="ch1"/>
        <signal af="5" driver="i2s" instance="2" name="ck"/>
        <signal af="5" driver="spi" instance="2" name="sck"/>
        <signal af="7" driver="usart" instance="3" name="cts"/>
        <signal device-name="52|62" af="11" driver="lcd" name="seg13"/>
        <signal device-size="e" af="14" driver="comp" instance="1" name="inp"/>
        <signal af="14" driver="ts" name="g7_io2"/>
      </gpio>
      <gpio port="b" pin="14">
        <signal driver="adc" name="in20"/>
        <signal device-size="c|d" driver="comp" instance="1" name="inp"/>
        <signal af="3" driver="tim" instance="9" name="ch2"/>
        <signal af="5" driver="spi" instance="2" name="miso"/>
        <signal af="7" driver="usart" instance="3" name="rts"/>
        <signal device-name="52|62" af="11" driver="lcd" name="seg14"/>
        <signal device-size="e" af="14" driver="comp" instance="1" name="inp"/>
        <signal af="14" driver="ts" name="g7_io3"/>
      </gpio>
      <gpio port="b" pin="15">
        <signal driver="adc" name="in21"/>
        <signal device-size="c|d" driver="comp" instance="1" name="inp"/>
        <signal af="0" driver="rtc" name="refin"/>
        <signal af="3" driver="tim" instance="11" name="ch1"/>
        <signal af="5" driver="i2s" instance="2" name="sd"/>
        <signal af="5" driver="spi" instance="2" name="mosi"/>
        <signal device-name="52|62" af="11" driver="lcd" name="seg15"/>
        <signal device-size="e" af="14" driver="comp" instance="1" name="inp"/>
        <signal af="14" driver="ts" name="g7_io4"/>
      </gpio>
      <gpio device-pin="q|r|u|v|z" port="c" pin="0">
        <signal driver="adc" name="in10"/>
        <signal device-pin="q|r|v|z" device-size="c|d" driver="comp" instance="1" name="inp"/>
        <signal device-pin="u" device-size="c" driver="comp" instance="1" name="inp"/>
        <signal device-name="52" device-pin="q|r|u|v|z" af="11" driver="lcd" name="seg18"/>
        <signal device-name="62" device-pin="q|r|v|z" af="11" driver="lcd" name="seg18"/>
        <signal af="14" name="timx_ic1"/>
        <signal device-size="e" af="14" driver="comp" instance="1" name="inp"/>
        <signal af="14" driver="ts" name="g8_io1"/>
      </gpio>
      <gpio device-pin="q|r|u|v|z" port="c" pin="1">
        <signal driver="adc" name="in11"/>
        <signal device-pin="q|r|v|z" device-size="c|d" driver="comp" instance="1" name="inp"/>
        <signal device-pin="u" device-size="c" driver="comp" instance="1" name="inp"/>
        <signal device-size="d" driver="opamp" instance="3" name="vinp"/>
        <signal device-name="52" device-pin="q|r|u|v|z" af="11" driver="lcd" name="seg19"/>
        <signal device-name="62" device-pin="q|r|v|z" af="11" driver="lcd" name="seg19"/>
        <signal af="14" name="timx_ic2"/>
        <signal device-size="e" af="14" driver="comp" instance="1" name="inp"/>
        <signal af="14" driver="ts" name="g8_io2"/>
      </gpio>
      <gpio device-pin="q|r|u|v|z" port="c" pin="2">
        <signal driver="adc" name="in12"/>
        <signal device-pin="q|r|v|z" device-size="c|d" driver="comp" instance="1" name="inp"/>
        <signal device-pin="u" device-size="c" driver="comp" instance="1" name="inp"/>
        <signal device-pin="r|v|z" device-size="d" driver="opamp" instance="3" name="vinm"/>
        <signal device-name="52" device-pin="q|r|u|v|z" af="11" driver="lcd" name="seg20"/>
        <signal device-name="62" device-pin="q|r|v|z" af="11" driver="lcd" name="seg20"/>
        <signal af="14" name="timx_ic3"/>
        <signal device-size="e" af="14" driver="comp" instance="1" name="inp"/>
        <signal af="14" driver="ts" name="g8_io3"/>
      </gpio>
      <gpio device-pin="q|r|u|v|z" port="c" pin="3">
        <signal driver="adc" name="in13"/>
        <signal device-pin="q|r|v|z" device-size="c|d" driver="comp" instance="1" name="inp"/>
        <signal device-pin="u" device-size="c" driver="comp" instance="1" name="inp"/>
        <signal device-size="d" driver="opamp" instance="3" name="vout"/>
        <signal device-name="52" device-pin="q|r|u|v|z" af="11" driver="lcd" name="seg21"/>
        <signal device-name="62" device-pin="q|r|v|z" af="11" driver="lcd" name="seg21"/>
        <signal af="14" name="timx_ic4"/>
        <signal device-size="e" af="14" driver="comp" instance="1" name="inp"/>
        <signal af="14" driver="ts" name="g8_io4"/>
      </gpio>
      <gpio device-pin="q|r|u|v|z" port="c" pin="4">
        <signal driver="adc" name="in14"/>
        <signal device-pin="q|r|v|z" device-size="c|d" driver="comp" instance="1" name="inp"/>
        <signal device-pin="u" device-size="c" driver="comp" instance="1" name="inp"/>
        <signal device-name="52" device-pin="q|r|u|v|z" af="11" driver="lcd" name="seg22"/>
        <signal device-name="62" device-pin="q|r|v|z" af="11" driver="lcd" name="seg22"/>
        <signal af="14" name="timx_ic1"/>
        <signal device-size="e" af="14" driver="comp" instance="1" name="inp"/>
        <signal af="14" driver="ts" name="g9_io1"/>
      </gpio>
      <gpio device-pin="q|r|u|v|z" port="c" pin="5">
        <signal driver="adc" name="in15"/>
        <signal device-pin="q|r|v|z" device-size="c|d" driver="comp" instance="1" name="inp"/>
        <signal device-pin="u" device-size="c" driver="comp" instance="1" name="inp"/>
        <signal device-name="52" device-pin="q|r|u|v|z" af="11" driver="lcd" name="seg23"/>
        <signal device-name="62" device-pin="q|r|v|z" af="11" driver="lcd" name="seg23"/>
        <signal af="14" name="timx_ic2"/>
        <signal device-size="e" af="14" driver="comp" instance="1" name="inp"/>
        <signal af="14" driver="ts" name="g9_io2"/>
      </gpio>
      <gpio device-pin="q|r|u|v|z" port="c" pin="6">
        <signal af="2" driver="tim" instance="3" name="ch1"/>
        <signal af="5" driver="i2s" instance="2" name="mck"/>
        <signal device-name="52" device-pin="q|r|u|v|z" af="11" driver="lcd" name="seg24"/>
        <signal device-name="62" device-pin="q|r|v|z" af="11" driver="lcd" name="seg24"/>
        <signal device-size="d" af="12" driver="sdio" name="d6"/>
        <signal af="14" name="timx_ic3"/>
        <signal af="14" driver="ts" name="g10_io1"/>
      </gpio>
      <gpio device-pin="q|r|u|v|z" port="c" pin="7">
        <signal af="2" driver="tim" instance="3" name="ch2"/>
        <signal af="6" driver="i2s" instance="3" name="mck"/>
        <signal device-name="52" device-pin="q|r|u|v|z" af="11" driver="lcd" name="seg25"/>
        <signal device-name="62" device-pin="q|r|v|z" af="11" driver="lcd" name="seg25"/>
        <signal device-size="d" af="12" driver="sdio" name="d7"/>
        <signal af="14" name="timx_ic4"/>
        <signal af="14" driver="ts" name="g10_io2"/>
      </gpio>
      <gpio device-pin="q|r|u|v|z" port="c" pin="8">
        <signal af="2" driver="tim" instance="3" name="ch3"/>
        <signal device-name="52" device-pin="q|r|u|v|z" af="11" driver="lcd" name="seg26"/>
        <signal device-name="62" device-pin="q|r|v|z" af="11" driver="lcd" name="seg26"/>
        <signal device-size="d" af="12" driver="sdio" name="d0"/>
        <signal af="14" name="timx_ic1"/>
        <signal af="14" driver="ts" name="g10_io3"/>
      </gpio>
      <gpio device-pin="q|r|u|v|z" port="c" pin="9">
        <signal af="2" driver="tim" instance="3" name="ch4"/>
        <signal device-name="52" device-pin="q|r|u|v|z" af="11" driver="lcd" name="seg27"/>
        <signal device-name="62" device-pin="q|r|v|z" af="11" driver="lcd" name="seg27"/>
        <signal device-size="d" af="12" driver="sdio" name="d1"/>
        <signal af="14" name="timx_ic2"/>
        <signal af="14" driver="ts" name="g10_io4"/>
      </gpio>
      <gpio device-pin="q|r|u|v|z" port="c" pin="10">
        <signal af="6" driver="i2s" instance="3" name="ck"/>
        <signal af="6" driver="spi" instance="3" name="sck"/>
        <signal af="7" driver="usart" instance="3" name="tx"/>
        <signal device-size="d|e" af="8" driver="uart" instance="4" name="tx"/>
        <signal device-name="52" device-pin="q|r|u|v|z" af="11" driver="lcd" name="com4"/>
        <signal device-name="62" device-pin="q|r|v|z" af="11" driver="lcd" name="com4"/>
        <signal device-name="52" device-pin="q|r|u|v|z" af="11" driver="lcd" name="seg28"/>
        <signal device-name="62" device-pin="q|r|v|z" af="11" driver="lcd" name="seg28"/>
        <signal device-name="52" device-pin="q|v|z" device-size="c|d|e" af="11" driver="lcd" name="seg40"/>
        <signal device-name="62" device-pin="q" device-size="d" af="11" driver="lcd" name="seg40"/>
        <signal device-name="62" device-pin="v" device-size="c" af="11" driver="lcd" name="seg40"/>
        <signal device-name="52|62" device-pin="r|v|z" device-size="d|e" af="11" driver="lcd" name="seg40"/>
        <signal device-size="d" af="12" driver="sdio" name="d2"/>
        <signal af="14" name="timx_ic3"/>
      </gpio>
      <gpio device-pin="q|r|u|v|z" port="c" pin="11">
        <signal af="6" driver="spi" instance="3" name="miso"/>
        <signal af="7" driver="usart" instance="3" name="rx"/>
        <signal device-size="d|e" af="8" driver="uart" instance="4" name="rx"/>
        <signal device-name="52" device-pin="q|r|u|v|z" af="11" driver="lcd" name="com5"/>
        <signal device-name="62" device-pin="q|r|v|z" af="11" driver="lcd" name="com5"/>
        <signal device-name="52" device-pin="q|r|u|v|z" af="11" driver="lcd" name="seg29"/>
        <signal device-name="62" device-pin="q|r|v|z" af="11" driver="lcd" name="seg29"/>
        <signal device-name="52" device-pin="q|v|z" device-size="c|d|e" af="11" driver="lcd" name="seg41"/>
        <signal device-name="62" device-pin="q" device-size="d" af="11" driver="lcd" name="seg41"/>
        <signal device-name="62" device-pin="v" device-size="c" af="11" driver="lcd" name="seg41"/>
        <signal device-name="52|62" device-pin="r|v|z" device-size="d|e" af="11" driver="lcd" name="seg41"/>
        <signal device-size="d" af="12" driver="sdio" name="d3"/>
        <signal af="14" name="timx_ic4"/>
      </gpio>
      <gpio device-pin="q|r|u|v|z" port="c" pin="12">
        <signal af="6" driver="i2s" instance="3" name="sd"/>
        <signal af="6" driver="spi" instance="3" name="mosi"/>
        <signal af="7" driver="usart" instance="3" name="ck"/>
        <signal device-size="d|e" af="8" driver="uart" instance="5" name="tx"/>
        <signal device-name="52" device-pin="q|r|u|v|z" af="11" driver="lcd" name="com6"/>
        <signal device-name="62" device-pin="q|r|v|z" af="11" driver="lcd" name="com6"/>
        <signal device-name="52" device-pin="q|r|u|v|z" af="11" driver="lcd" name="seg30"/>
        <signal device-name="62" device-pin="q|r|v|z" af="11" driver="lcd" name="seg30"/>
        <signal device-name="52" device-pin="q|v|z" device-size="c|d|e" af="11" driver="lcd" name="seg42"/>
        <signal device-name="62" device-pin="q" device-size="d" af="11" driver="lcd" name="seg42"/>
        <signal device-name="62" device-pin="v" device-size="c" af="11" driver="lcd" name="seg42"/>
        <signal device-name="52|62" device-pin="r|v|z" device-size="d|e" af="11" driver="lcd" name="seg42"/>
        <signal device-size="d" af="12" driver="sdio" name="ck"/>
        <signal af="14" name="timx_ic1"/>
      </gpio>
      <gpio port="c" pin="13">
        <signal af="0" driver="rtc" name="out_alarm"/>
        <signal af="0" driver="rtc" name="out_calib"/>
        <signal af="0" driver="rtc" name="tamp1"/>
        <signal af="0" driver="rtc" name="ts"/>
        <signal af="0" driver="sys" name="wkup2"/>
        <signal af="14" name="timx_ic2"/>
      </gpio>
      <gpio port="c" pin="14">
        <signal af="0" driver="rcc" name="osc32_in"/>
        <signal af="14" name="timx_ic3"/>
      </gpio>
      <gpio port="c" pin="15">
        <signal af="0" driver="rcc" name="osc32_out"/>
        <signal af="14" name="timx_ic4"/>
      </gpio>
      <gpio device-pin="q|v|z" port="d" pin="0">
        <signal af="3" driver="tim" instance="9" name="ch1"/>
        <signal af="5" driver="i2s" instance="2" name="ws"/>
        <signal af="5" driver="spi" instance="2" name="nss"/>
        <signal device-pin="q|v|z" device-size="d" af="12" driver="fsmc" name="d2"/>
        <signal device-pin="q|v|z" device-size="d" af="12" driver="fsmc" name="da2"/>
        <signal af="14" name="timx_ic1"/>
      </gpio>
      <gpio device-pin="q|v|z" port="d" pin="1">
        <signal af="5" driver="i2s" instance="2" name="ck"/>
        <signal af="5" driver="spi" instance="2" name="sck"/>
        <signal device-pin="q|v|z" device-size="d" af="12" driver="fsmc" name="d3"/>
        <signal device-pin="q|v|z" device-size="d" af="12" driver="fsmc" name="da3"/>
        <signal af="14" name="timx_ic2"/>
      </gpio>
      <gpio device-pin="q|r|u|v|z" port="d" pin="2">
        <signal af="2" driver="tim" instance="3" name="etr"/>
        <signal device-size="d|e" af="8" driver="uart" instance="5" name="rx"/>
        <signal device-name="52" device-pin="q|r|u|v|z" af="11" driver="lcd" name="com7"/>
        <signal device-name="62" device-pin="q|r|v|z" af="11" driver="lcd" name="com7"/>
        <signal device-name="52" device-pin="q|r|u|v|z" af="11" driver="lcd" name="seg31"/>
        <signal device-name="62" device-pin="q|r|v|z" af="11" driver="lcd" name="seg31"/>
        <signal device-name="52" device-pin="q|v|z" device-size="c|d|e" af="11" driver="lcd" name="seg43"/>
        <signal device-name="62" device-pin="q" device-size="d" af="11" driver="lcd" name="seg43"/>
        <signal device-name="62" device-pin="v" device-size="c" af="11" driver="lcd" name="seg43"/>
        <signal device-name="52|62" device-pin="r|v|z" device-size="d|e" af="11" driver="lcd" name="seg43"/>
        <signal device-size="d" af="12" driver="sdio" name="cmd"/>
        <signal af="14" name="timx_ic3"/>
      </gpio>
      <gpio device-pin="q|v|z" port="d" pin="3">
        <signal af="5" driver="spi" instance="2" name="miso"/>
        <signal af="7" driver="usart" instance="2" name="cts"/>
        <signal device-pin="q|v|z" device-size="d" af="12" driver="fsmc" name="clk"/>
        <signal af="14" name="timx_ic4"/>
      </gpio>
      <gpio device-pin="q|v|z" port="d" pin="4">
        <signal af="5" driver="i2s" instance="2" name="sd"/>
        <signal af="5" driver="spi" instance="2" name="mosi"/>
        <signal af="7" driver="usart" instance="2" name="rts"/>
        <signal device-pin="q|v|z" device-size="d" af="12" driver="fsmc" name="noe"/>
        <signal af="14" name="timx_ic1"/>
      </gpio>
      <gpio device-pin="q|v|z" port="d" pin="5">
        <signal af="7" driver="usart" instance="2" name="tx"/>
        <signal device-pin="q|v|z" device-size="d" af="12" driver="fsmc" name="nwe"/>
        <signal af="14" name="timx_ic2"/>
      </gpio>
      <gpio device-pin="q|v|z" port="d" pin="6">
        <signal af="7" driver="usart" instance="2" name="rx"/>
        <signal device-pin="q|v|z" device-size="d" af="12" driver="fsmc" name="nwait"/>
        <signal af="14" name="timx_ic3"/>
      </gpio>
      <gpio device-pin="q|v|z" port="d" pin="7">
        <signal af="3" driver="tim" instance="9" name="ch2"/>
        <signal af="7" driver="usart" instance="2" name="ck"/>
        <signal device-pin="q|v|z" device-size="d" af="12" driver="fsmc" name="ne1"/>
        <signal af="14" name="timx_ic4"/>
      </gpio>
      <gpio device-pin="q|v|z" port="d" pin="8">
        <signal af="7" driver="usart" instance="3" name="tx"/>
        <signal device-name="52|62" device-pin="q|v|z" af="11" driver="lcd" name="seg28"/>
        <signal device-pin="q|v|z" device-size="d" af="12" driver="fsmc" name="d13"/>
        <signal device-pin="q|v|z" device-size="d" af="12" driver="fsmc" name="da13"/>
        <signal af="14" name="timx_ic1"/>
      </gpio>
      <gpio device-pin="q|v|z" port="d" pin="9">
        <signal af="7" driver="usart" instance="3" name="rx"/>
        <signal device-name="52|62" device-pin="q|v|z" af="11" driver="lcd" name="seg29"/>
        <signal device-pin="q|v|z" device-size="d" af="12" driver="fsmc" name="d14"/>
        <signal device-pin="q|v|z" device-size="d" af="12" driver="fsmc" name="da14"/>
        <signal af="14" name="timx_ic2"/>
      </gpio>
      <gpio device-pin="q|v|z" port="d" pin="10">
        <signal af="7" driver="usart" instance="3" name="ck"/>
        <signal device-name="52|62" device-pin="q|v|z" af="11" driver="lcd" name="seg30"/>
        <signal device-pin="q|v|z" device-size="d" af="12" driver="fsmc" name="d15"/>
        <signal device-pin="q|v|z" device-size="d" af="12" driver="fsmc" name="da15"/>
        <signal af="14" name="timx_ic3"/>
      </gpio>
      <gpio device-pin="q|v|z" port="d" pin="11">
        <signal af="7" driver="usart" instance="3" name="cts"/>
        <signal device-name="52|62" device-pin="q|v|z" af="11" driver="lcd" name="seg31"/>
        <signal device-pin="q|v|z" device-size="d" af="12" driver="fsmc" name="a16"/>
        <signal af="14" name="timx_ic4"/>
      </gpio>
      <gpio device-pin="q|v|z" port="d" pin="12">
        <signal af="2" driver="tim" instance="4" name="ch1"/>
        <signal af="7" driver="usart" instance="3" name="rts"/>
        <signal device-name="52|62" device-pin="q|v|z" af="11" driver="lcd" name="seg32"/>
        <signal device-pin="q|v|z" device-size="d" af="12" driver="fsmc" name="a17"/>
        <signal af="14" name="timx_ic1"/>
      </gpio>
      <gpio device-pin="q|v|z" port="d" pin="13">
        <signal af="2" driver="tim" instance="4" name="ch2"/>
        <signal device-name="52|62" device-pin="q|v|z" af="11" driver="lcd" name="seg33"/>
        <signal device-pin="q|v|z" device-size="d" af="12" driver="fsmc" name="a18"/>
        <signal af="14" name="timx_ic2"/>
      </gpio>
      <gpio device-pin="q|v|z" port="d" pin="14">
        <signal af="2" driver="tim" instance="4" name="ch3"/>
        <signal device-name="52|62" device-pin="q|v|z" af="11" driver="lcd" name="seg34"/>
        <signal device-pin="q|v|z" device-size="d" af="12" driver="fsmc" name="d0"/>
        <signal device-pin="q|v|z" device-size="d" af="12" driver="fsmc" name="da0"/>
        <signal af="14" name="timx_ic3"/>
      </gpio>
      <gpio device-pin="q|v|z" port="d" pin="15">
        <signal af="2" driver="tim" instance="4" name="ch4"/>
        <signal device-name="52|62" device-pin="q|v|z" af="11" driver="lcd" name="seg35"/>
        <signal device-pin="q|v|z" device-size="d" af="12" driver="fsmc" name="d1"/>
        <signal device-pin="q|v|z" device-size="d" af="12" driver="fsmc" name="da1"/>
        <signal af="14" name="timx_ic4"/>
      </gpio>
      <gpio device-pin="q|v|z" port="e" pin="0">
        <signal af="2" driver="tim" instance="4" name="etr"/>
        <signal af="3" driver="tim" instance="10" name="ch1"/>
        <signal device-name="52|62" device-pin="q|v|z" af="11" driver="lcd" name="seg36"/>
        <signal device-pin="q|v|z" device-size="d" af="12" driver="fsmc" name="nbl0"/>
        <signal af="14" name="timx_ic1"/>
      </gpio>
      <gpio device-pin="q|v|z" port="e" pin="1">
        <signal af="3" driver="tim" instance="11" name="ch1"/>
        <signal device-name="52|62" device-pin="q|v|z" af="11" driver="lcd" name="seg37"/>
        <signal device-pin="q|v|z" device-size="d" af="12" driver="fsmc" name="nbl1"/>
        <signal af="14" name="timx_ic2"/>
      </gpio>
      <gpio device-pin="q|v|z" port="e" pin="2">
        <signal af="0" driver="sys" name="traceck"/>
        <signal af="2" driver="tim" instance="3" name="etr"/>
        <signal device-name="52|62" device-pin="q|v|z" af="11" driver="lcd" name="seg38"/>
        <signal device-pin="q|v|z" device-size="d" af="12" driver="fsmc" name="a23"/>
        <signal af="14" name="timx_ic3"/>
      </gpio>
      <gpio device-pin="q|v|z" port="e" pin="3">
        <signal af="0" driver="sys" name="traced0"/>
        <signal af="2" driver="tim" instance="3" name="ch1"/>
        <signal device-name="52|62" device-pin="q|v|z" af="11" driver="lcd" name="seg39"/>
        <signal device-pin="q|v|z" device-size="d" af="12" driver="fsmc" name="a19"/>
        <signal af="14" name="timx_ic4"/>
      </gpio>
      <gpio device-pin="q|v|z" port="e" pin="4">
        <signal af="0" driver="sys" name="traced1"/>
        <signal af="2" driver="tim" instance="3" name="ch2"/>
        <signal device-pin="q|v|z" device-size="d" af="12" driver="fsmc" name="a20"/>
        <signal af="14" name="timx_ic1"/>
      </gpio>
      <gpio device-pin="q|v|z" port="e" pin="5">
        <signal af="0" driver="sys" name="traced2"/>
        <signal af="3" driver="tim" instance="9" name="ch1"/>
        <signal device-pin="q|v|z" device-size="d" af="12" driver="fsmc" name="a21"/>
        <signal af="14" name="timx_ic2"/>
      </gpio>
      <gpio device-pin="q|v|z" port="e" pin="6">
        <signal device-pin="q|z" device-size="c|d" driver="tim" instance="9" name="ch2"/>
        <signal device-pin="v" device-size="d" driver="tim" instance="9" name="ch2"/>
        <signal af="0" driver="rtc" name="tamp3"/>
        <signal af="0" driver="sys" name="traced3"/>
        <signal af="0" driver="sys" name="wkup3"/>
        <signal device-pin="q|v|z" device-size="e" af="3" driver="tim" instance="9" name="ch2"/>
        <signal device-pin="v" device-size="c" af="3" driver="tim" instance="9" name="ch2"/>
        <signal af="14" name="timx_ic3"/>
      </gpio>
      <gpio device-pin="q|v|z" port="e" pin="7">
        <signal driver="adc" name="in22"/>
        <signal device-pin="q|v|z" device-size="c|d" driver="comp" instance="1" name="inp"/>
        <signal device-pin="q|v|z" device-size="d" af="12" driver="fsmc" name="d4"/>
        <signal device-pin="q|v|z" device-size="d" af="12" driver="fsmc" name="da4"/>
        <signal af="14" name="timx_ic4"/>
        <signal device-pin="q|v|z" device-size="e" af="14" driver="comp" instance="1" name="inp"/>
      </gpio>
      <gpio device-pin="q|v|z" port="e" pin="8">
        <signal driver="adc" name="in23"/>
        <signal device-pin="q|v|z" device-size="c|d" driver="comp" instance="1" name="inp"/>
        <signal device-pin="q|v|z" device-size="d" af="12" driver="fsmc" name="d5"/>
        <signal device-pin="q|v|z" device-size="d" af="12" driver="fsmc" name="da5"/>
        <signal af="14" name="timx_ic1"/>
        <signal device-pin="q|v|z" device-size="e" af="14" driver="comp" instance="1" name="inp"/>
      </gpio>
      <gpio device-pin="q|v|z" port="e" pin="9">
        <signal driver="adc" name="in24"/>
        <signal device-pin="q|v|z" device-size="c|d" driver="comp" instance="1" name="inp"/>
        <signal driver="tim" instance="2" name="etr"/>
        <signal af="1" driver="tim" instance="2" name="ch1"/>
        <signal device-pin="v" device-size="c" af="2" driver="tim" instance="5" name="etr"/>
        <signal device-pin="q|v|z" device-size="d" af="12" driver="fsmc" name="d6"/>
        <signal device-pin="q|v|z" device-size="d" af="12" driver="fsmc" name="da6"/>
        <signal af="14" name="timx_ic2"/>
        <signal device-pin="q|v|z" device-size="e" af="14" driver="comp" instance="1" name="inp"/>
      </gpio>
      <gpio device-pin="q|v|z" port="e" pin="10">
        <signal driver="adc" name="in25"/>
        <signal device-pin="q|v|z" device-size="c|d" driver="comp" instance="1" name="inp"/>
        <signal af="1" driver="tim" instance="2" name="ch2"/>
        <signal device-pin="q|v|z" device-size="d" af="12" driver="fsmc" name="d7"/>
        <signal device-pin="q|v|z" device-size="d" af="12" driver="fsmc" name="da7"/>
        <signal af="14" name="timx_ic3"/>
        <signal device-pin="q|v|z" device-size="e" af="14" driver="comp" instance="1" name="inp"/>
      </gpio>
      <gpio device-pin="q|v|z" port="e" pin="11">
        <signal af="1" driver="tim" instance="2" name="ch3"/>
        <signal device-pin="q|v|z" device-size="d" af="12" driver="fsmc" name="d8"/>
        <signal device-pin="q|v|z" device-size="d" af="12" driver="fsmc" name="da8"/>
        <signal af="14" name="timx_ic4"/>
      </gpio>
      <gpio device-pin="q|v|z" port="e" pin="12">
        <signal af="1" driver="tim" instance="2" name="ch4"/>
        <signal af="5" driver="spi" instance="1" name="nss"/>
        <signal device-pin="q|v|z" device-size="d" af="12" driver="fsmc" name="d9"/>
        <signal device-pin="q|v|z" device-size="d" af="12" driver="fsmc" name="da9"/>
        <signal af="14" name="timx_ic1"/>
      </gpio>
      <gpio device-pin="q|v|z" port="e" pin="13">
        <signal af="5" driver="spi" instance="1" name="sck"/>
        <signal device-pin="q|v|z" device-size="d" af="12" driver="fsmc" name="d10"/>
        <signal device-pin="q|v|z" device-size="d" af="12" driver="fsmc" name="da10"/>
        <signal af="14" name="timx_ic2"/>
      </gpio>
      <gpio device-pin="q|v|z" port="e" pin="14">
        <signal af="5" driver="spi" instance="1" name="miso"/>
        <signal device-pin="q|v|z" device-size="d" af="12" driver="fsmc" name="d11"/>
        <signal device-pin="q|v|z" device-size="d" af="12" driver="fsmc" name="da11"/>
        <signal af="14" name="timx_ic3"/>
      </gpio>
      <gpio device-pin="q|v|z" port="e" pin="15">
        <signal af="5" driver="spi" instance="1" name="mosi"/>
        <signal device-pin="q|v|z" device-size="d" af="12" driver="fsmc" name="d12"/>
        <signal device-pin="q|v|z" device-size="d" af="12" driver="fsmc" name="da12"/>
        <signal af="14" name="timx_ic4"/>
      </gpio>
      <gpio device-pin="q|z" port="f" pin="0">
        <signal device-pin="q|z" device-size="d" af="12" driver="fsmc" name="a0"/>
      </gpio>
      <gpio device-pin="q|z" port="f" pin="1">
        <signal device-pin="q|z" device-size="d" af="12" driver="fsmc" name="a1"/>
      </gpio>
      <gpio device-pin="q|z" port="f" pin="2">
        <signal device-pin="q|z" device-size="d" af="12" driver="fsmc" name="a2"/>
      </gpio>
      <gpio device-pin="q|z" port="f" pin="3">
        <signal device-pin="q|z" device-size="d" af="12" driver="fsmc" name="a3"/>
      </gpio>
      <gpio device-pin="q|z" port="f" pin="4">
        <signal device-pin="q|z" device-size="d" af="12" driver="fsmc" name="a4"/>
      </gpio>
      <gpio device-pin="q|z" port="f" pin="5">
        <signal device-pin="q|z" device-size="d" af="12" driver="fsmc" name="a5"/>
      </gpio>
      <gpio device-pin="q|z" port="f" pin="6">
        <signal driver="adc" name="in27"/>
        <signal device-pin="q|z" device-size="c|d" driver="comp" instance="1" name="inp"/>
        <signal device-pin="q|z" device-size="e" driver="tim" instance="5" name="etr"/>
        <signal af="2" driver="tim" instance="5" name="ch1"/>
        <signal device-pin="q|z" device-size="c|d" af="2" driver="tim" instance="5" name="etr"/>
        <signal device-pin="q|z" device-size="e" af="14" driver="comp" instance="1" name="inp"/>
        <signal af="14" driver="ts" name="g11_io1"/>
      </gpio>
      <gpio device-pin="q|z" port="f" pin="7">
        <signal driver="adc" name="in28"/>
        <signal device-pin="q|z" device-size="c|d" driver="comp" instance="1" name="inp"/>
        <signal af="2" driver="tim" instance="5" name="ch2"/>
        <signal device-pin="q|z" device-size="e" af="14" driver="comp" instance="1" name="inp"/>
        <signal af="14" driver="ts" name="g11_io2"/>
      </gpio>
      <gpio device-pin="q|z" port="f" pin="8">
        <signal driver="adc" name="in29"/>
        <signal device-pin="q|z" device-size="c|d" driver="comp" instance="1" name="inp"/>
        <signal af="2" driver="tim" instance="5" name="ch3"/>
        <signal device-pin="q|z" device-size="e" af="14" driver="comp" instance="1" name="inp"/>
        <signal af="14" driver="ts" name="g11_io3"/>
      </gpio>
      <gpio device-pin="q|z" port="f" pin="9">
        <signal driver="adc" name="in30"/>
        <signal device-pin="q|z" device-size="c|d" driver="comp" instance="1" name="inp"/>
        <signal af="2" driver="tim" instance="5" name="ch4"/>
        <signal device-pin="q|z" device-size="e" af="14" driver="comp" instance="1" name="inp"/>
        <signal af="14" driver="ts" name="g11_io4"/>
      </gpio>
      <gpio device-pin="z" port="f" pin="10">
        <signal driver="adc" name="in31"/>
        <signal device-name="62" device-size="d" driver="comp" instance="1" name="inp"/>
        <signal device-name="51|52" device-size="c|d" driver="comp" instance="1" name="inp"/>
        <signal device-name="51|52|62" device-size="e" af="14" driver="comp" instance="1" name="inp"/>
        <signal af="14" driver="ts" name="g11_io5"/>
      </gpio>
      <gpio device-pin="q|z" port="f" pin="11">
        <signal driver="adc" name="in1b"/>
        <signal af="14" driver="ts" name="g3_io4"/>
      </gpio>
      <gpio device-pin="q|z" port="f" pin="12">
        <signal driver="adc" name="in2b"/>
        <signal device-pin="q|z" device-size="d" af="12" driver="fsmc" name="a6"/>
        <signal af="14" driver="ts" name="g3_io5"/>
      </gpio>
      <gpio device-pin="q|z" port="f" pin="13">
        <signal driver="adc" name="in3b"/>
        <signal device-pin="q|z" device-size="d" af="12" driver="fsmc" name="a7"/>
        <signal af="14" driver="ts" name="g9_io3"/>
      </gpio>
      <gpio device-pin="q|z" port="f" pin="14">
        <signal driver="adc" name="in6b"/>
        <signal device-pin="q|z" device-size="d" af="12" driver="fsmc" name="a8"/>
        <signal af="14" driver="ts" name="g9_io4"/>
      </gpio>
      <gpio device-pin="q|z" port="f" pin="15">
        <signal driver="adc" name="in7b"/>
        <signal device-pin="q|z" device-size="d" af="12" driver="fsmc" name="a9"/>
        <signal af="14" driver="ts" name="g2_io3"/>
      </gpio>
      <gpio device-pin="q|z" port="g" pin="0">
        <signal driver="adc" name="in8b"/>
        <signal device-pin="q|z" device-size="d" af="12" driver="fsmc" name="a10"/>
        <signal af="14" driver="ts" name="g2_io4"/>
      </gpio>
      <gpio device-pin="q|z" port="g" pin="1">
        <signal driver="adc" name="in9b"/>
        <signal device-pin="q|z" device-size="d" af="12" driver="fsmc" name="a11"/>
        <signal af="14" driver="ts" name="g2_io5"/>
      </gpio>
      <gpio device-pin="q|z" port="g" pin="2">
        <signal driver="adc" name="in10b"/>
        <signal device-pin="q|z" device-size="d" af="12" driver="fsmc" name="a12"/>
        <signal af="14" driver="ts" name="g7_io5"/>
      </gpio>
      <gpio device-pin="q|z" port="g" pin="3">
        <signal driver="adc" name="in11b"/>
        <signal device-pin="q|z" device-size="d" af="12" driver="fsmc" name="a13"/>
        <signal af="14" driver="ts" name="g7_io6"/>
      </gpio>
      <gpio device-pin="q|z" port="g" pin="4">
        <signal driver="adc" name="in12b"/>
        <signal device-pin="q|z" device-size="d" af="12" driver="fsmc" name="a14"/>
        <signal af="14" driver="ts" name="g7_io7"/>
      </gpio>
      <gpio device-pin="q|z" port="g" pin="5">
        <signal device-pin="q|z" device-size="d" af="12" driver="fsmc" name="a15"/>
      </gpio>
      <gpio device-pin="z" port="g" pin="6"/>
      <gpio device-pin="z" port="g" pin="7"/>
      <gpio device-pin="z" port="g" pin="8"/>
      <gpio device-pin="q|z" port="g" pin="9">
        <signal device-pin="q|z" device-size="d" af="12" driver="fsmc" name="ne2"/>
      </gpio>
      <gpio device-pin="q|z" port="g" pin="10">
        <signal device-pin="q|z" device-size="d" af="12" driver="fsmc" name="ne3"/>
      </gpio>
      <gpio device-pin="z" port="g" pin="11"/>
      <gpio device-pin="q|z" port="g" pin="12">
        <signal device-pin="q|z" device-size="d" af="12" driver="fsmc" name="ne4"/>
      </gpio>
      <gpio device-pin="q|z" port="g" pin="13">
        <signal device-pin="q|z" device-size="d" af="12" driver="fsmc" name="a24"/>
      </gpio>
      <gpio device-pin="q|z" port="g" pin="14">
        <signal device-pin="q|z" device-size="d" af="12" driver="fsmc" name="a25"/>
      </gpio>
      <gpio device-pin="z" port="g" pin="15"/>
      <gpio port="h" pin="0">
        <signal af="0" driver="rcc" name="osc_in"/>
      </gpio>
      <gpio port="h" pin="1">
        <signal af="0" driver="rcc" name="osc_out"/>
      </gpio>
      <gpio device-pin="q|v|z" port="h" pin="2">
        <signal device-pin="q|v|z" device-size="d" af="12" driver="fsmc" name="a22"/>
      </gpio>
    </driver>
  </device>
</modm>
