<?xml version='1.0' encoding='UTF-8'?>
<modm version="0.4.0">
  <!-- WARNING: This file is generated by the modm device file generator. Do not edit! -->
  <device platform="stm32" family="f3" name="58|98" pin="c|r|v" size="c|e" package="t">
    <naming-schema>{platform}{family}{name}{pin}{size}{package}</naming-schema>
    <valid-device>stm32f358cct</valid-device>
    <valid-device>stm32f358rct</valid-device>
    <valid-device>stm32f358vct</valid-device>
    <valid-device>stm32f398vet</valid-device>
    <driver name="core" type="cortex-m4f">
      <memory device-name="58" name="flash" access="rx" start="0x8000000" size="262144"/>
      <memory device-name="98" name="flash" access="rx" start="0x8000000" size="524288"/>
      <memory device-name="58" name="ccm" access="rwx" start="0x10000000" size="8192"/>
      <memory device-name="98" name="ccm" access="rwx" start="0x10000000" size="16384"/>
      <memory device-name="58" name="sram1" access="rwx" start="0x20000000" size="40960"/>
      <memory device-name="98" name="sram1" access="rwx" start="0x20000000" size="65536"/>
      <vector position="0" name="WWDG"/>
      <vector position="2" name="TAMP_STAMP"/>
      <vector position="3" name="RTC_WKUP"/>
      <vector position="4" name="FLASH"/>
      <vector position="5" name="RCC"/>
      <vector position="6" name="EXTI0"/>
      <vector position="7" name="EXTI1"/>
      <vector position="8" name="EXTI2_TSC"/>
      <vector position="9" name="EXTI3"/>
      <vector position="10" name="EXTI4"/>
      <vector position="11" name="DMA1_Channel1"/>
      <vector position="12" name="DMA1_Channel2"/>
      <vector position="13" name="DMA1_Channel3"/>
      <vector position="14" name="DMA1_Channel4"/>
      <vector position="15" name="DMA1_Channel5"/>
      <vector position="16" name="DMA1_Channel6"/>
      <vector position="17" name="DMA1_Channel7"/>
      <vector position="18" name="ADC1_2"/>
      <vector position="19" name="CAN_TX"/>
      <vector position="20" name="CAN_RX0"/>
      <vector position="21" name="CAN_RX1"/>
      <vector position="22" name="CAN_SCE"/>
      <vector position="23" name="EXTI9_5"/>
      <vector position="24" name="TIM1_BRK_TIM15"/>
      <vector position="25" name="TIM1_UP_TIM16"/>
      <vector position="26" name="TIM1_TRG_COM_TIM17"/>
      <vector position="27" name="TIM1_CC"/>
      <vector position="28" name="TIM2"/>
      <vector position="29" name="TIM3"/>
      <vector position="30" name="TIM4"/>
      <vector position="31" name="I2C1_EV"/>
      <vector position="32" name="I2C1_ER"/>
      <vector position="33" name="I2C2_EV"/>
      <vector position="34" name="I2C2_ER"/>
      <vector position="35" name="SPI1"/>
      <vector position="36" name="SPI2"/>
      <vector position="37" name="USART1"/>
      <vector position="38" name="USART2"/>
      <vector position="39" name="USART3"/>
      <vector position="40" name="EXTI15_10"/>
      <vector position="41" name="RTC_Alarm"/>
      <vector position="43" name="TIM8_BRK"/>
      <vector position="44" name="TIM8_UP"/>
      <vector position="45" name="TIM8_TRG_COM"/>
      <vector position="46" name="TIM8_CC"/>
      <vector position="47" name="ADC3"/>
      <vector device-name="98" position="48" name="FMC"/>
      <vector position="51" name="SPI3"/>
      <vector position="52" name="UART4"/>
      <vector position="53" name="UART5"/>
      <vector position="54" name="TIM6_DAC"/>
      <vector position="55" name="TIM7"/>
      <vector position="56" name="DMA2_Channel1"/>
      <vector position="57" name="DMA2_Channel2"/>
      <vector position="58" name="DMA2_Channel3"/>
      <vector position="59" name="DMA2_Channel4"/>
      <vector position="60" name="DMA2_Channel5"/>
      <vector position="61" name="ADC4"/>
      <vector position="64" name="COMP1_2_3"/>
      <vector position="65" name="COMP4_5_6"/>
      <vector position="66" name="COMP7"/>
      <vector device-name="98" position="72" name="I2C3_EV"/>
      <vector device-name="98" position="73" name="I2C3_ER"/>
      <vector device-name="98" position="77" name="TIM20_BRK"/>
      <vector device-name="98" position="78" name="TIM20_UP"/>
      <vector device-name="98" position="79" name="TIM20_TRG_COM"/>
      <vector device-name="98" position="80" name="TIM20_CC"/>
      <vector position="81" name="FPU"/>
      <vector device-name="98" position="84" name="SPI4"/>
    </driver>
    <driver name="adc" type="stm32-f3">
      <instance value="1"/>
      <instance value="2"/>
      <instance value="3"/>
      <instance value="4"/>
    </driver>
    <driver name="can" type="stm32">
      <feature value="filter-28"/>
    </driver>
    <driver device-name="98" name="comp" type="stm32-v1.2">
      <instance value="1"/>
      <instance value="2"/>
      <instance value="3"/>
      <instance value="4"/>
      <instance value="5"/>
      <instance value="6"/>
      <instance value="7"/>
    </driver>
    <driver device-name="58" name="comp" type="stm32-v1.3">
      <instance value="1"/>
      <instance value="2"/>
      <instance value="3"/>
      <instance value="4"/>
      <instance value="5"/>
      <instance value="6"/>
      <instance value="7"/>
    </driver>
    <driver name="crc" type="stm32">
      <feature value="polynomial"/>
      <feature value="reverse"/>
    </driver>
    <driver name="dac" type="stm32">
      <feature value="status"/>
      <instance device-name="98" value="1"/>
    </driver>
    <driver name="dma" type="stm32">
      <instance value="1"/>
      <instance value="2"/>
    </driver>
    <driver name="flash" type="stm32-v1.0">
      <latency vcore-min="1800">
        <wait-state ws="0" hclk-max="24000000"/>
        <wait-state ws="1" hclk-max="48000000"/>
        <wait-state ws="2" hclk-max="72000000"/>
      </latency>
    </driver>
    <driver device-name="98" name="fmc" type="stm32-v1.0"/>
    <driver name="i2c" type="stm32-extended">
      <feature value="dnf"/>
      <feature value="fmp"/>
      <instance value="1"/>
      <instance value="2"/>
      <instance device-name="98" value="3"/>
    </driver>
    <driver name="i2s" type="stm32-v3.0">
      <instance value="2"/>
      <instance value="3"/>
    </driver>
    <driver name="irtim" type="stm32-v1.0"/>
    <driver name="iwdg" type="stm32">
      <feature value="window"/>
    </driver>
    <driver name="opamp" type="stm32-v1.0">
      <instance value="1"/>
      <instance value="2"/>
      <instance value="3"/>
      <instance value="4"/>
    </driver>
    <driver name="rcc" type="stm32-v1.0"/>
    <driver name="rtc" type="stm32-v2.4"/>
    <driver name="spi" type="stm32">
      <feature value="data-size"/>
      <feature value="fifo"/>
      <feature value="nss-pulse"/>
      <instance value="1"/>
      <instance value="2"/>
      <instance value="3"/>
      <instance device-name="98" value="4"/>
    </driver>
    <driver name="sys" type="stm32">
      <feature value="ccm-wp"/>
      <feature value="cfgr2"/>
      <feature value="exti"/>
      <feature value="fpu"/>
    </driver>
    <driver name="tim" type="stm32-advanced">
      <instance value="1"/>
      <instance value="8"/>
      <instance device-name="98" value="20"/>
    </driver>
    <driver name="tim" type="stm32-basic">
      <instance value="6"/>
      <instance value="7"/>
    </driver>
    <driver name="tim" type="stm32-general-purpose">
      <instance value="2"/>
      <instance value="3"/>
      <instance value="4"/>
      <instance value="15"/>
      <instance value="16"/>
      <instance value="17"/>
    </driver>
    <driver name="tsc" type="stm32-v1.0"/>
    <driver device-pin="r|v" name="uart" type="stm32-extended">
      <feature value="wakeup"/>
      <instance value="4"/>
      <instance value="5"/>
    </driver>
    <driver name="usart" type="stm32-extended">
      <feature value="wakeup"/>
      <instance value="1"/>
      <instance value="2"/>
      <instance value="3"/>
    </driver>
    <driver name="wwdg" type="stm32-v1.0"/>
    <driver name="gpio" type="stm32">
      <gpio port="a" pin="0">
        <signal driver="adc" instance="1" name="in1"/>
        <signal driver="comp" instance="1" name="inm"/>
        <signal device-name="58" driver="comp" instance="7" name="inp"/>
        <signal driver="rtc" name="tamp2"/>
        <signal driver="sys" name="wkup1"/>
        <signal af="1" driver="tim" instance="2" name="ch1"/>
        <signal af="1" driver="tim" instance="2" name="etr"/>
        <signal af="3" driver="tsc" name="g1_io1"/>
        <signal af="7" driver="usart" instance="2" name="cts"/>
        <signal af="8" driver="comp" instance="1" name="out"/>
        <signal af="9" driver="tim" instance="8" name="bkin"/>
        <signal af="10" driver="tim" instance="8" name="etr"/>
      </gpio>
      <gpio port="a" pin="1">
        <signal driver="adc" instance="1" name="in2"/>
        <signal driver="comp" instance="1" name="inp"/>
        <signal driver="opamp" instance="1" name="vinp"/>
        <signal driver="opamp" instance="1" name="vinp_sec"/>
        <signal driver="opamp" instance="3" name="vinp"/>
        <signal driver="opamp" instance="3" name="vinp_sec"/>
        <signal af="0" driver="rtc" name="refin"/>
        <signal af="1" driver="tim" instance="2" name="ch2"/>
        <signal af="3" driver="tsc" name="g1_io2"/>
        <signal af="7" driver="usart" instance="2" name="de"/>
        <signal af="7" driver="usart" instance="2" name="rts"/>
        <signal af="9" driver="tim" instance="15" name="ch1n"/>
      </gpio>
      <gpio port="a" pin="2">
        <signal driver="adc" instance="1" name="in3"/>
        <signal driver="comp" instance="2" name="inm"/>
        <signal driver="opamp" instance="1" name="vout"/>
        <signal af="1" driver="tim" instance="2" name="ch3"/>
        <signal af="3" driver="tsc" name="g1_io3"/>
        <signal af="7" driver="usart" instance="2" name="tx"/>
        <signal af="8" driver="comp" instance="2" name="out"/>
        <signal af="9" driver="tim" instance="15" name="ch1"/>
      </gpio>
      <gpio port="a" pin="3">
        <signal driver="adc" instance="1" name="in4"/>
        <signal device-name="58" driver="comp" instance="2" name="inp"/>
        <signal driver="opamp" instance="1" name="vinm"/>
        <signal driver="opamp" instance="1" name="vinm_sec"/>
        <signal driver="opamp" instance="1" name="vinp"/>
        <signal driver="opamp" instance="1" name="vinp_sec"/>
        <signal af="1" driver="tim" instance="2" name="ch4"/>
        <signal af="3" driver="tsc" name="g1_io4"/>
        <signal af="7" driver="usart" instance="2" name="rx"/>
        <signal af="9" driver="tim" instance="15" name="ch2"/>
      </gpio>
      <gpio port="a" pin="4">
        <signal driver="adc" instance="2" name="in1"/>
        <signal driver="comp" instance="1" name="inm"/>
        <signal driver="comp" instance="2" name="inm"/>
        <signal driver="comp" instance="3" name="inm"/>
        <signal driver="comp" instance="4" name="inm"/>
        <signal driver="comp" instance="5" name="inm"/>
        <signal driver="comp" instance="6" name="inm"/>
        <signal driver="comp" instance="7" name="inm"/>
        <signal device-name="58" driver="dac" name="out1"/>
        <signal device-name="98" driver="dac" instance="1" name="out1"/>
        <signal driver="opamp" instance="4" name="vinp"/>
        <signal driver="opamp" instance="4" name="vinp_sec"/>
        <signal af="2" driver="tim" instance="3" name="ch2"/>
        <signal af="3" driver="tsc" name="g2_io1"/>
        <signal af="5" driver="spi" instance="1" name="nss"/>
        <signal af="6" driver="i2s" instance="3" name="ws"/>
        <signal af="6" driver="spi" instance="3" name="nss"/>
        <signal af="7" driver="usart" instance="2" name="ck"/>
      </gpio>
      <gpio port="a" pin="5">
        <signal driver="adc" instance="2" name="in2"/>
        <signal driver="comp" instance="1" name="inm"/>
        <signal driver="comp" instance="2" name="inm"/>
        <signal driver="comp" instance="3" name="inm"/>
        <signal driver="comp" instance="4" name="inm"/>
        <signal driver="comp" instance="5" name="inm"/>
        <signal driver="comp" instance="6" name="inm"/>
        <signal driver="comp" instance="7" name="inm"/>
        <signal device-name="58" driver="dac" name="out2"/>
        <signal device-name="98" driver="dac" instance="1" name="out2"/>
        <signal driver="opamp" instance="1" name="vinp"/>
        <signal driver="opamp" instance="1" name="vinp_sec"/>
        <signal driver="opamp" instance="2" name="vinm"/>
        <signal driver="opamp" instance="2" name="vinm_sec"/>
        <signal driver="opamp" instance="3" name="vinp"/>
        <signal driver="opamp" instance="3" name="vinp_sec"/>
        <signal af="1" driver="tim" instance="2" name="ch1"/>
        <signal af="1" driver="tim" instance="2" name="etr"/>
        <signal af="3" driver="tsc" name="g2_io2"/>
        <signal af="5" driver="spi" instance="1" name="sck"/>
      </gpio>
      <gpio port="a" pin="6">
        <signal driver="adc" instance="2" name="in3"/>
        <signal driver="opamp" instance="2" name="vout"/>
        <signal af="1" driver="tim" instance="16" name="ch1"/>
        <signal af="2" driver="tim" instance="3" name="ch1"/>
        <signal af="3" driver="tsc" name="g2_io3"/>
        <signal af="4" driver="tim" instance="8" name="bkin"/>
        <signal af="5" driver="spi" instance="1" name="miso"/>
        <signal af="6" driver="tim" instance="1" name="bkin"/>
        <signal af="8" driver="comp" instance="1" name="out"/>
      </gpio>
      <gpio port="a" pin="7">
        <signal driver="adc" instance="2" name="in4"/>
        <signal driver="comp" instance="2" name="inp"/>
        <signal driver="opamp" instance="1" name="vinp"/>
        <signal driver="opamp" instance="1" name="vinp_sec"/>
        <signal driver="opamp" instance="2" name="vinp"/>
        <signal driver="opamp" instance="2" name="vinp_sec"/>
        <signal af="1" driver="tim" instance="17" name="ch1"/>
        <signal af="2" driver="tim" instance="3" name="ch2"/>
        <signal af="3" driver="tsc" name="g2_io4"/>
        <signal af="4" driver="tim" instance="8" name="ch1n"/>
        <signal af="5" driver="spi" instance="1" name="mosi"/>
        <signal af="6" driver="tim" instance="1" name="ch1n"/>
        <signal device-name="58" af="8" driver="comp" instance="2" name="out"/>
      </gpio>
      <gpio port="a" pin="8">
        <signal af="0" driver="rcc" name="mco"/>
        <signal device-name="98" af="3" driver="i2c" instance="3" name="scl"/>
        <signal af="4" driver="i2c" instance="2" name="smba"/>
        <signal af="5" driver="i2s" instance="2" name="mck"/>
        <signal af="6" driver="tim" instance="1" name="ch1"/>
        <signal af="7" driver="usart" instance="1" name="ck"/>
        <signal af="8" driver="comp" instance="3" name="out"/>
        <signal af="10" driver="tim" instance="4" name="etr"/>
      </gpio>
      <gpio port="a" pin="9">
        <signal device-name="98" af="2" driver="i2c" instance="3" name="smba"/>
        <signal af="3" driver="tsc" name="g4_io1"/>
        <signal af="4" driver="i2c" instance="2" name="scl"/>
        <signal af="5" driver="i2s" instance="3" name="mck"/>
        <signal af="6" driver="tim" instance="1" name="ch2"/>
        <signal af="7" driver="usart" instance="1" name="tx"/>
        <signal af="8" driver="comp" instance="5" name="out"/>
        <signal af="9" driver="tim" instance="15" name="bkin"/>
        <signal af="10" driver="tim" instance="2" name="ch3"/>
      </gpio>
      <gpio port="a" pin="10">
        <signal af="1" driver="tim" instance="17" name="bkin"/>
        <signal af="3" driver="tsc" name="g4_io2"/>
        <signal af="4" driver="i2c" instance="2" name="sda"/>
        <signal device-name="98" af="5" driver="i2s" instance="2" name="ext_sd"/>
        <signal device-name="98" af="5" driver="spi" instance="2" name="miso"/>
        <signal af="6" driver="tim" instance="1" name="ch3"/>
        <signal af="7" driver="usart" instance="1" name="rx"/>
        <signal af="8" driver="comp" instance="6" name="out"/>
        <signal af="10" driver="tim" instance="2" name="ch4"/>
        <signal af="11" driver="tim" instance="8" name="bkin"/>
      </gpio>
      <gpio port="a" pin="11">
        <signal device-name="98" af="5" driver="i2s" instance="2" name="sd"/>
        <signal device-name="98" af="5" driver="spi" instance="2" name="mosi"/>
        <signal af="6" driver="tim" instance="1" name="ch1n"/>
        <signal af="7" driver="usart" instance="1" name="cts"/>
        <signal af="8" driver="comp" instance="1" name="out"/>
        <signal af="9" driver="can" name="rx"/>
        <signal af="10" driver="tim" instance="4" name="ch1"/>
        <signal af="11" driver="tim" instance="1" name="ch4"/>
        <signal af="12" driver="tim" instance="1" name="bkin2"/>
      </gpio>
      <gpio port="a" pin="12">
        <signal af="1" driver="tim" instance="16" name="ch1"/>
        <signal device-name="98" af="5" driver="i2s" name="ckin"/>
        <signal af="6" driver="tim" instance="1" name="ch2n"/>
        <signal af="7" driver="usart" instance="1" name="de"/>
        <signal af="7" driver="usart" instance="1" name="rts"/>
        <signal af="8" driver="comp" instance="2" name="out"/>
        <signal af="9" driver="can" name="tx"/>
        <signal af="10" driver="tim" instance="4" name="ch2"/>
        <signal af="11" driver="tim" instance="1" name="etr"/>
      </gpio>
      <gpio port="a" pin="13">
        <signal af="0" driver="sys" name="jtms"/>
        <signal af="0" driver="sys" name="swdio"/>
        <signal af="1" driver="tim" instance="16" name="ch1n"/>
        <signal af="3" driver="tsc" name="g4_io3"/>
        <signal af="5" name="ir_out"/>
        <signal af="7" driver="usart" instance="3" name="cts"/>
        <signal af="10" driver="tim" instance="4" name="ch3"/>
      </gpio>
      <gpio port="a" pin="14">
        <signal af="0" driver="sys" name="jtck"/>
        <signal af="0" driver="sys" name="swclk"/>
        <signal af="3" driver="tsc" name="g4_io4"/>
        <signal af="4" driver="i2c" instance="1" name="sda"/>
        <signal af="5" driver="tim" instance="8" name="ch2"/>
        <signal af="6" driver="tim" instance="1" name="bkin"/>
        <signal af="7" driver="usart" instance="2" name="tx"/>
      </gpio>
      <gpio port="a" pin="15">
        <signal af="0" driver="sys" name="jtdi"/>
        <signal af="1" driver="tim" instance="2" name="ch1"/>
        <signal af="1" driver="tim" instance="2" name="etr"/>
        <signal af="2" driver="tim" instance="8" name="ch1"/>
        <signal device-name="98" af="3" driver="tsc" name="sync"/>
        <signal af="4" driver="i2c" instance="1" name="scl"/>
        <signal af="5" driver="spi" instance="1" name="nss"/>
        <signal af="6" driver="i2s" instance="3" name="ws"/>
        <signal af="6" driver="spi" instance="3" name="nss"/>
        <signal af="7" driver="usart" instance="2" name="rx"/>
        <signal af="9" driver="tim" instance="1" name="bkin"/>
      </gpio>
      <gpio port="b" pin="0">
        <signal driver="adc" instance="3" name="in12"/>
        <signal driver="comp" instance="4" name="inp"/>
        <signal driver="opamp" instance="2" name="vinp"/>
        <signal driver="opamp" instance="2" name="vinp_sec"/>
        <signal driver="opamp" instance="3" name="vinp"/>
        <signal driver="opamp" instance="3" name="vinp_sec"/>
        <signal af="2" driver="tim" instance="3" name="ch3"/>
        <signal af="3" driver="tsc" name="g3_io2"/>
        <signal af="4" driver="tim" instance="8" name="ch2n"/>
        <signal af="6" driver="tim" instance="1" name="ch2n"/>
      </gpio>
      <gpio port="b" pin="1">
        <signal driver="adc" instance="3" name="in1"/>
        <signal driver="opamp" instance="3" name="vout"/>
        <signal af="2" driver="tim" instance="3" name="ch4"/>
        <signal af="3" driver="tsc" name="g3_io3"/>
        <signal af="4" driver="tim" instance="8" name="ch3n"/>
        <signal af="6" driver="tim" instance="1" name="ch3n"/>
        <signal af="8" driver="comp" instance="4" name="out"/>
      </gpio>
      <gpio port="b" pin="3">
        <signal af="0" driver="sys" name="jtdo"/>
        <signal af="0" driver="sys" name="traceswo"/>
        <signal af="1" driver="tim" instance="2" name="ch2"/>
        <signal af="2" driver="tim" instance="4" name="etr"/>
        <signal af="3" driver="tsc" name="g5_io1"/>
        <signal af="4" driver="tim" instance="8" name="ch1n"/>
        <signal af="5" driver="spi" instance="1" name="sck"/>
        <signal af="6" driver="i2s" instance="3" name="ck"/>
        <signal af="6" driver="spi" instance="3" name="sck"/>
        <signal af="7" driver="usart" instance="2" name="tx"/>
        <signal af="10" driver="tim" instance="3" name="etr"/>
      </gpio>
      <gpio port="b" pin="4">
        <signal af="0" driver="sys" name="njtrst"/>
        <signal af="1" driver="tim" instance="16" name="ch1"/>
        <signal af="2" driver="tim" instance="3" name="ch1"/>
        <signal af="3" driver="tsc" name="g5_io2"/>
        <signal af="4" driver="tim" instance="8" name="ch2n"/>
        <signal af="5" driver="spi" instance="1" name="miso"/>
        <signal af="6" driver="i2s" instance="3" name="ext_sd"/>
        <signal af="6" driver="spi" instance="3" name="miso"/>
        <signal af="7" driver="usart" instance="2" name="rx"/>
        <signal af="10" driver="tim" instance="17" name="bkin"/>
      </gpio>
      <gpio port="b" pin="5">
        <signal af="1" driver="tim" instance="16" name="bkin"/>
        <signal af="2" driver="tim" instance="3" name="ch2"/>
        <signal af="3" driver="tim" instance="8" name="ch3n"/>
        <signal af="4" driver="i2c" instance="1" name="smba"/>
        <signal af="5" driver="spi" instance="1" name="mosi"/>
        <signal af="6" driver="i2s" instance="3" name="sd"/>
        <signal af="6" driver="spi" instance="3" name="mosi"/>
        <signal af="7" driver="usart" instance="2" name="ck"/>
        <signal device-name="98" af="8" driver="i2c" instance="3" name="sda"/>
        <signal af="10" driver="tim" instance="17" name="ch1"/>
      </gpio>
      <gpio port="b" pin="6">
        <signal af="1" driver="tim" instance="16" name="ch1n"/>
        <signal af="2" driver="tim" instance="4" name="ch1"/>
        <signal af="3" driver="tsc" name="g5_io3"/>
        <signal af="4" driver="i2c" instance="1" name="scl"/>
        <signal af="5" driver="tim" instance="8" name="ch1"/>
        <signal af="6" driver="tim" instance="8" name="etr"/>
        <signal af="7" driver="usart" instance="1" name="tx"/>
        <signal af="10" driver="tim" instance="8" name="bkin2"/>
      </gpio>
      <gpio port="b" pin="7">
        <signal af="1" driver="tim" instance="17" name="ch1n"/>
        <signal af="2" driver="tim" instance="4" name="ch2"/>
        <signal af="3" driver="tsc" name="g5_io4"/>
        <signal af="4" driver="i2c" instance="1" name="sda"/>
        <signal af="5" driver="tim" instance="8" name="bkin"/>
        <signal af="7" driver="usart" instance="1" name="rx"/>
        <signal af="10" driver="tim" instance="3" name="ch4"/>
        <signal device-name="98" af="12" driver="fmc" name="nl"/>
      </gpio>
      <gpio port="b" pin="8">
        <signal af="1" driver="tim" instance="16" name="ch1"/>
        <signal af="2" driver="tim" instance="4" name="ch3"/>
        <signal af="3" driver="tsc" name="sync"/>
        <signal af="4" driver="i2c" instance="1" name="scl"/>
        <signal device-name="98" af="7" driver="usart" instance="3" name="rx"/>
        <signal af="8" driver="comp" instance="1" name="out"/>
        <signal af="9" driver="can" name="rx"/>
        <signal af="10" driver="tim" instance="8" name="ch2"/>
        <signal af="12" driver="tim" instance="1" name="bkin"/>
      </gpio>
      <gpio port="b" pin="9">
        <signal af="1" driver="tim" instance="17" name="ch1"/>
        <signal af="2" driver="tim" instance="4" name="ch4"/>
        <signal af="4" driver="i2c" instance="1" name="sda"/>
        <signal af="6" name="ir_out"/>
        <signal device-name="98" af="7" driver="usart" instance="3" name="tx"/>
        <signal af="8" driver="comp" instance="2" name="out"/>
        <signal af="9" driver="can" name="tx"/>
        <signal af="10" driver="tim" instance="8" name="ch3"/>
      </gpio>
      <gpio port="b" pin="10">
        <signal driver="comp" instance="5" name="inm"/>
        <signal driver="opamp" instance="3" name="vinm"/>
        <signal driver="opamp" instance="3" name="vinm_sec"/>
        <signal driver="opamp" instance="4" name="vinm"/>
        <signal driver="opamp" instance="4" name="vinm_sec"/>
        <signal af="1" driver="tim" instance="2" name="ch3"/>
        <signal af="3" driver="tsc" name="sync"/>
        <signal af="7" driver="usart" instance="3" name="tx"/>
      </gpio>
      <gpio port="b" pin="11">
        <signal device-name="98" driver="adc" instance="1" name="in14"/>
        <signal device-name="98" driver="adc" instance="2" name="in14"/>
        <signal driver="comp" instance="6" name="inp"/>
        <signal driver="opamp" instance="4" name="vinp"/>
        <signal driver="opamp" instance="4" name="vinp_sec"/>
        <signal af="1" driver="tim" instance="2" name="ch4"/>
        <signal af="3" driver="tsc" name="g6_io1"/>
        <signal af="7" driver="usart" instance="3" name="rx"/>
      </gpio>
      <gpio port="b" pin="12">
        <signal driver="adc" instance="4" name="in3"/>
        <signal driver="comp" instance="3" name="inm"/>
        <signal driver="opamp" instance="4" name="vout"/>
        <signal af="3" driver="tsc" name="g6_io2"/>
        <signal af="4" driver="i2c" instance="2" name="smba"/>
        <signal af="5" driver="i2s" instance="2" name="ws"/>
        <signal af="5" driver="spi" instance="2" name="nss"/>
        <signal af="6" driver="tim" instance="1" name="bkin"/>
        <signal af="7" driver="usart" instance="3" name="ck"/>
      </gpio>
      <gpio port="b" pin="13">
        <signal driver="adc" instance="3" name="in5"/>
        <signal driver="comp" instance="5" name="inp"/>
        <signal driver="opamp" instance="3" name="vinp"/>
        <signal driver="opamp" instance="3" name="vinp_sec"/>
        <signal driver="opamp" instance="4" name="vinp"/>
        <signal driver="opamp" instance="4" name="vinp_sec"/>
        <signal af="3" driver="tsc" name="g6_io3"/>
        <signal af="5" driver="i2s" instance="2" name="ck"/>
        <signal af="5" driver="spi" instance="2" name="sck"/>
        <signal af="6" driver="tim" instance="1" name="ch1n"/>
        <signal af="7" driver="usart" instance="3" name="cts"/>
      </gpio>
      <gpio port="b" pin="14">
        <signal driver="adc" instance="4" name="in4"/>
        <signal driver="comp" instance="3" name="inp"/>
        <signal driver="opamp" instance="2" name="vinp"/>
        <signal driver="opamp" instance="2" name="vinp_sec"/>
        <signal af="1" driver="tim" instance="15" name="ch1"/>
        <signal af="3" driver="tsc" name="g6_io4"/>
        <signal af="5" driver="i2s" instance="2" name="ext_sd"/>
        <signal af="5" driver="spi" instance="2" name="miso"/>
        <signal af="6" driver="tim" instance="1" name="ch2n"/>
        <signal af="7" driver="usart" instance="3" name="de"/>
        <signal af="7" driver="usart" instance="3" name="rts"/>
      </gpio>
      <gpio port="b" pin="15">
        <signal driver="adc" instance="4" name="in5"/>
        <signal driver="comp" instance="6" name="inm"/>
        <signal af="0" driver="rtc" name="refin"/>
        <signal af="1" driver="tim" instance="15" name="ch2"/>
        <signal af="2" driver="tim" instance="15" name="ch1n"/>
        <signal af="4" driver="tim" instance="1" name="ch3n"/>
        <signal af="5" driver="i2s" instance="2" name="sd"/>
        <signal af="5" driver="spi" instance="2" name="mosi"/>
      </gpio>
      <gpio device-pin="r|v" port="c" pin="0">
        <signal driver="adc" instance="1" name="in6"/>
        <signal driver="adc" instance="2" name="in6"/>
        <signal driver="comp" instance="7" name="inm"/>
        <signal device-name="98" af="2" driver="tim" instance="1" name="ch1"/>
      </gpio>
      <gpio device-pin="r|v" port="c" pin="1">
        <signal driver="adc" instance="1" name="in7"/>
        <signal driver="adc" instance="2" name="in7"/>
        <signal driver="comp" instance="7" name="inp"/>
        <signal device-name="98" af="2" driver="tim" instance="1" name="ch2"/>
      </gpio>
      <gpio device-pin="r|v" port="c" pin="2">
        <signal driver="adc" instance="1" name="in8"/>
        <signal driver="adc" instance="2" name="in8"/>
        <signal device-name="98" af="2" driver="tim" instance="1" name="ch3"/>
        <signal af="3" driver="comp" instance="7" name="out"/>
      </gpio>
      <gpio device-pin="r|v" port="c" pin="3">
        <signal driver="adc" instance="1" name="in9"/>
        <signal driver="adc" instance="2" name="in9"/>
        <signal device-name="98" af="2" driver="tim" instance="1" name="ch4"/>
        <signal af="6" driver="tim" instance="1" name="bkin2"/>
      </gpio>
      <gpio device-pin="r|v" port="c" pin="4">
        <signal driver="adc" instance="2" name="in5"/>
        <signal device-name="98" af="2" driver="tim" instance="1" name="etr"/>
        <signal af="7" driver="usart" instance="1" name="tx"/>
      </gpio>
      <gpio device-pin="r|v" port="c" pin="5">
        <signal driver="adc" instance="2" name="in11"/>
        <signal driver="opamp" instance="1" name="vinm"/>
        <signal driver="opamp" instance="1" name="vinm_sec"/>
        <signal driver="opamp" instance="2" name="vinm"/>
        <signal driver="opamp" instance="2" name="vinm_sec"/>
        <signal device-name="98" af="2" driver="tim" instance="15" name="bkin"/>
        <signal af="3" driver="tsc" name="g3_io1"/>
        <signal af="7" driver="usart" instance="1" name="rx"/>
      </gpio>
      <gpio device-pin="r|v" port="c" pin="6">
        <signal af="2" driver="tim" instance="3" name="ch1"/>
        <signal af="4" driver="tim" instance="8" name="ch1"/>
        <signal af="6" driver="i2s" instance="2" name="mck"/>
        <signal af="7" driver="comp" instance="6" name="out"/>
      </gpio>
      <gpio device-pin="r|v" port="c" pin="7">
        <signal af="2" driver="tim" instance="3" name="ch2"/>
        <signal af="4" driver="tim" instance="8" name="ch2"/>
        <signal af="6" driver="i2s" instance="3" name="mck"/>
        <signal af="7" driver="comp" instance="5" name="out"/>
      </gpio>
      <gpio device-pin="r|v" port="c" pin="8">
        <signal af="2" driver="tim" instance="3" name="ch3"/>
        <signal af="4" driver="tim" instance="8" name="ch3"/>
        <signal af="7" driver="comp" instance="3" name="out"/>
      </gpio>
      <gpio device-pin="r|v" port="c" pin="9">
        <signal af="2" driver="tim" instance="3" name="ch4"/>
        <signal device-name="98" af="3" driver="i2c" instance="3" name="sda"/>
        <signal af="4" driver="tim" instance="8" name="ch4"/>
        <signal af="5" driver="i2s" name="ckin"/>
        <signal af="6" driver="tim" instance="8" name="bkin2"/>
      </gpio>
      <gpio device-pin="r|v" port="c" pin="10">
        <signal af="4" driver="tim" instance="8" name="ch1n"/>
        <signal af="5" driver="uart" instance="4" name="tx"/>
        <signal af="6" driver="i2s" instance="3" name="ck"/>
        <signal af="6" driver="spi" instance="3" name="sck"/>
        <signal af="7" driver="usart" instance="3" name="tx"/>
      </gpio>
      <gpio device-pin="r|v" port="c" pin="11">
        <signal af="4" driver="tim" instance="8" name="ch2n"/>
        <signal af="5" driver="uart" instance="4" name="rx"/>
        <signal af="6" driver="i2s" instance="3" name="ext_sd"/>
        <signal af="6" driver="spi" instance="3" name="miso"/>
        <signal af="7" driver="usart" instance="3" name="rx"/>
      </gpio>
      <gpio device-pin="r|v" port="c" pin="12">
        <signal af="4" driver="tim" instance="8" name="ch3n"/>
        <signal af="5" driver="uart" instance="5" name="tx"/>
        <signal af="6" driver="i2s" instance="3" name="sd"/>
        <signal af="6" driver="spi" instance="3" name="mosi"/>
        <signal af="7" driver="usart" instance="3" name="ck"/>
      </gpio>
      <gpio port="c" pin="13">
        <signal driver="rtc" name="out_alarm"/>
        <signal driver="rtc" name="out_calib"/>
        <signal driver="rtc" name="tamp1"/>
        <signal driver="rtc" name="ts"/>
        <signal driver="sys" name="wkup2"/>
        <signal af="4" driver="tim" instance="1" name="ch1n"/>
      </gpio>
      <gpio port="c" pin="14">
        <signal driver="rcc" name="osc32_in"/>
      </gpio>
      <gpio port="c" pin="15">
        <signal driver="rcc" name="osc32_out"/>
      </gpio>
      <gpio device-pin="v" port="d" pin="0">
        <signal device-name="98" driver="fmc" name="da2"/>
        <signal af="7" driver="can" name="rx"/>
        <signal device-name="98" af="12" driver="fmc" name="d2"/>
      </gpio>
      <gpio device-pin="v" port="d" pin="1">
        <signal device-name="98" driver="fmc" name="da3"/>
        <signal af="4" driver="tim" instance="8" name="ch4"/>
        <signal af="6" driver="tim" instance="8" name="bkin2"/>
        <signal af="7" driver="can" name="tx"/>
        <signal device-name="98" af="12" driver="fmc" name="d3"/>
      </gpio>
      <gpio device-pin="r|v" port="d" pin="2">
        <signal af="2" driver="tim" instance="3" name="etr"/>
        <signal af="4" driver="tim" instance="8" name="bkin"/>
        <signal af="5" driver="uart" instance="5" name="rx"/>
      </gpio>
      <gpio device-pin="v" port="d" pin="3">
        <signal af="2" driver="tim" instance="2" name="ch1"/>
        <signal af="2" driver="tim" instance="2" name="etr"/>
        <signal af="7" driver="usart" instance="2" name="cts"/>
        <signal device-name="98" af="12" driver="fmc" name="clk"/>
      </gpio>
      <gpio device-pin="v" port="d" pin="4">
        <signal af="2" driver="tim" instance="2" name="ch2"/>
        <signal af="7" driver="usart" instance="2" name="de"/>
        <signal af="7" driver="usart" instance="2" name="rts"/>
        <signal device-name="98" af="12" driver="fmc" name="noe"/>
      </gpio>
      <gpio device-pin="v" port="d" pin="5">
        <signal af="7" driver="usart" instance="2" name="tx"/>
        <signal device-name="98" af="12" driver="fmc" name="nwe"/>
      </gpio>
      <gpio device-pin="v" port="d" pin="6">
        <signal af="2" driver="tim" instance="2" name="ch4"/>
        <signal af="7" driver="usart" instance="2" name="rx"/>
        <signal device-name="98" af="12" driver="fmc" name="nwait"/>
      </gpio>
      <gpio device-pin="v" port="d" pin="7">
        <signal af="2" driver="tim" instance="2" name="ch3"/>
        <signal af="7" driver="usart" instance="2" name="ck"/>
        <signal device-name="98" af="12" driver="fmc" name="nce2"/>
        <signal device-name="98" af="12" driver="fmc" name="ne1"/>
      </gpio>
      <gpio device-pin="v" port="d" pin="8">
        <signal driver="adc" instance="4" name="in12"/>
        <signal device-name="98" driver="fmc" name="da13"/>
        <signal driver="opamp" instance="4" name="vinm"/>
        <signal driver="opamp" instance="4" name="vinm_sec"/>
        <signal af="7" driver="usart" instance="3" name="tx"/>
        <signal device-name="98" af="12" driver="fmc" name="d13"/>
      </gpio>
      <gpio device-pin="v" port="d" pin="9">
        <signal driver="adc" instance="4" name="in13"/>
        <signal device-name="98" driver="fmc" name="da14"/>
        <signal af="7" driver="usart" instance="3" name="rx"/>
        <signal device-name="98" af="12" driver="fmc" name="d14"/>
      </gpio>
      <gpio device-pin="v" port="d" pin="10">
        <signal driver="adc" instance="3" name="in7"/>
        <signal driver="adc" instance="4" name="in7"/>
        <signal driver="comp" instance="6" name="inm"/>
        <signal device-name="98" driver="fmc" name="da15"/>
        <signal af="7" driver="usart" instance="3" name="ck"/>
        <signal device-name="98" af="12" driver="fmc" name="d15"/>
      </gpio>
      <gpio device-pin="v" port="d" pin="11">
        <signal driver="adc" instance="3" name="in8"/>
        <signal driver="adc" instance="4" name="in8"/>
        <signal device-name="58" device-size="c" driver="comp" instance="6" name="inp"/>
        <signal device-name="98" driver="fmc" name="cle"/>
        <signal driver="opamp" instance="4" name="vinp"/>
        <signal driver="opamp" instance="4" name="vinp_sec"/>
        <signal af="7" driver="usart" instance="3" name="cts"/>
        <signal device-name="98" af="12" driver="fmc" name="a16"/>
      </gpio>
      <gpio device-pin="v" port="d" pin="12">
        <signal driver="adc" instance="3" name="in9"/>
        <signal driver="adc" instance="4" name="in9"/>
        <signal device-name="58" device-size="c" driver="comp" instance="5" name="inp"/>
        <signal device-name="98" driver="fmc" name="ale"/>
        <signal af="2" driver="tim" instance="4" name="ch1"/>
        <signal af="3" driver="tsc" name="g8_io1"/>
        <signal af="7" driver="usart" instance="3" name="de"/>
        <signal af="7" driver="usart" instance="3" name="rts"/>
        <signal device-name="98" af="12" driver="fmc" name="a17"/>
      </gpio>
      <gpio device-pin="v" port="d" pin="13">
        <signal driver="adc" instance="3" name="in10"/>
        <signal driver="adc" instance="4" name="in10"/>
        <signal driver="comp" instance="5" name="inm"/>
        <signal af="2" driver="tim" instance="4" name="ch2"/>
        <signal af="3" driver="tsc" name="g8_io2"/>
        <signal device-name="98" af="12" driver="fmc" name="a18"/>
      </gpio>
      <gpio device-pin="v" port="d" pin="14">
        <signal driver="adc" instance="3" name="in11"/>
        <signal driver="adc" instance="4" name="in11"/>
        <signal device-name="58" device-size="c" driver="comp" instance="3" name="inp"/>
        <signal device-name="98" driver="fmc" name="da0"/>
        <signal driver="opamp" instance="2" name="vinp"/>
        <signal driver="opamp" instance="2" name="vinp_sec"/>
        <signal af="2" driver="tim" instance="4" name="ch3"/>
        <signal af="3" driver="tsc" name="g8_io3"/>
        <signal device-name="98" af="12" driver="fmc" name="d0"/>
      </gpio>
      <gpio device-pin="v" port="d" pin="15">
        <signal driver="comp" instance="3" name="inm"/>
        <signal device-name="98" driver="fmc" name="da1"/>
        <signal af="2" driver="tim" instance="4" name="ch4"/>
        <signal af="3" driver="tsc" name="g8_io4"/>
        <signal af="6" driver="spi" instance="2" name="nss"/>
        <signal device-name="98" af="12" driver="fmc" name="d1"/>
      </gpio>
      <gpio device-pin="v" port="e" pin="0">
        <signal af="2" driver="tim" instance="4" name="etr"/>
        <signal af="4" driver="tim" instance="16" name="ch1"/>
        <signal device-name="98" af="6" driver="tim" instance="20" name="etr"/>
        <signal af="7" driver="usart" instance="1" name="tx"/>
        <signal device-name="98" af="12" driver="fmc" name="nbl0"/>
      </gpio>
      <gpio device-pin="v" port="e" pin="1">
        <signal af="4" driver="tim" instance="17" name="ch1"/>
        <signal device-name="98" af="6" driver="tim" instance="20" name="ch4"/>
        <signal af="7" driver="usart" instance="1" name="rx"/>
        <signal device-name="98" af="12" driver="fmc" name="nbl1"/>
      </gpio>
      <gpio device-pin="v" port="e" pin="2">
        <signal af="0" driver="sys" name="traceck"/>
        <signal af="2" driver="tim" instance="3" name="ch1"/>
        <signal af="3" driver="tsc" name="g7_io1"/>
        <signal device-name="98" af="5" driver="spi" instance="4" name="sck"/>
        <signal device-name="98" af="6" driver="tim" instance="20" name="ch1"/>
        <signal device-name="98" af="12" driver="fmc" name="a23"/>
      </gpio>
      <gpio device-pin="v" port="e" pin="3">
        <signal af="0" driver="sys" name="traced0"/>
        <signal af="2" driver="tim" instance="3" name="ch2"/>
        <signal af="3" driver="tsc" name="g7_io2"/>
        <signal device-name="98" af="5" driver="spi" instance="4" name="nss"/>
        <signal device-name="98" af="6" driver="tim" instance="20" name="ch2"/>
        <signal device-name="98" af="12" driver="fmc" name="a19"/>
      </gpio>
      <gpio device-pin="v" port="e" pin="4">
        <signal af="0" driver="sys" name="traced1"/>
        <signal af="2" driver="tim" instance="3" name="ch3"/>
        <signal af="3" driver="tsc" name="g7_io3"/>
        <signal device-name="98" af="5" driver="spi" instance="4" name="nss"/>
        <signal device-name="98" af="6" driver="tim" instance="20" name="ch1n"/>
        <signal device-name="98" af="12" driver="fmc" name="a20"/>
      </gpio>
      <gpio device-pin="v" port="e" pin="5">
        <signal af="0" driver="sys" name="traced2"/>
        <signal af="2" driver="tim" instance="3" name="ch4"/>
        <signal af="3" driver="tsc" name="g7_io4"/>
        <signal device-name="98" af="5" driver="spi" instance="4" name="miso"/>
        <signal device-name="98" af="6" driver="tim" instance="20" name="ch2n"/>
        <signal device-name="98" af="12" driver="fmc" name="a21"/>
      </gpio>
      <gpio device-pin="v" port="e" pin="6">
        <signal driver="rtc" name="tamp3"/>
        <signal driver="sys" name="wkup3"/>
        <signal af="0" driver="sys" name="traced3"/>
        <signal device-name="98" af="5" driver="spi" instance="4" name="mosi"/>
        <signal device-name="98" af="6" driver="tim" instance="20" name="ch3n"/>
        <signal device-name="98" af="12" driver="fmc" name="a22"/>
      </gpio>
      <gpio device-pin="v" port="e" pin="7">
        <signal driver="adc" instance="3" name="in13"/>
        <signal device-name="58" device-size="c" driver="comp" instance="4" name="inp"/>
        <signal device-name="98" driver="fmc" name="da4"/>
        <signal af="2" driver="tim" instance="1" name="etr"/>
        <signal device-name="98" af="12" driver="fmc" name="d4"/>
      </gpio>
      <gpio device-pin="v" port="e" pin="8">
        <signal driver="adc" instance="3" name="in6"/>
        <signal driver="adc" instance="4" name="in6"/>
        <signal driver="comp" instance="4" name="inm"/>
        <signal device-name="98" driver="fmc" name="da5"/>
        <signal af="2" driver="tim" instance="1" name="ch1n"/>
        <signal device-name="98" af="12" driver="fmc" name="d5"/>
      </gpio>
      <gpio device-pin="v" port="e" pin="9">
        <signal driver="adc" instance="3" name="in2"/>
        <signal device-name="98" driver="fmc" name="da6"/>
        <signal af="2" driver="tim" instance="1" name="ch1"/>
        <signal device-name="98" af="12" driver="fmc" name="d6"/>
      </gpio>
      <gpio device-pin="v" port="e" pin="10">
        <signal driver="adc" instance="3" name="in14"/>
        <signal device-name="98" driver="fmc" name="da7"/>
        <signal af="2" driver="tim" instance="1" name="ch2n"/>
        <signal device-name="98" af="12" driver="fmc" name="d7"/>
      </gpio>
      <gpio device-pin="v" port="e" pin="11">
        <signal driver="adc" instance="3" name="in15"/>
        <signal device-name="98" driver="fmc" name="da8"/>
        <signal af="2" driver="tim" instance="1" name="ch2"/>
        <signal device-name="98" af="5" driver="spi" instance="4" name="nss"/>
        <signal device-name="98" af="12" driver="fmc" name="d8"/>
      </gpio>
      <gpio device-pin="v" port="e" pin="12">
        <signal driver="adc" instance="3" name="in16"/>
        <signal device-name="98" driver="fmc" name="da9"/>
        <signal af="2" driver="tim" instance="1" name="ch3n"/>
        <signal device-name="98" af="5" driver="spi" instance="4" name="sck"/>
        <signal device-name="98" af="12" driver="fmc" name="d9"/>
      </gpio>
      <gpio device-pin="v" port="e" pin="13">
        <signal driver="adc" instance="3" name="in3"/>
        <signal device-name="98" driver="fmc" name="da10"/>
        <signal af="2" driver="tim" instance="1" name="ch3"/>
        <signal device-name="98" af="5" driver="spi" instance="4" name="miso"/>
        <signal device-name="98" af="12" driver="fmc" name="d10"/>
      </gpio>
      <gpio device-pin="v" port="e" pin="14">
        <signal driver="adc" instance="4" name="in1"/>
        <signal device-name="98" driver="fmc" name="da11"/>
        <signal af="2" driver="tim" instance="1" name="ch4"/>
        <signal device-name="98" af="5" driver="spi" instance="4" name="mosi"/>
        <signal af="6" driver="tim" instance="1" name="bkin2"/>
        <signal device-name="98" af="12" driver="fmc" name="d11"/>
      </gpio>
      <gpio device-pin="v" port="e" pin="15">
        <signal driver="adc" instance="4" name="in2"/>
        <signal device-name="98" driver="fmc" name="da12"/>
        <signal af="2" driver="tim" instance="1" name="bkin"/>
        <signal af="7" driver="usart" instance="3" name="rx"/>
        <signal device-name="98" af="12" driver="fmc" name="d12"/>
      </gpio>
      <gpio port="f" pin="0">
        <signal driver="rcc" name="osc_in"/>
        <signal af="4" driver="i2c" instance="2" name="sda"/>
        <signal device-name="98" af="5" driver="i2s" instance="2" name="ws"/>
        <signal device-name="98" af="5" driver="spi" instance="2" name="nss"/>
        <signal af="6" driver="tim" instance="1" name="ch3n"/>
      </gpio>
      <gpio port="f" pin="1">
        <signal driver="rcc" name="osc_out"/>
        <signal af="4" driver="i2c" instance="2" name="scl"/>
        <signal device-name="98" af="5" driver="i2s" instance="2" name="ck"/>
        <signal device-name="98" af="5" driver="spi" instance="2" name="sck"/>
      </gpio>
      <gpio device-pin="v" port="f" pin="2">
        <signal driver="adc" instance="1" name="in10"/>
        <signal driver="adc" instance="2" name="in10"/>
        <signal device-name="98" af="2" driver="tim" instance="20" name="ch3"/>
        <signal device-name="98" af="12" driver="fmc" name="a2"/>
      </gpio>
      <gpio device-name="58" device-pin="r|v" port="f" pin="4">
        <signal driver="adc" instance="1" name="in5"/>
        <signal af="2" driver="comp" instance="1" name="out"/>
      </gpio>
      <gpio device-pin="v" port="f" pin="6">
        <signal af="2" driver="tim" instance="4" name="ch4"/>
        <signal af="4" driver="i2c" instance="2" name="scl"/>
        <signal af="7" driver="usart" instance="3" name="de"/>
        <signal af="7" driver="usart" instance="3" name="rts"/>
        <signal device-name="98" af="12" driver="fmc" name="niord"/>
      </gpio>
      <gpio device-pin="v" port="f" pin="9">
        <signal device-name="98" af="2" driver="tim" instance="20" name="bkin"/>
        <signal af="3" driver="tim" instance="15" name="ch1"/>
        <signal af="5" driver="spi" instance="2" name="sck"/>
        <signal device-name="98" af="12" driver="fmc" name="cd"/>
      </gpio>
      <gpio device-pin="v" port="f" pin="10">
        <signal device-name="98" af="2" driver="tim" instance="20" name="bkin2"/>
        <signal af="3" driver="tim" instance="15" name="ch2"/>
        <signal af="5" driver="spi" instance="2" name="sck"/>
        <signal device-name="98" af="12" driver="fmc" name="intr"/>
      </gpio>
    </driver>
  </device>
</modm>
