<?xml version='1.0' encoding='UTF-8'?>
<modm version="0.4.0">
  <!-- WARNING: This file is generated by the modm device file generator. Do not edit! -->
  <device platform="stm32" family="l0" name="10" pin="c|f|k|r" size="4|6|8|b" package="p|t">
    <naming-schema>{platform}{family}{name}{pin}{size}{package}</naming-schema>
    <valid-device>stm32l010c6t</valid-device>
    <valid-device>stm32l010f4p</valid-device>
    <valid-device>stm32l010k4t</valid-device>
    <valid-device>stm32l010k8t</valid-device>
    <valid-device>stm32l010r8t</valid-device>
    <valid-device>stm32l010rbt</valid-device>
    <driver name="core" type="cortex-m0+">
      <memory device-size="4" name="flash" access="rx" start="0x8000000" size="16384"/>
      <memory device-pin="c" name="flash" access="rx" start="0x8000000" size="32768"/>
      <memory device-size="8" name="flash" access="rx" start="0x8000000" size="65536"/>
      <memory device-size="b" name="flash" access="rx" start="0x8000000" size="131072"/>
      <memory device-size="4" name="eeprom" access="rwx" start="0x8080000" size="128"/>
      <memory device-size="6|8" name="eeprom" access="rwx" start="0x8080000" size="256"/>
      <memory device-size="b" name="eeprom" access="rwx" start="0x8080000" size="512"/>
      <memory device-size="4" name="sram1" access="rwx" start="0x20000000" size="2048"/>
      <memory device-size="6|8" name="sram1" access="rwx" start="0x20000000" size="8192"/>
      <memory device-size="b" name="sram1" access="rwx" start="0x20000000" size="20480"/>
      <vector position="0" name="WWDG"/>
      <vector position="2" name="RTC"/>
      <vector position="3" name="FLASH"/>
      <vector position="4" name="RCC"/>
      <vector position="5" name="EXTI0_1"/>
      <vector position="6" name="EXTI2_3"/>
      <vector position="7" name="EXTI4_15"/>
      <vector position="9" name="DMA1_Channel1"/>
      <vector position="10" name="DMA1_Channel2_3"/>
      <vector device-size="4" position="11" name="DMA1_Channel4_5"/>
      <vector device-size="6|8|b" position="11" name="DMA1_Channel4_5_6_7"/>
      <vector position="12" name="ADC1"/>
      <vector position="13" name="LPTIM1"/>
      <vector position="15" name="TIM2"/>
      <vector position="20" name="TIM21"/>
      <vector device-size="b" position="22" name="TIM22"/>
      <vector position="23" name="I2C1"/>
      <vector position="25" name="SPI1"/>
      <vector position="28" name="USART2"/>
      <vector position="29" name="LPUART1"/>
    </driver>
    <driver name="adc" type="stm32-l0">
      <feature value="calfact"/>
      <feature value="oversampler"/>
      <feature value="prescaler"/>
    </driver>
    <driver name="crc" type="stm32"/>
    <driver name="dma" type="stm32-extended">
      <instance value="1"/>
    </driver>
    <driver name="flash" type="stm32-v1.0">
      <latency vcore-min="1050">
        <wait-state ws="0" hclk-max="4200000"/>
      </latency>
      <latency vcore-min="1350">
        <wait-state ws="0" hclk-max="8000000"/>
        <wait-state ws="1" hclk-max="16000000"/>
      </latency>
      <latency vcore-min="1650">
        <wait-state ws="0" hclk-max="16000000"/>
        <wait-state ws="1" hclk-max="32000000"/>
      </latency>
    </driver>
    <driver name="i2c" type="stm32-extended">
      <feature value="dnf"/>
      <feature value="fmp"/>
      <instance value="1"/>
    </driver>
    <driver name="iwdg" type="stm32"/>
    <driver name="lptim" type="stm32-v1.0">
      <instance value="1"/>
    </driver>
    <driver device-pin="f|k" device-size="4" name="lpuart" type="stm32-v1.1">
      <instance value="1"/>
    </driver>
    <driver device-pin="c" device-size="6" name="lpuart" type="stm32-v1.1">
      <instance value="1"/>
    </driver>
    <driver device-pin="r" device-size="8|b" name="lpuart" type="stm32-v1.1">
      <instance value="1"/>
    </driver>
    <driver name="rcc" type="stm32-v1.0"/>
    <driver name="rtc" type="stm32-v2.4"/>
    <driver name="spi" type="stm32">
      <instance value="1"/>
    </driver>
    <driver name="sys" type="stm32">
      <feature value="exti"/>
    </driver>
    <driver name="tim" type="stm32-general-purpose">
      <instance value="2"/>
    </driver>
    <driver name="tim" type="stm32-v2.x">
      <instance value="21"/>
      <instance device-size="b" value="22"/>
    </driver>
    <driver name="usart" type="stm32">
      <instance value="2"/>
    </driver>
    <driver name="wwdg" type="stm32-v1.0"/>
    <driver name="gpio" type="stm32">
      <gpio port="a" pin="0">
        <signal driver="adc" name="in0"/>
        <signal device-pin="c" driver="lptim" instance="1" name="in1"/>
        <signal device-size="4" driver="rcc" name="ck_in"/>
        <signal driver="rtc" name="tamp2"/>
        <signal driver="sys" name="wkup1"/>
        <signal device-pin="c" driver="tim" instance="2" name="ch1"/>
        <signal device-pin="c" driver="tim" instance="2" name="etr"/>
        <signal device-pin="c" driver="usart" instance="2" name="cts"/>
        <signal device-size="4" af="0" driver="usart" instance="2" name="rx"/>
        <signal device-size="4" af="1" driver="lptim" instance="1" name="in1"/>
        <signal device-pin="f|k|r" af="2" driver="tim" instance="2" name="ch1"/>
        <signal device-pin="f|k|r" af="4" driver="usart" instance="2" name="cts"/>
        <signal device-pin="f|k|r" af="5" driver="tim" instance="2" name="etr"/>
        <signal device-size="4" af="6" driver="lpuart" instance="1" name="rx"/>
      </gpio>
      <gpio port="a" pin="1">
        <signal driver="adc" name="in1"/>
        <signal device-size="4|6" af="1" driver="lptim" instance="1" name="in2"/>
        <signal af="2" driver="tim" instance="2" name="ch2"/>
        <signal device-size="4|6" af="3" driver="i2c" instance="1" name="smba"/>
        <signal af="4" driver="usart" instance="2" name="de"/>
        <signal af="4" driver="usart" instance="2" name="rts"/>
        <signal af="5" driver="tim" instance="21" name="etr"/>
        <signal device-size="4" af="6" driver="lpuart" instance="1" name="tx"/>
      </gpio>
      <gpio port="a" pin="2">
        <signal driver="adc" name="in2"/>
        <signal device-size="4|6" driver="rtc" name="out_alarm"/>
        <signal device-size="4|6" driver="rtc" name="out_calib"/>
        <signal device-size="4|6" driver="rtc" name="tamp3"/>
        <signal device-size="4|6" driver="rtc" name="ts"/>
        <signal device-size="4|6" driver="sys" name="wkup3"/>
        <signal af="0" driver="tim" instance="21" name="ch1"/>
        <signal af="2" driver="tim" instance="2" name="ch3"/>
        <signal af="4" driver="usart" instance="2" name="tx"/>
        <signal device-size="4|6|b" af="6" driver="lpuart" instance="1" name="tx"/>
      </gpio>
      <gpio port="a" pin="3">
        <signal driver="adc" name="in3"/>
        <signal af="0" driver="tim" instance="21" name="ch2"/>
        <signal af="2" driver="tim" instance="2" name="ch4"/>
        <signal af="4" driver="usart" instance="2" name="rx"/>
        <signal device-size="4|6|b" af="6" driver="lpuart" instance="1" name="rx"/>
      </gpio>
      <gpio port="a" pin="4">
        <signal driver="adc" name="in4"/>
        <signal af="0" driver="spi" instance="1" name="nss"/>
        <signal device-size="4|6" af="1" driver="lptim" instance="1" name="in1"/>
        <signal device-size="4" af="2" driver="lptim" instance="1" name="etr"/>
        <signal device-size="4" af="3" driver="i2c" instance="1" name="scl"/>
        <signal af="4" driver="usart" instance="2" name="ck"/>
        <signal device-size="4" af="5" driver="tim" instance="2" name="etr"/>
        <signal device-size="b" af="5" driver="tim" instance="22" name="etr"/>
        <signal device-size="4" af="6" driver="lpuart" instance="1" name="tx"/>
      </gpio>
      <gpio port="a" pin="5">
        <signal driver="adc" name="in5"/>
        <signal af="0" driver="spi" instance="1" name="sck"/>
        <signal device-size="4|6" af="1" driver="lptim" instance="1" name="in2"/>
        <signal af="2" driver="tim" instance="2" name="etr"/>
        <signal af="5" driver="tim" instance="2" name="ch1"/>
      </gpio>
      <gpio port="a" pin="6">
        <signal driver="adc" name="in6"/>
        <signal af="0" driver="spi" instance="1" name="miso"/>
        <signal device-size="4|6" af="1" driver="lptim" instance="1" name="etr"/>
        <signal device-pin="f|k" device-size="4" af="4" driver="lpuart" instance="1" name="cts"/>
        <signal device-pin="c" device-size="6" af="4" driver="lpuart" instance="1" name="cts"/>
        <signal device-pin="r" device-size="8|b" af="4" driver="lpuart" instance="1" name="cts"/>
        <signal device-size="b" af="5" driver="tim" instance="22" name="ch1"/>
      </gpio>
      <gpio port="a" pin="7">
        <signal driver="adc" name="in7"/>
        <signal af="0" driver="spi" instance="1" name="mosi"/>
        <signal device-size="4|6" af="1" driver="lptim" instance="1" name="out"/>
        <signal device-size="4|6" af="4" driver="usart" instance="2" name="cts"/>
        <signal device-size="4" af="5" driver="tim" instance="21" name="etr"/>
        <signal device-size="b" af="5" driver="tim" instance="22" name="ch2"/>
      </gpio>
      <gpio device-pin="c|k|r" port="a" pin="8">
        <signal af="0" driver="rcc" name="mco"/>
        <signal device-pin="c" device-size="6" af="2" driver="lptim" instance="1" name="in1"/>
        <signal device-pin="k" device-size="4" af="2" driver="lptim" instance="1" name="in1"/>
        <signal device-pin="c" device-size="6" af="4" driver="usart" instance="2" name="ck"/>
        <signal device-pin="k" device-size="4" af="4" driver="usart" instance="2" name="ck"/>
        <signal device-pin="c" device-size="6" af="5" driver="tim" instance="2" name="ch1"/>
        <signal device-pin="k" device-size="4" af="5" driver="tim" instance="2" name="ch1"/>
      </gpio>
      <gpio port="a" pin="9">
        <signal af="0" driver="rcc" name="mco"/>
        <signal device-size="4|6" af="1" driver="i2c" instance="1" name="scl"/>
        <signal device-size="4" af="2" driver="lptim" instance="1" name="out"/>
        <signal device-size="4|6" af="4" driver="usart" instance="2" name="tx"/>
        <signal device-size="4" af="5" driver="tim" instance="21" name="ch2"/>
        <signal device-size="b" af="6" driver="i2c" instance="1" name="scl"/>
      </gpio>
      <gpio port="a" pin="10">
        <signal device-size="4" af="0" driver="tim" instance="21" name="ch1"/>
        <signal device-size="4|6" af="1" driver="i2c" instance="1" name="sda"/>
        <signal device-size="4" af="2" driver="rtc" name="refin"/>
        <signal device-size="4|6" af="4" driver="usart" instance="2" name="rx"/>
        <signal device-size="4" af="5" driver="tim" instance="2" name="ch3"/>
        <signal device-size="b" af="6" driver="i2c" instance="1" name="sda"/>
      </gpio>
      <gpio device-pin="c|k|r" port="a" pin="11">
        <signal af="0" driver="spi" instance="1" name="miso"/>
        <signal device-pin="k" device-size="4" af="1" driver="lptim" instance="1" name="out"/>
        <signal device-pin="c" device-size="6" af="4" driver="usart" instance="2" name="cts"/>
        <signal device-pin="k" device-size="4" af="4" driver="usart" instance="2" name="cts"/>
        <signal device-pin="c" device-size="6" af="5" driver="tim" instance="21" name="ch2"/>
        <signal device-pin="k" device-size="4" af="5" driver="tim" instance="21" name="ch2"/>
      </gpio>
      <gpio device-pin="c|k|r" port="a" pin="12">
        <signal af="0" driver="spi" instance="1" name="mosi"/>
        <signal device-pin="c" device-size="6" af="4" driver="usart" instance="2" name="de"/>
        <signal device-pin="k" device-size="4" af="4" driver="usart" instance="2" name="de"/>
        <signal device-pin="c" device-size="6" af="4" driver="usart" instance="2" name="rts"/>
        <signal device-pin="k" device-size="4" af="4" driver="usart" instance="2" name="rts"/>
      </gpio>
      <gpio port="a" pin="13">
        <signal af="0" driver="sys" name="swdio"/>
        <signal device-size="4|6" af="1" driver="lptim" instance="1" name="etr"/>
        <signal device-size="4" af="3" driver="i2c" instance="1" name="sda"/>
        <signal device-size="4" af="5" driver="spi" instance="1" name="sck"/>
        <signal device-size="4|6|b" af="6" driver="lpuart" instance="1" name="rx"/>
      </gpio>
      <gpio port="a" pin="14">
        <signal af="0" driver="sys" name="swclk"/>
        <signal device-size="4|6" af="1" driver="lptim" instance="1" name="out"/>
        <signal device-size="4|6" af="3" driver="i2c" instance="1" name="smba"/>
        <signal af="4" driver="usart" instance="2" name="tx"/>
        <signal device-size="4" af="5" driver="spi" instance="1" name="miso"/>
        <signal device-size="4|6|b" af="6" driver="lpuart" instance="1" name="tx"/>
      </gpio>
      <gpio device-pin="c|k|r" port="a" pin="15">
        <signal af="0" driver="spi" instance="1" name="nss"/>
        <signal af="2" driver="tim" instance="2" name="etr"/>
        <signal af="4" driver="usart" instance="2" name="rx"/>
        <signal af="5" driver="tim" instance="2" name="ch1"/>
      </gpio>
      <gpio device-pin="c|k|r" port="b" pin="0">
        <signal driver="adc" name="in8"/>
        <signal driver="sys" name="vref_out_pb0"/>
        <signal device-pin="c" device-size="6" af="1" driver="spi" instance="1" name="miso"/>
        <signal device-pin="k" device-size="4" af="1" driver="spi" instance="1" name="miso"/>
        <signal device-pin="k" device-size="4" af="2" driver="tim" instance="2" name="ch2"/>
        <signal device-pin="c" device-size="6" af="4" driver="usart" instance="2" name="de"/>
        <signal device-pin="k" device-size="4" af="4" driver="usart" instance="2" name="de"/>
        <signal device-pin="c" device-size="6" af="4" driver="usart" instance="2" name="rts"/>
        <signal device-pin="k" device-size="4" af="4" driver="usart" instance="2" name="rts"/>
        <signal device-pin="c" device-size="6" af="5" driver="tim" instance="2" name="ch3"/>
        <signal device-pin="k" device-size="4" af="5" driver="tim" instance="2" name="ch3"/>
      </gpio>
      <gpio port="b" pin="1">
        <signal driver="adc" name="in9"/>
        <signal driver="sys" name="vref_out_pb1"/>
        <signal device-size="4|6" af="0" driver="usart" instance="2" name="ck"/>
        <signal device-size="4|6" af="1" driver="spi" instance="1" name="mosi"/>
        <signal device-size="4" af="2" driver="lptim" instance="1" name="in1"/>
        <signal device-pin="f|k" device-size="4" af="4" driver="lpuart" instance="1" name="de"/>
        <signal device-pin="c" device-size="6" af="4" driver="lpuart" instance="1" name="de"/>
        <signal device-pin="r" device-size="8|b" af="4" driver="lpuart" instance="1" name="de"/>
        <signal device-pin="f|k" device-size="4" af="4" driver="lpuart" instance="1" name="rts"/>
        <signal device-pin="c" device-size="6" af="4" driver="lpuart" instance="1" name="rts"/>
        <signal device-pin="r" device-size="8|b" af="4" driver="lpuart" instance="1" name="rts"/>
        <signal device-size="4|6" af="5" driver="tim" instance="2" name="ch4"/>
      </gpio>
      <gpio device-pin="c|r" port="b" pin="2">
        <signal af="2" driver="lptim" instance="1" name="out"/>
      </gpio>
      <gpio device-pin="c|k|r" port="b" pin="3">
        <signal af="0" driver="spi" instance="1" name="sck"/>
        <signal af="2" driver="tim" instance="2" name="ch2"/>
      </gpio>
      <gpio device-pin="c|k|r" port="b" pin="4">
        <signal af="0" driver="spi" instance="1" name="miso"/>
        <signal device-size="b" af="4" driver="tim" instance="22" name="ch1"/>
      </gpio>
      <gpio device-pin="c|k|r" port="b" pin="5">
        <signal af="0" driver="spi" instance="1" name="mosi"/>
        <signal af="2" driver="lptim" instance="1" name="in1"/>
        <signal af="3" driver="i2c" instance="1" name="smba"/>
        <signal device-size="b" af="4" driver="tim" instance="22" name="ch2"/>
        <signal device-pin="k" device-size="4" af="5" driver="tim" instance="21" name="ch1"/>
      </gpio>
      <gpio device-pin="c|k|r" port="b" pin="6">
        <signal device-pin="c" device-size="6" af="0" driver="usart" instance="2" name="tx"/>
        <signal device-pin="k" device-size="4" af="0" driver="usart" instance="2" name="tx"/>
        <signal af="1" driver="i2c" instance="1" name="scl"/>
        <signal af="2" driver="lptim" instance="1" name="etr"/>
        <signal device-pin="k" device-size="4" af="5" driver="tim" instance="2" name="ch3"/>
        <signal device-pin="c" af="5" driver="tim" instance="21" name="ch1"/>
        <signal device-pin="k" device-size="4" af="6" driver="lpuart" instance="1" name="tx"/>
      </gpio>
      <gpio device-pin="c|k|r" port="b" pin="7">
        <signal driver="sys" name="pvd_in"/>
        <signal device-pin="c" device-size="6" af="0" driver="usart" instance="2" name="rx"/>
        <signal device-pin="k" device-size="4" af="0" driver="usart" instance="2" name="rx"/>
        <signal af="1" driver="i2c" instance="1" name="sda"/>
        <signal af="2" driver="lptim" instance="1" name="in2"/>
        <signal device-pin="k" device-size="4" af="5" driver="tim" instance="2" name="ch4"/>
        <signal device-pin="k" device-size="4" af="6" driver="lpuart" instance="1" name="rx"/>
      </gpio>
      <gpio device-pin="c|r" port="b" pin="8">
        <signal af="4" driver="i2c" instance="1" name="scl"/>
      </gpio>
      <gpio device-pin="f|k" device-size="4" port="b" pin="9">
        <signal device-pin="c|r" af="4" driver="i2c" instance="1" name="sda"/>
      </gpio>
      <gpio device-pin="c" device-size="6" port="b" pin="9">
        <signal device-pin="c|r" af="4" driver="i2c" instance="1" name="sda"/>
      </gpio>
      <gpio device-pin="r" device-size="8|b" port="b" pin="9">
        <signal device-pin="c|r" af="4" driver="i2c" instance="1" name="sda"/>
      </gpio>
      <gpio device-pin="c|r" port="b" pin="10">
        <signal af="2" driver="tim" instance="2" name="ch3"/>
        <signal device-pin="r" af="4" driver="lpuart" instance="1" name="tx"/>
        <signal device-pin="c" af="6" driver="lpuart" instance="1" name="tx"/>
        <signal device-size="b" af="7" driver="lpuart" instance="1" name="rx"/>
      </gpio>
      <gpio device-pin="c|r" port="b" pin="11">
        <signal af="2" driver="tim" instance="2" name="ch4"/>
        <signal device-pin="r" af="4" driver="lpuart" instance="1" name="rx"/>
        <signal device-pin="c" af="6" driver="lpuart" instance="1" name="rx"/>
        <signal device-size="b" af="7" driver="lpuart" instance="1" name="tx"/>
      </gpio>
      <gpio device-pin="c|r" port="b" pin="12">
        <signal device-pin="c" af="0" driver="spi" instance="1" name="nss"/>
        <signal device-pin="r" af="2" driver="lpuart" instance="1" name="de"/>
        <signal device-pin="r" af="2" driver="lpuart" instance="1" name="rts"/>
      </gpio>
      <gpio device-pin="c|r" port="b" pin="13">
        <signal device-pin="c" af="0" driver="spi" instance="1" name="sck"/>
        <signal device-size="6|b" af="2" driver="rcc" name="mco"/>
        <signal device-pin="r" af="4" driver="lpuart" instance="1" name="cts"/>
        <signal device-pin="c" af="5" driver="tim" instance="21" name="ch1"/>
        <signal device-pin="c" af="6" driver="lpuart" instance="1" name="cts"/>
        <signal device-pin="r" af="6" driver="tim" instance="21" name="ch1"/>
      </gpio>
      <gpio device-pin="c|r" port="b" pin="14">
        <signal device-pin="c" af="0" driver="spi" instance="1" name="miso"/>
        <signal af="2" driver="rtc" name="out_alarm"/>
        <signal af="2" driver="rtc" name="out_calib"/>
        <signal device-pin="r" af="4" driver="lpuart" instance="1" name="de"/>
        <signal device-pin="r" af="4" driver="lpuart" instance="1" name="rts"/>
        <signal device-pin="c" af="5" driver="tim" instance="21" name="ch2"/>
        <signal device-pin="c" af="6" driver="lpuart" instance="1" name="de"/>
        <signal device-pin="c" af="6" driver="lpuart" instance="1" name="rts"/>
        <signal device-pin="r" af="6" driver="tim" instance="21" name="ch2"/>
      </gpio>
      <gpio device-pin="c|r" port="b" pin="15">
        <signal device-pin="c" af="0" driver="spi" instance="1" name="mosi"/>
        <signal af="2" driver="rtc" name="refin"/>
      </gpio>
      <gpio device-pin="c|r" port="c" pin="0">
        <signal device-pin="r" driver="adc" name="in10"/>
        <signal af="0" driver="lptim" instance="1" name="in1"/>
        <signal device-size="6|b" af="6" driver="lpuart" instance="1" name="rx"/>
      </gpio>
      <gpio device-pin="r" port="c" pin="1">
        <signal driver="adc" name="in11"/>
        <signal af="0" driver="lptim" instance="1" name="out"/>
        <signal device-size="b" af="6" driver="lpuart" instance="1" name="tx"/>
      </gpio>
      <gpio device-pin="r" port="c" pin="2">
        <signal driver="adc" name="in12"/>
        <signal af="0" driver="lptim" instance="1" name="in2"/>
      </gpio>
      <gpio device-pin="r" port="c" pin="3">
        <signal driver="adc" name="in13"/>
        <signal af="0" driver="lptim" instance="1" name="etr"/>
      </gpio>
      <gpio device-pin="r" port="c" pin="4">
        <signal driver="adc" name="in14"/>
        <signal af="2" driver="lpuart" instance="1" name="tx"/>
      </gpio>
      <gpio device-pin="r" port="c" pin="5">
        <signal driver="adc" name="in15"/>
        <signal af="2" driver="lpuart" instance="1" name="rx"/>
      </gpio>
      <gpio device-pin="r" port="c" pin="6">
        <signal device-size="b" af="0" driver="tim" instance="22" name="ch1"/>
      </gpio>
      <gpio device-pin="r" port="c" pin="7">
        <signal device-size="b" af="0" driver="tim" instance="22" name="ch2"/>
      </gpio>
      <gpio device-pin="r" port="c" pin="8">
        <signal device-size="b" af="0" driver="tim" instance="22" name="etr"/>
      </gpio>
      <gpio device-pin="r" port="c" pin="9">
        <signal af="0" driver="tim" instance="21" name="etr"/>
      </gpio>
      <gpio device-pin="r" port="c" pin="10">
        <signal af="0" driver="lpuart" instance="1" name="tx"/>
      </gpio>
      <gpio device-pin="r" port="c" pin="11">
        <signal af="0" driver="lpuart" instance="1" name="rx"/>
      </gpio>
      <gpio device-pin="r" port="c" pin="12"/>
      <gpio device-pin="c|r" port="c" pin="13">
        <signal device-pin="r" driver="rtc" name="out_alarm"/>
        <signal device-pin="r" driver="rtc" name="out_calib"/>
        <signal driver="rtc" name="tamp1"/>
        <signal device-pin="r" driver="rtc" name="ts"/>
        <signal driver="sys" name="wkup2"/>
      </gpio>
      <gpio port="c" pin="14">
        <signal driver="rcc" name="osc32_in"/>
      </gpio>
      <gpio port="c" pin="15">
        <signal driver="rcc" name="osc32_out"/>
      </gpio>
      <gpio device-pin="r" port="d" pin="2">
        <signal af="0" driver="lpuart" instance="1" name="de"/>
        <signal af="0" driver="lpuart" instance="1" name="rts"/>
      </gpio>
      <gpio device-pin="c|r" port="h" pin="0">
        <signal driver="rcc" name="osc_in"/>
      </gpio>
      <gpio device-pin="c|r" port="h" pin="1">
        <signal driver="rcc" name="osc_out"/>
      </gpio>
    </driver>
  </device>
</modm>
