<?xml version='1.0' encoding='UTF-8'?>
<modm version="0.4.0">
  <!-- WARNING: This file is generated by the modm device file generator. Do not edit! -->
  <device platform="stm32" family="f0" name="42" pin="c|f|g|k|t" size="4|6" package="p|t|u|y">
    <naming-schema>{platform}{family}{name}{pin}{size}{package}</naming-schema>
    <valid-device>stm32f042c4t</valid-device>
    <valid-device>stm32f042c4u</valid-device>
    <valid-device>stm32f042c6t</valid-device>
    <valid-device>stm32f042c6u</valid-device>
    <valid-device>stm32f042f4p</valid-device>
    <valid-device>stm32f042f6p</valid-device>
    <valid-device>stm32f042g4u</valid-device>
    <valid-device>stm32f042g6u</valid-device>
    <valid-device>stm32f042k4t</valid-device>
    <valid-device>stm32f042k4u</valid-device>
    <valid-device>stm32f042k6t</valid-device>
    <valid-device>stm32f042k6u</valid-device>
    <valid-device>stm32f042t6y</valid-device>
    <driver name="core" type="cortex-m0">
      <memory device-size="4" name="flash" access="rx" start="0x8000000" size="16384"/>
      <memory device-size="6" name="flash" access="rx" start="0x8000000" size="32768"/>
      <memory name="sram1" access="rwx" start="0x20000000" size="6144"/>
      <vector position="0" name="WWDG"/>
      <vector position="1" name="PVD_VDDIO2"/>
      <vector position="2" name="RTC"/>
      <vector position="3" name="FLASH"/>
      <vector position="4" name="RCC_CRS"/>
      <vector position="5" name="EXTI0_1"/>
      <vector position="6" name="EXTI2_3"/>
      <vector position="7" name="EXTI4_15"/>
      <vector position="8" name="TSC"/>
      <vector position="9" name="DMA1_Channel1"/>
      <vector position="10" name="DMA1_Channel2_3"/>
      <vector position="11" name="DMA1_Channel4_5"/>
      <vector position="12" name="ADC1"/>
      <vector position="13" name="TIM1_BRK_UP_TRG_COM"/>
      <vector position="14" name="TIM1_CC"/>
      <vector position="15" name="TIM2"/>
      <vector position="16" name="TIM3"/>
      <vector position="19" name="TIM14"/>
      <vector position="21" name="TIM16"/>
      <vector position="22" name="TIM17"/>
      <vector position="23" name="I2C1"/>
      <vector position="25" name="SPI1"/>
      <vector position="26" name="SPI2"/>
      <vector position="27" name="USART1"/>
      <vector position="28" name="USART2"/>
      <vector position="30" name="CEC_CAN"/>
      <vector position="31" name="USB"/>
    </driver>
    <driver name="adc" type="stm32-f0"/>
    <driver name="can" type="stm32">
      <feature value="filter-14"/>
    </driver>
    <driver name="crc" type="stm32">
      <feature value="polynomial"/>
      <feature value="reverse"/>
    </driver>
    <driver name="dma" type="stm32">
      <instance value="1"/>
    </driver>
    <driver name="flash" type="stm32-v1.0">
      <latency vcore-min="1800">
        <wait-state ws="0" hclk-max="24000000"/>
        <wait-state ws="1" hclk-max="48000000"/>
      </latency>
    </driver>
    <driver name="hdmi_cec" type="stm32-v2.0"/>
    <driver name="i2c" type="stm32-extended">
      <feature value="dnf"/>
      <feature value="fmp"/>
      <instance value="1"/>
    </driver>
    <driver name="i2s" type="stm32-v3.0">
      <instance value="1"/>
    </driver>
    <driver name="irtim" type="stm32-v1.0"/>
    <driver name="iwdg" type="stm32">
      <feature value="window"/>
    </driver>
    <driver name="rcc" type="stm32-v1.0"/>
    <driver name="rtc" type="stm32-v2.4"/>
    <driver name="spi" type="stm32">
      <feature value="data-size"/>
      <feature value="fifo"/>
      <feature value="nss-pulse"/>
      <instance value="1"/>
      <instance device-pin="c" value="2"/>
    </driver>
    <driver name="sys" type="stm32">
      <feature value="cfgr2"/>
      <feature value="exti"/>
    </driver>
    <driver name="tim" type="stm32-advanced">
      <instance value="1"/>
    </driver>
    <driver name="tim" type="stm32-general-purpose">
      <instance value="2"/>
      <instance value="3"/>
      <instance value="14"/>
      <instance value="16"/>
      <instance value="17"/>
    </driver>
    <driver name="tsc" type="stm32-v1.0"/>
    <driver name="usart" type="stm32-extended">
      <feature value="wakeup"/>
      <instance value="1"/>
      <instance value="2"/>
    </driver>
    <driver name="usb" type="stm32-v2.0"/>
    <driver name="wwdg" type="stm32-v1.0"/>
    <driver name="gpio" type="stm32">
      <gpio port="a" pin="0">
        <signal driver="adc" name="in0"/>
        <signal driver="rtc" name="tamp2"/>
        <signal driver="sys" name="wkup1"/>
        <signal af="1" driver="usart" instance="2" name="cts"/>
        <signal af="2" driver="tim" instance="2" name="ch1"/>
        <signal af="2" driver="tim" instance="2" name="etr"/>
        <signal af="3" driver="tsc" name="g1_io1"/>
      </gpio>
      <gpio port="a" pin="1">
        <signal driver="adc" name="in1"/>
        <signal af="1" driver="usart" instance="2" name="de"/>
        <signal af="1" driver="usart" instance="2" name="rts"/>
        <signal af="2" driver="tim" instance="2" name="ch2"/>
        <signal af="3" driver="tsc" name="g1_io2"/>
      </gpio>
      <gpio port="a" pin="2">
        <signal driver="adc" name="in2"/>
        <signal driver="sys" name="wkup4"/>
        <signal af="1" driver="usart" instance="2" name="tx"/>
        <signal af="2" driver="tim" instance="2" name="ch3"/>
        <signal af="3" driver="tsc" name="g1_io3"/>
      </gpio>
      <gpio port="a" pin="3">
        <signal driver="adc" name="in3"/>
        <signal af="1" driver="usart" instance="2" name="rx"/>
        <signal af="2" driver="tim" instance="2" name="ch4"/>
        <signal af="3" driver="tsc" name="g1_io4"/>
      </gpio>
      <gpio port="a" pin="4">
        <signal driver="adc" name="in4"/>
        <signal af="0" driver="i2s" instance="1" name="ws"/>
        <signal af="0" driver="spi" instance="1" name="nss"/>
        <signal af="1" driver="usart" instance="2" name="ck"/>
        <signal af="2" driver="usb" name="noe"/>
        <signal af="3" driver="tsc" name="g2_io1"/>
        <signal af="4" driver="tim" instance="14" name="ch1"/>
      </gpio>
      <gpio port="a" pin="5">
        <signal driver="adc" name="in5"/>
        <signal af="0" driver="i2s" instance="1" name="ck"/>
        <signal af="0" driver="spi" instance="1" name="sck"/>
        <signal af="1" name="cec"/>
        <signal af="2" driver="tim" instance="2" name="ch1"/>
        <signal af="2" driver="tim" instance="2" name="etr"/>
        <signal af="3" driver="tsc" name="g2_io2"/>
      </gpio>
      <gpio port="a" pin="6">
        <signal driver="adc" name="in6"/>
        <signal af="0" driver="i2s" instance="1" name="mck"/>
        <signal af="0" driver="spi" instance="1" name="miso"/>
        <signal af="1" driver="tim" instance="3" name="ch1"/>
        <signal af="2" driver="tim" instance="1" name="bkin"/>
        <signal af="3" driver="tsc" name="g2_io3"/>
        <signal af="5" driver="tim" instance="16" name="ch1"/>
      </gpio>
      <gpio port="a" pin="7">
        <signal driver="adc" name="in7"/>
        <signal af="0" driver="i2s" instance="1" name="sd"/>
        <signal af="0" driver="spi" instance="1" name="mosi"/>
        <signal af="1" driver="tim" instance="3" name="ch2"/>
        <signal af="2" driver="tim" instance="1" name="ch1n"/>
        <signal af="3" driver="tsc" name="g2_io4"/>
        <signal af="4" driver="tim" instance="14" name="ch1"/>
        <signal af="5" driver="tim" instance="17" name="ch1"/>
      </gpio>
      <gpio device-pin="c|k|t" port="a" pin="8">
        <signal af="0" driver="rcc" name="mco"/>
        <signal af="1" driver="usart" instance="1" name="ck"/>
        <signal af="2" driver="tim" instance="1" name="ch1"/>
        <signal af="4" name="crs_sync"/>
      </gpio>
      <gpio port="a" pin="9">
        <signal af="1" driver="usart" instance="1" name="tx"/>
        <signal af="2" driver="tim" instance="1" name="ch2"/>
        <signal af="3" driver="tsc" name="g4_io1"/>
        <signal af="4" driver="i2c" instance="1" name="scl"/>
      </gpio>
      <gpio port="a" pin="10">
        <signal af="0" driver="tim" instance="17" name="bkin"/>
        <signal af="1" driver="usart" instance="1" name="rx"/>
        <signal af="2" driver="tim" instance="1" name="ch3"/>
        <signal af="3" driver="tsc" name="g4_io2"/>
        <signal af="4" driver="i2c" instance="1" name="sda"/>
      </gpio>
      <gpio device-pin="c|k|t" port="a" pin="11">
        <signal driver="usb" name="dm"/>
        <signal af="1" driver="usart" instance="1" name="cts"/>
        <signal af="2" driver="tim" instance="1" name="ch4"/>
        <signal af="3" driver="tsc" name="g4_io3"/>
        <signal af="4" driver="can" name="rx"/>
        <signal af="5" driver="i2c" instance="1" name="scl"/>
      </gpio>
      <gpio device-pin="c|k|t" port="a" pin="12">
        <signal driver="usb" name="dp"/>
        <signal af="1" driver="usart" instance="1" name="de"/>
        <signal af="1" driver="usart" instance="1" name="rts"/>
        <signal af="2" driver="tim" instance="1" name="etr"/>
        <signal af="3" driver="tsc" name="g4_io4"/>
        <signal af="4" driver="can" name="tx"/>
        <signal af="5" driver="i2c" instance="1" name="sda"/>
      </gpio>
      <gpio port="a" pin="13">
        <signal af="0" driver="sys" name="swdio"/>
        <signal af="1" name="ir_out"/>
        <signal af="2" driver="usb" name="noe"/>
      </gpio>
      <gpio port="a" pin="14">
        <signal af="0" driver="sys" name="swclk"/>
        <signal af="1" driver="usart" instance="2" name="tx"/>
      </gpio>
      <gpio device-pin="c|g|k|t" port="a" pin="15">
        <signal af="0" driver="i2s" instance="1" name="ws"/>
        <signal af="0" driver="spi" instance="1" name="nss"/>
        <signal af="1" driver="usart" instance="2" name="rx"/>
        <signal af="2" driver="tim" instance="2" name="ch1"/>
        <signal af="2" driver="tim" instance="2" name="etr"/>
        <signal af="5" driver="usb" name="noe"/>
      </gpio>
      <gpio device-pin="c|g|k|t" port="b" pin="0">
        <signal driver="adc" name="in8"/>
        <signal af="1" driver="tim" instance="3" name="ch3"/>
        <signal af="2" driver="tim" instance="1" name="ch2n"/>
        <signal af="3" driver="tsc" name="g3_io2"/>
      </gpio>
      <gpio port="b" pin="1">
        <signal driver="adc" name="in9"/>
        <signal af="0" driver="tim" instance="14" name="ch1"/>
        <signal af="1" driver="tim" instance="3" name="ch4"/>
        <signal af="2" driver="tim" instance="1" name="ch3n"/>
        <signal device-pin="c|g|k|t" af="3" driver="tsc" name="g3_io3"/>
      </gpio>
      <gpio device-pin="c" device-package="t|u" port="b" pin="2">
        <signal af="3" driver="tsc" name="g3_io4"/>
      </gpio>
      <gpio device-pin="k" device-package="u" port="b" pin="2">
        <signal af="3" driver="tsc" name="g3_io4"/>
      </gpio>
      <gpio device-pin="t" device-package="y" port="b" pin="2">
        <signal af="3" driver="tsc" name="g3_io4"/>
      </gpio>
      <gpio device-pin="c|g|k|t" port="b" pin="3">
        <signal af="0" driver="i2s" instance="1" name="ck"/>
        <signal af="0" driver="spi" instance="1" name="sck"/>
        <signal af="2" driver="tim" instance="2" name="ch2"/>
        <signal af="3" driver="tsc" name="g5_io1"/>
      </gpio>
      <gpio device-pin="c|g|k|t" port="b" pin="4">
        <signal af="0" driver="i2s" instance="1" name="mck"/>
        <signal af="0" driver="spi" instance="1" name="miso"/>
        <signal af="1" driver="tim" instance="3" name="ch1"/>
        <signal af="3" driver="tsc" name="g5_io2"/>
        <signal af="5" driver="tim" instance="17" name="bkin"/>
      </gpio>
      <gpio device-pin="c|g|k|t" port="b" pin="5">
        <signal driver="sys" name="wkup6"/>
        <signal af="0" driver="i2s" instance="1" name="sd"/>
        <signal af="0" driver="spi" instance="1" name="mosi"/>
        <signal af="1" driver="tim" instance="3" name="ch2"/>
        <signal af="2" driver="tim" instance="16" name="bkin"/>
        <signal af="3" driver="i2c" instance="1" name="smba"/>
      </gpio>
      <gpio device-pin="c|g|k|t" port="b" pin="6">
        <signal af="0" driver="usart" instance="1" name="tx"/>
        <signal af="1" driver="i2c" instance="1" name="scl"/>
        <signal af="2" driver="tim" instance="16" name="ch1n"/>
        <signal af="3" driver="tsc" name="g5_io3"/>
      </gpio>
      <gpio device-pin="c|g|k|t" port="b" pin="7">
        <signal af="0" driver="usart" instance="1" name="rx"/>
        <signal af="1" driver="i2c" instance="1" name="sda"/>
        <signal af="2" driver="tim" instance="17" name="ch1n"/>
        <signal af="3" driver="tsc" name="g5_io4"/>
      </gpio>
      <gpio port="b" pin="8">
        <signal af="0" name="cec"/>
        <signal af="1" driver="i2c" instance="1" name="scl"/>
        <signal af="2" driver="tim" instance="16" name="ch1"/>
        <signal af="3" driver="tsc" name="sync"/>
        <signal af="4" driver="can" name="rx"/>
      </gpio>
      <gpio device-pin="c" port="b" pin="9">
        <signal af="0" name="ir_out"/>
        <signal af="1" driver="i2c" instance="1" name="sda"/>
        <signal af="2" driver="tim" instance="17" name="ch1"/>
        <signal af="4" driver="can" name="tx"/>
        <signal af="5" driver="spi" instance="2" name="nss"/>
      </gpio>
      <gpio device-pin="c" port="b" pin="10">
        <signal af="0" name="cec"/>
        <signal af="1" driver="i2c" instance="1" name="scl"/>
        <signal af="2" driver="tim" instance="2" name="ch3"/>
        <signal af="3" driver="tsc" name="sync"/>
        <signal af="5" driver="spi" instance="2" name="sck"/>
      </gpio>
      <gpio device-pin="c" port="b" pin="11">
        <signal af="1" driver="i2c" instance="1" name="sda"/>
        <signal af="2" driver="tim" instance="2" name="ch4"/>
      </gpio>
      <gpio device-pin="c" port="b" pin="12">
        <signal af="0" driver="spi" instance="2" name="nss"/>
        <signal af="2" driver="tim" instance="1" name="bkin"/>
      </gpio>
      <gpio device-pin="c" port="b" pin="13">
        <signal driver="i2c" instance="1" name="scl"/>
        <signal af="0" driver="spi" instance="2" name="sck"/>
        <signal af="2" driver="tim" instance="1" name="ch1n"/>
      </gpio>
      <gpio device-pin="c" port="b" pin="14">
        <signal driver="i2c" instance="1" name="sda"/>
        <signal af="0" driver="spi" instance="2" name="miso"/>
        <signal af="2" driver="tim" instance="1" name="ch2n"/>
      </gpio>
      <gpio device-pin="c" port="b" pin="15">
        <signal driver="rtc" name="refin"/>
        <signal driver="sys" name="wkup7"/>
        <signal af="0" driver="spi" instance="2" name="mosi"/>
        <signal af="2" driver="tim" instance="1" name="ch3n"/>
      </gpio>
      <gpio device-pin="c|t" port="c" pin="13">
        <signal driver="rtc" name="out_alarm"/>
        <signal driver="rtc" name="out_calib"/>
        <signal driver="rtc" name="tamp1"/>
        <signal driver="rtc" name="ts"/>
        <signal driver="sys" name="wkup2"/>
      </gpio>
      <gpio device-pin="c|t" port="c" pin="14">
        <signal driver="rcc" name="osc32_in"/>
      </gpio>
      <gpio device-pin="c|t" port="c" pin="15">
        <signal driver="rcc" name="osc32_out"/>
      </gpio>
      <gpio port="f" pin="0">
        <signal driver="rcc" name="osc_in"/>
        <signal af="0" name="crs_sync"/>
        <signal af="1" driver="i2c" instance="1" name="sda"/>
      </gpio>
      <gpio port="f" pin="1">
        <signal driver="rcc" name="osc_out"/>
        <signal af="1" driver="i2c" instance="1" name="scl"/>
      </gpio>
      <gpio device-pin="c" device-package="t|u" port="f" pin="11"/>
      <gpio device-pin="k" device-package="u" port="f" pin="11"/>
    </driver>
  </device>
</modm>
