<?xml version='1.0' encoding='UTF-8'?>
<modm version="0.4.0">
  <!-- WARNING: This file is generated by the modm device file generator. Do not edit! -->
  <device platform="stm32" family="g0" name="70" pin="c|k|r" size="b" package="t">
    <naming-schema>{platform}{family}{name}{pin}{size}{package}</naming-schema>
    <driver name="core" type="cortex-m0+">
      <memory name="flash" access="rx" start="0x8000000" size="131072"/>
      <memory name="sram1" access="rwx" start="0x20000000" size="36864"/>
      <vector position="0" name="WWDG"/>
      <vector position="2" name="RTC_TAMP"/>
      <vector position="3" name="FLASH"/>
      <vector position="4" name="RCC"/>
      <vector position="5" name="EXTI0_1"/>
      <vector position="6" name="EXTI2_3"/>
      <vector position="7" name="EXTI4_15"/>
      <vector position="9" name="DMA1_Channel1"/>
      <vector position="10" name="DMA1_Channel2_3"/>
      <vector position="11" name="DMA1_Ch4_7_DMAMUX1_OVR"/>
      <vector position="12" name="ADC1"/>
      <vector position="13" name="TIM1_BRK_UP_TRG_COM"/>
      <vector position="14" name="TIM1_CC"/>
      <vector position="16" name="TIM3"/>
      <vector position="17" name="TIM6"/>
      <vector position="18" name="TIM7"/>
      <vector position="19" name="TIM14"/>
      <vector position="20" name="TIM15"/>
      <vector position="21" name="TIM16"/>
      <vector position="22" name="TIM17"/>
      <vector position="23" name="I2C1"/>
      <vector position="24" name="I2C2"/>
      <vector position="25" name="SPI1"/>
      <vector position="26" name="SPI2"/>
      <vector position="27" name="USART1"/>
      <vector position="28" name="USART2"/>
      <vector position="29" name="USART3_4"/>
    </driver>
    <driver name="adc" type="stm32-g0">
      <feature value="calfact"/>
      <feature value="oversampler"/>
      <feature value="prescaler"/>
      <instance value="1"/>
    </driver>
    <driver name="crc" type="stm32">
      <feature value="reverse"/>
    </driver>
    <driver name="dma" type="stm32">
      <instance value="1"/>
    </driver>
    <driver name="flash" type="stm32-v1.0">
      <latency vcore-min="1000">
        <wait-state ws="0" hclk-max="8000000"/>
        <wait-state ws="1" hclk-max="16000000"/>
      </latency>
      <latency vcore-min="1200">
        <wait-state ws="0" hclk-max="24000000"/>
        <wait-state ws="1" hclk-max="48000000"/>
        <wait-state ws="2" hclk-max="64000000"/>
      </latency>
    </driver>
    <driver name="i2c" type="stm32-extended">
      <feature value="dnf"/>
      <feature value="fmp"/>
      <instance value="1"/>
      <instance value="2"/>
    </driver>
    <driver name="i2s" type="stm32-v3.2">
      <instance value="1"/>
    </driver>
    <driver name="irtim" type="stm32-v1.0"/>
    <driver name="iwdg" type="stm32">
      <feature value="window"/>
    </driver>
    <driver name="rcc" type="stm32-v1.0"/>
    <driver name="rtc" type="stm32-v1.0"/>
    <driver name="spi" type="stm32">
      <feature value="data-size"/>
      <feature value="fifo"/>
      <feature value="nss-pulse"/>
      <instance value="1"/>
      <instance value="2"/>
    </driver>
    <driver name="sys" type="stm32">
      <feature value="cfgr2"/>
      <feature value="exti"/>
      <feature value="itline"/>
    </driver>
    <driver name="tim" type="stm32-advanced">
      <instance value="1"/>
    </driver>
    <driver name="tim" type="stm32-basic">
      <instance value="6"/>
      <instance value="7"/>
    </driver>
    <driver name="tim" type="stm32-general-purpose">
      <instance value="3"/>
      <instance value="14"/>
      <instance value="15"/>
      <instance value="16"/>
      <instance value="17"/>
    </driver>
    <driver name="tracer_emb" type="stm32-v1.0"/>
    <driver name="usart" type="stm32-extended">
      <feature value="tcbgt"/>
      <instance value="1"/>
      <instance value="2"/>
      <instance value="3"/>
      <instance value="4"/>
    </driver>
    <driver name="wwdg" type="stm32-v2.0"/>
    <driver name="gpio" type="stm32">
      <gpio port="a" pin="0">
        <signal driver="adc" instance="1" name="in0"/>
        <signal driver="rtc" name="tamp_in2"/>
        <signal driver="sys" name="wkup1"/>
        <signal af="0" driver="spi" instance="2" name="sck"/>
        <signal af="1" driver="usart" instance="2" name="cts"/>
        <signal af="1" driver="usart" instance="2" name="nss"/>
        <signal af="4" driver="usart" instance="4" name="tx"/>
      </gpio>
      <gpio port="a" pin="1">
        <signal driver="adc" instance="1" name="in1"/>
        <signal af="0" driver="i2s" instance="1" name="ck"/>
        <signal af="0" driver="spi" instance="1" name="sck"/>
        <signal af="1" driver="usart" instance="2" name="ck"/>
        <signal af="1" driver="usart" instance="2" name="de"/>
        <signal af="1" driver="usart" instance="2" name="rts"/>
        <signal af="4" driver="usart" instance="4" name="rx"/>
        <signal af="5" driver="tim" instance="15" name="ch1n"/>
        <signal af="6" driver="i2c" instance="1" name="smba"/>
      </gpio>
      <gpio port="a" pin="2">
        <signal driver="adc" instance="1" name="in2"/>
        <signal driver="rcc" name="lsco"/>
        <signal driver="sys" name="wkup4"/>
        <signal af="0" driver="i2s" instance="1" name="sd"/>
        <signal af="0" driver="spi" instance="1" name="mosi"/>
        <signal af="1" driver="usart" instance="2" name="tx"/>
        <signal af="5" driver="tim" instance="15" name="ch1"/>
      </gpio>
      <gpio port="a" pin="3">
        <signal driver="adc" instance="1" name="in3"/>
        <signal af="0" driver="spi" instance="2" name="miso"/>
        <signal af="1" driver="usart" instance="2" name="rx"/>
        <signal af="5" driver="tim" instance="15" name="ch2"/>
      </gpio>
      <gpio port="a" pin="4">
        <signal driver="adc" instance="1" name="in4"/>
        <signal driver="rtc" name="out_alarm"/>
        <signal driver="rtc" name="out_calib"/>
        <signal device-pin="k" driver="rtc" name="tamp_in1"/>
        <signal device-pin="k" driver="rtc" name="ts"/>
        <signal device-pin="k" driver="sys" name="wkup2"/>
        <signal af="0" driver="i2s" instance="1" name="ws"/>
        <signal af="0" driver="spi" instance="1" name="nss"/>
        <signal af="1" driver="spi" instance="2" name="mosi"/>
        <signal af="4" driver="tim" instance="14" name="ch1"/>
      </gpio>
      <gpio port="a" pin="5">
        <signal driver="adc" instance="1" name="in5"/>
        <signal af="0" driver="i2s" instance="1" name="ck"/>
        <signal af="0" driver="spi" instance="1" name="sck"/>
        <signal af="4" driver="usart" instance="3" name="tx"/>
      </gpio>
      <gpio port="a" pin="6">
        <signal driver="adc" instance="1" name="in6"/>
        <signal af="0" driver="i2s" instance="1" name="mck"/>
        <signal af="0" driver="spi" instance="1" name="miso"/>
        <signal af="1" driver="tim" instance="3" name="ch1"/>
        <signal af="2" driver="tim" instance="1" name="bk"/>
        <signal af="4" driver="usart" instance="3" name="cts"/>
        <signal af="4" driver="usart" instance="3" name="nss"/>
        <signal af="5" driver="tim" instance="16" name="ch1"/>
      </gpio>
      <gpio port="a" pin="7">
        <signal driver="adc" instance="1" name="in7"/>
        <signal af="0" driver="i2s" instance="1" name="sd"/>
        <signal af="0" driver="spi" instance="1" name="mosi"/>
        <signal af="1" driver="tim" instance="3" name="ch2"/>
        <signal af="2" driver="tim" instance="1" name="ch1n"/>
        <signal af="4" driver="tim" instance="14" name="ch1"/>
        <signal af="5" driver="tim" instance="17" name="ch1"/>
      </gpio>
      <gpio port="a" pin="8">
        <signal af="0" driver="rcc" name="mco"/>
        <signal af="1" driver="spi" instance="2" name="nss"/>
        <signal af="2" driver="tim" instance="1" name="ch1"/>
      </gpio>
      <gpio port="a" pin="9">
        <signal af="0" driver="rcc" name="mco"/>
        <signal af="1" driver="usart" instance="1" name="tx"/>
        <signal af="2" driver="tim" instance="1" name="ch2"/>
        <signal af="4" driver="spi" instance="2" name="miso"/>
        <signal af="5" driver="tim" instance="15" name="bk"/>
        <signal af="6" driver="i2c" instance="1" name="scl"/>
      </gpio>
      <gpio port="a" pin="10">
        <signal af="0" driver="spi" instance="2" name="mosi"/>
        <signal af="1" driver="usart" instance="1" name="rx"/>
        <signal af="2" driver="tim" instance="1" name="ch3"/>
        <signal af="5" driver="tim" instance="17" name="bk"/>
        <signal af="6" driver="i2c" instance="1" name="sda"/>
      </gpio>
      <gpio port="a" pin="11">
        <signal af="0" driver="i2s" instance="1" name="mck"/>
        <signal af="0" driver="spi" instance="1" name="miso"/>
        <signal af="1" driver="usart" instance="1" name="cts"/>
        <signal af="1" driver="usart" instance="1" name="nss"/>
        <signal af="2" driver="tim" instance="1" name="ch4"/>
        <signal af="5" driver="tim" instance="1" name="bk2"/>
        <signal af="6" driver="i2c" instance="2" name="scl"/>
      </gpio>
      <gpio port="a" pin="12">
        <signal af="0" driver="i2s" instance="1" name="sd"/>
        <signal af="0" driver="spi" instance="1" name="mosi"/>
        <signal af="1" driver="usart" instance="1" name="ck"/>
        <signal af="1" driver="usart" instance="1" name="de"/>
        <signal af="1" driver="usart" instance="1" name="rts"/>
        <signal af="2" driver="tim" instance="1" name="etr"/>
        <signal af="5" driver="i2s" name="ckin"/>
        <signal af="6" driver="i2c" instance="2" name="sda"/>
      </gpio>
      <gpio port="a" pin="13">
        <signal af="0" driver="sys" name="swdio"/>
        <signal af="1" name="ir_out"/>
      </gpio>
      <gpio port="a" pin="14">
        <signal af="0" driver="sys" name="swclk"/>
        <signal af="1" driver="usart" instance="2" name="tx"/>
      </gpio>
      <gpio port="a" pin="15">
        <signal af="0" driver="i2s" instance="1" name="ws"/>
        <signal af="0" driver="spi" instance="1" name="nss"/>
        <signal af="1" driver="usart" instance="2" name="rx"/>
        <signal af="4" driver="usart" instance="4" name="ck"/>
        <signal af="4" driver="usart" instance="4" name="de"/>
        <signal af="4" driver="usart" instance="4" name="rts"/>
        <signal af="5" driver="usart" instance="3" name="ck"/>
        <signal af="5" driver="usart" instance="3" name="de"/>
        <signal af="5" driver="usart" instance="3" name="rts"/>
      </gpio>
      <gpio port="b" pin="0">
        <signal driver="adc" instance="1" name="in8"/>
        <signal af="0" driver="i2s" instance="1" name="ws"/>
        <signal af="0" driver="spi" instance="1" name="nss"/>
        <signal af="1" driver="tim" instance="3" name="ch3"/>
        <signal af="2" driver="tim" instance="1" name="ch2n"/>
        <signal af="4" driver="usart" instance="3" name="rx"/>
      </gpio>
      <gpio port="b" pin="1">
        <signal driver="adc" instance="1" name="in9"/>
        <signal af="0" driver="tim" instance="14" name="ch1"/>
        <signal af="1" driver="tim" instance="3" name="ch4"/>
        <signal af="2" driver="tim" instance="1" name="ch3n"/>
        <signal af="4" driver="usart" instance="3" name="ck"/>
        <signal af="4" driver="usart" instance="3" name="de"/>
        <signal af="4" driver="usart" instance="3" name="rts"/>
      </gpio>
      <gpio port="b" pin="2">
        <signal driver="adc" instance="1" name="in10"/>
        <signal af="1" driver="spi" instance="2" name="miso"/>
        <signal af="4" driver="usart" instance="3" name="tx"/>
      </gpio>
      <gpio port="b" pin="3">
        <signal af="0" driver="i2s" instance="1" name="ck"/>
        <signal af="0" driver="spi" instance="1" name="sck"/>
        <signal af="1" driver="tim" instance="1" name="ch2"/>
        <signal af="4" driver="usart" instance="1" name="ck"/>
        <signal af="4" driver="usart" instance="1" name="de"/>
        <signal af="4" driver="usart" instance="1" name="rts"/>
      </gpio>
      <gpio port="b" pin="4">
        <signal af="0" driver="i2s" instance="1" name="mck"/>
        <signal af="0" driver="spi" instance="1" name="miso"/>
        <signal af="1" driver="tim" instance="3" name="ch1"/>
        <signal af="4" driver="usart" instance="1" name="cts"/>
        <signal af="4" driver="usart" instance="1" name="nss"/>
        <signal af="5" driver="tim" instance="17" name="bk"/>
      </gpio>
      <gpio port="b" pin="5">
        <signal driver="sys" name="wkup6"/>
        <signal af="0" driver="i2s" instance="1" name="sd"/>
        <signal af="0" driver="spi" instance="1" name="mosi"/>
        <signal af="1" driver="tim" instance="3" name="ch2"/>
        <signal af="2" driver="tim" instance="16" name="bk"/>
        <signal af="6" driver="i2c" instance="1" name="smba"/>
      </gpio>
      <gpio port="b" pin="6">
        <signal af="0" driver="usart" instance="1" name="tx"/>
        <signal af="1" driver="tim" instance="1" name="ch3"/>
        <signal af="2" driver="tim" instance="16" name="ch1n"/>
        <signal af="4" driver="spi" instance="2" name="miso"/>
        <signal af="6" driver="i2c" instance="1" name="scl"/>
      </gpio>
      <gpio port="b" pin="7">
        <signal af="0" driver="usart" instance="1" name="rx"/>
        <signal af="1" driver="spi" instance="2" name="mosi"/>
        <signal af="2" driver="tim" instance="17" name="ch1n"/>
        <signal af="4" driver="usart" instance="4" name="cts"/>
        <signal af="4" driver="usart" instance="4" name="nss"/>
        <signal af="6" driver="i2c" instance="1" name="sda"/>
      </gpio>
      <gpio port="b" pin="8">
        <signal af="1" driver="spi" instance="2" name="sck"/>
        <signal af="2" driver="tim" instance="16" name="ch1"/>
        <signal af="4" driver="usart" instance="3" name="tx"/>
        <signal af="5" driver="tim" instance="15" name="bk"/>
        <signal af="6" driver="i2c" instance="1" name="scl"/>
      </gpio>
      <gpio port="b" pin="9">
        <signal af="0" name="ir_out"/>
        <signal af="2" driver="tim" instance="17" name="ch1"/>
        <signal af="4" driver="usart" instance="3" name="rx"/>
        <signal af="5" driver="spi" instance="2" name="nss"/>
        <signal af="6" driver="i2c" instance="1" name="sda"/>
      </gpio>
      <gpio device-pin="c|r" port="b" pin="10">
        <signal driver="adc" instance="1" name="in11"/>
        <signal af="4" driver="usart" instance="3" name="tx"/>
        <signal af="5" driver="spi" instance="2" name="sck"/>
        <signal af="6" driver="i2c" instance="2" name="scl"/>
      </gpio>
      <gpio device-pin="c|r" port="b" pin="11">
        <signal driver="adc" instance="1" name="in15"/>
        <signal af="0" driver="spi" instance="2" name="mosi"/>
        <signal af="4" driver="usart" instance="3" name="rx"/>
        <signal af="6" driver="i2c" instance="2" name="sda"/>
      </gpio>
      <gpio device-pin="c|r" port="b" pin="12">
        <signal driver="adc" instance="1" name="in16"/>
        <signal af="0" driver="spi" instance="2" name="nss"/>
        <signal af="2" driver="tim" instance="1" name="bk"/>
        <signal af="5" driver="tim" instance="15" name="bk"/>
      </gpio>
      <gpio device-pin="c|r" port="b" pin="13">
        <signal af="0" driver="spi" instance="2" name="sck"/>
        <signal af="2" driver="tim" instance="1" name="ch1n"/>
        <signal af="4" driver="usart" instance="3" name="cts"/>
        <signal af="4" driver="usart" instance="3" name="nss"/>
        <signal af="5" driver="tim" instance="15" name="ch1n"/>
        <signal af="6" driver="i2c" instance="2" name="scl"/>
      </gpio>
      <gpio device-pin="c|r" port="b" pin="14">
        <signal af="0" driver="spi" instance="2" name="miso"/>
        <signal af="2" driver="tim" instance="1" name="ch2n"/>
        <signal af="4" driver="usart" instance="3" name="ck"/>
        <signal af="4" driver="usart" instance="3" name="de"/>
        <signal af="4" driver="usart" instance="3" name="rts"/>
        <signal af="5" driver="tim" instance="15" name="ch1"/>
        <signal af="6" driver="i2c" instance="2" name="sda"/>
      </gpio>
      <gpio device-pin="c|r" port="b" pin="15">
        <signal driver="rtc" name="refin"/>
        <signal af="0" driver="spi" instance="2" name="mosi"/>
        <signal af="2" driver="tim" instance="1" name="ch3n"/>
        <signal af="4" driver="tim" instance="15" name="ch1n"/>
        <signal af="5" driver="tim" instance="15" name="ch2"/>
      </gpio>
      <gpio device-pin="r" port="c" pin="0"/>
      <gpio device-pin="r" port="c" pin="1">
        <signal af="2" driver="tim" instance="15" name="ch1"/>
      </gpio>
      <gpio device-pin="r" port="c" pin="2">
        <signal af="1" driver="spi" instance="2" name="miso"/>
        <signal af="2" driver="tim" instance="15" name="ch2"/>
      </gpio>
      <gpio device-pin="r" port="c" pin="3">
        <signal af="1" driver="spi" instance="2" name="mosi"/>
      </gpio>
      <gpio device-pin="r" port="c" pin="4">
        <signal driver="adc" instance="1" name="in17"/>
        <signal af="0" driver="usart" instance="3" name="tx"/>
        <signal af="1" driver="usart" instance="1" name="tx"/>
      </gpio>
      <gpio device-pin="r" port="c" pin="5">
        <signal driver="adc" instance="1" name="in18"/>
        <signal driver="sys" name="wkup5"/>
        <signal af="0" driver="usart" instance="3" name="rx"/>
        <signal af="1" driver="usart" instance="1" name="rx"/>
      </gpio>
      <gpio port="c" pin="6">
        <signal af="1" driver="tim" instance="3" name="ch1"/>
      </gpio>
      <gpio device-pin="c|r" port="c" pin="7">
        <signal af="1" driver="tim" instance="3" name="ch2"/>
      </gpio>
      <gpio device-pin="r" port="c" pin="8">
        <signal af="1" driver="tim" instance="3" name="ch3"/>
        <signal af="2" driver="tim" instance="1" name="ch1"/>
      </gpio>
      <gpio device-pin="r" port="c" pin="9">
        <signal af="0" driver="i2s" name="ckin"/>
        <signal af="1" driver="tim" instance="3" name="ch4"/>
        <signal af="2" driver="tim" instance="1" name="ch2"/>
      </gpio>
      <gpio device-pin="r" port="c" pin="10">
        <signal af="0" driver="usart" instance="3" name="tx"/>
        <signal af="1" driver="usart" instance="4" name="tx"/>
        <signal af="2" driver="tim" instance="1" name="ch3"/>
      </gpio>
      <gpio device-pin="r" port="c" pin="11">
        <signal af="0" driver="usart" instance="3" name="rx"/>
        <signal af="1" driver="usart" instance="4" name="rx"/>
        <signal af="2" driver="tim" instance="1" name="ch4"/>
      </gpio>
      <gpio device-pin="r" port="c" pin="12">
        <signal af="2" driver="tim" instance="14" name="ch1"/>
      </gpio>
      <gpio device-pin="c|r" port="c" pin="13">
        <signal driver="rtc" name="out_alarm"/>
        <signal driver="rtc" name="out_calib"/>
        <signal driver="rtc" name="tamp_in1"/>
        <signal driver="rtc" name="ts"/>
        <signal driver="sys" name="wkup2"/>
        <signal af="2" driver="tim" instance="1" name="bk"/>
      </gpio>
      <gpio port="c" pin="14">
        <signal driver="rcc" name="osc32_in"/>
        <signal device-pin="k" driver="rcc" name="osc_in"/>
        <signal af="2" driver="tim" instance="1" name="bk2"/>
      </gpio>
      <gpio port="c" pin="15">
        <signal driver="rcc" name="osc32_out"/>
        <signal af="0" driver="rcc" name="osc32_en"/>
        <signal af="1" driver="rcc" name="osc_en"/>
        <signal af="2" driver="tim" instance="15" name="bk"/>
      </gpio>
      <gpio device-pin="c|r" port="d" pin="0">
        <signal af="1" driver="spi" instance="2" name="nss"/>
        <signal af="2" driver="tim" instance="16" name="ch1"/>
      </gpio>
      <gpio device-pin="c|r" port="d" pin="1">
        <signal af="1" driver="spi" instance="2" name="sck"/>
        <signal af="2" driver="tim" instance="17" name="ch1"/>
      </gpio>
      <gpio device-pin="c|r" port="d" pin="2">
        <signal af="0" driver="usart" instance="3" name="ck"/>
        <signal af="0" driver="usart" instance="3" name="de"/>
        <signal af="0" driver="usart" instance="3" name="rts"/>
        <signal af="1" driver="tim" instance="3" name="etr"/>
        <signal af="2" driver="tim" instance="1" name="ch1n"/>
      </gpio>
      <gpio device-pin="c|r" port="d" pin="3">
        <signal af="0" driver="usart" instance="2" name="cts"/>
        <signal af="0" driver="usart" instance="2" name="nss"/>
        <signal af="1" driver="spi" instance="2" name="miso"/>
        <signal af="2" driver="tim" instance="1" name="ch2n"/>
      </gpio>
      <gpio device-pin="r" port="d" pin="4">
        <signal af="0" driver="usart" instance="2" name="ck"/>
        <signal af="0" driver="usart" instance="2" name="de"/>
        <signal af="0" driver="usart" instance="2" name="rts"/>
        <signal af="1" driver="spi" instance="2" name="mosi"/>
        <signal af="2" driver="tim" instance="1" name="ch3n"/>
      </gpio>
      <gpio device-pin="r" port="d" pin="5">
        <signal af="0" driver="usart" instance="2" name="tx"/>
        <signal af="1" driver="i2s" instance="1" name="mck"/>
        <signal af="1" driver="spi" instance="1" name="miso"/>
        <signal af="2" driver="tim" instance="1" name="bk"/>
      </gpio>
      <gpio device-pin="r" port="d" pin="6">
        <signal af="0" driver="usart" instance="2" name="rx"/>
        <signal af="1" driver="i2s" instance="1" name="sd"/>
        <signal af="1" driver="spi" instance="1" name="mosi"/>
      </gpio>
      <gpio device-pin="r" port="d" pin="8">
        <signal af="0" driver="usart" instance="3" name="tx"/>
        <signal af="1" driver="i2s" instance="1" name="ck"/>
        <signal af="1" driver="spi" instance="1" name="sck"/>
      </gpio>
      <gpio device-pin="r" port="d" pin="9">
        <signal af="0" driver="usart" instance="3" name="rx"/>
        <signal af="1" driver="i2s" instance="1" name="ws"/>
        <signal af="1" driver="spi" instance="1" name="nss"/>
        <signal af="2" driver="tim" instance="1" name="bk2"/>
      </gpio>
      <gpio device-pin="c|r" port="f" pin="0">
        <signal driver="rcc" name="osc_in"/>
        <signal af="2" driver="tim" instance="14" name="ch1"/>
      </gpio>
      <gpio device-pin="c|r" port="f" pin="1">
        <signal driver="rcc" name="osc_out"/>
        <signal af="0" driver="rcc" name="osc_en"/>
        <signal af="2" driver="tim" instance="15" name="ch1n"/>
      </gpio>
      <gpio port="f" pin="2">
        <signal af="0" driver="rcc" name="mco"/>
      </gpio>
    </driver>
  </device>
</modm>
