<?xml version='1.0' encoding='UTF-8'?>
<modm version="0.4.0">
  <!-- WARNING: This file is generated by the modm device file generator. Do not edit! -->
  <device platform="stm32" family="l0" name="51|52|53|62|63" pin="c|k|r|t" size="6|8" package="f|h|t|u|y">
    <naming-schema>{platform}{family}{name}{pin}{size}{package}</naming-schema>
    <valid-device>stm32l051c6t</valid-device>
    <valid-device>stm32l051c8t</valid-device>
    <valid-device>stm32l051k6t</valid-device>
    <valid-device>stm32l051k6u</valid-device>
    <valid-device>stm32l051k8t</valid-device>
    <valid-device>stm32l051k8u</valid-device>
    <valid-device>stm32l051r6h</valid-device>
    <valid-device>stm32l051r6t</valid-device>
    <valid-device>stm32l051r8h</valid-device>
    <valid-device>stm32l051r8t</valid-device>
    <valid-device>stm32l051t6y</valid-device>
    <valid-device>stm32l051t8y</valid-device>
    <valid-device>stm32l052c6t</valid-device>
    <valid-device>stm32l052c8t</valid-device>
    <valid-device>stm32l052k6t</valid-device>
    <valid-device>stm32l052k6u</valid-device>
    <valid-device>stm32l052k8t</valid-device>
    <valid-device>stm32l052k8u</valid-device>
    <valid-device>stm32l052r6h</valid-device>
    <valid-device>stm32l052r6t</valid-device>
    <valid-device>stm32l052r8h</valid-device>
    <valid-device>stm32l052r8t</valid-device>
    <valid-device>stm32l052t6y</valid-device>
    <valid-device>stm32l052t8f</valid-device>
    <valid-device>stm32l052t8y</valid-device>
    <valid-device>stm32l053c6t</valid-device>
    <valid-device>stm32l053c8t</valid-device>
    <valid-device>stm32l053r6h</valid-device>
    <valid-device>stm32l053r6t</valid-device>
    <valid-device>stm32l053r8h</valid-device>
    <valid-device>stm32l053r8t</valid-device>
    <valid-device>stm32l062k8t</valid-device>
    <valid-device>stm32l062k8u</valid-device>
    <valid-device>stm32l063c8t</valid-device>
    <valid-device>stm32l063r8t</valid-device>
    <driver name="core" type="cortex-m0+">
      <memory device-size="6" name="flash" access="rx" start="0x8000000" size="32768"/>
      <memory device-size="8" name="flash" access="rx" start="0x8000000" size="65536"/>
      <memory name="eeprom" access="rwx" start="0x8080000" size="2048"/>
      <memory name="sram1" access="rwx" start="0x20000000" size="8192"/>
      <vector position="0" name="WWDG"/>
      <vector position="1" name="PVD"/>
      <vector position="2" name="RTC"/>
      <vector position="3" name="FLASH"/>
      <vector device-name="51" position="4" name="RCC"/>
      <vector device-name="52|53|62|63" position="4" name="RCC_CRS"/>
      <vector position="5" name="EXTI0_1"/>
      <vector position="6" name="EXTI2_3"/>
      <vector position="7" name="EXTI4_15"/>
      <vector device-name="52|53|62|63" position="8" name="TSC"/>
      <vector position="9" name="DMA1_Channel1"/>
      <vector position="10" name="DMA1_Channel2_3"/>
      <vector position="11" name="DMA1_Channel4_5_6_7"/>
      <vector position="12" name="ADC1_COMP"/>
      <vector position="13" name="LPTIM1"/>
      <vector position="15" name="TIM2"/>
      <vector device-name="51" position="17" name="TIM6"/>
      <vector device-name="52|53|62|63" position="17" name="TIM6_DAC"/>
      <vector position="20" name="TIM21"/>
      <vector position="22" name="TIM22"/>
      <vector position="23" name="I2C1"/>
      <vector position="24" name="I2C2"/>
      <vector position="25" name="SPI1"/>
      <vector position="26" name="SPI2"/>
      <vector position="27" name="USART1"/>
      <vector position="28" name="USART2"/>
      <vector device-name="62|63" position="29" name="AES_RNG_LPUART1"/>
      <vector device-name="51" position="29" name="LPUART1"/>
      <vector device-name="52|53" position="29" name="RNG_LPUART1"/>
      <vector device-name="53|63" position="30" name="LCD"/>
      <vector device-name="52|53|62|63" position="31" name="USB"/>
    </driver>
    <driver name="adc" type="stm32-l0">
      <feature value="calfact"/>
      <feature value="oversampler"/>
      <feature value="prescaler"/>
    </driver>
    <driver device-name="62|63" name="aes" type="stm32-v1.0"/>
    <driver name="comp" type="stm32-v1.0">
      <instance value="1"/>
      <instance value="2"/>
    </driver>
    <driver name="crc" type="stm32"/>
    <driver device-name="52|53|62|63" name="dac" type="stm32">
      <feature value="status"/>
    </driver>
    <driver name="dma" type="stm32-extended">
      <instance value="1"/>
    </driver>
    <driver name="flash" type="stm32-v1.0">
      <latency vcore-min="1050">
        <wait-state ws="0" hclk-max="4200000"/>
      </latency>
      <latency vcore-min="1350">
        <wait-state ws="0" hclk-max="8000000"/>
        <wait-state ws="1" hclk-max="16000000"/>
      </latency>
      <latency vcore-min="1650">
        <wait-state ws="0" hclk-max="16000000"/>
        <wait-state ws="1" hclk-max="32000000"/>
      </latency>
    </driver>
    <driver name="i2c" type="stm32-extended">
      <feature value="dnf"/>
      <feature value="fmp"/>
      <instance value="1"/>
      <instance device-pin="c|r|t" value="2"/>
    </driver>
    <driver device-pin="c|r" name="i2s" type="stm32-v3.1">
      <instance value="2"/>
    </driver>
    <driver name="iwdg" type="stm32"/>
    <driver device-name="53|63" name="lcd" type="stm32-v1.3"/>
    <driver name="lptim" type="stm32-v1.0">
      <instance value="1"/>
    </driver>
    <driver device-pin="c|r|t" name="lpuart" type="stm32-v1.1">
      <instance value="1"/>
    </driver>
    <driver name="rcc" type="stm32-v1.0"/>
    <driver device-name="52|53|62|63" name="rng" type="stm32"/>
    <driver name="rtc" type="stm32-v2.4"/>
    <driver name="spi" type="stm32">
      <instance value="1"/>
      <instance device-pin="c|r" value="2"/>
    </driver>
    <driver name="sys" type="stm32">
      <feature value="exti"/>
    </driver>
    <driver name="tim" type="stm32-basic">
      <instance value="6"/>
    </driver>
    <driver name="tim" type="stm32-general-purpose">
      <instance value="2"/>
    </driver>
    <driver name="tim" type="stm32-v2.x">
      <instance value="21"/>
      <instance value="22"/>
    </driver>
    <driver device-name="52|53|62|63" name="tsc" type="stm32-v1.0"/>
    <driver name="usart" type="stm32">
      <instance value="1"/>
      <instance value="2"/>
    </driver>
    <driver device-name="52|53|62|63" name="usb" type="stm32-v2.0"/>
    <driver name="wwdg" type="stm32-v1.0"/>
    <driver name="gpio" type="stm32">
      <gpio port="a" pin="0">
        <signal driver="adc" name="in0"/>
        <signal driver="comp" instance="1" name="inm"/>
        <signal driver="rtc" name="tamp2"/>
        <signal driver="sys" name="wkup1"/>
        <signal af="2" driver="tim" instance="2" name="ch1"/>
        <signal device-name="52|53|62|63" af="3" driver="tsc" name="g1_io1"/>
        <signal af="4" driver="usart" instance="2" name="cts"/>
        <signal af="5" driver="tim" instance="2" name="etr"/>
        <signal af="7" driver="comp" instance="1" name="out"/>
      </gpio>
      <gpio port="a" pin="1">
        <signal driver="adc" name="in1"/>
        <signal driver="comp" instance="1" name="inp"/>
        <signal device-name="53|63" af="1" driver="lcd" name="seg0"/>
        <signal af="2" driver="tim" instance="2" name="ch2"/>
        <signal device-name="52|53|62|63" af="3" driver="tsc" name="g1_io2"/>
        <signal af="4" driver="usart" instance="2" name="de"/>
        <signal af="4" driver="usart" instance="2" name="rts"/>
        <signal af="5" driver="tim" instance="21" name="etr"/>
      </gpio>
      <gpio port="a" pin="2">
        <signal driver="adc" name="in2"/>
        <signal driver="comp" instance="2" name="inm"/>
        <signal af="0" driver="tim" instance="21" name="ch1"/>
        <signal device-name="53|63" af="1" driver="lcd" name="seg1"/>
        <signal af="2" driver="tim" instance="2" name="ch3"/>
        <signal device-name="52|53|62|63" af="3" driver="tsc" name="g1_io3"/>
        <signal af="4" driver="usart" instance="2" name="tx"/>
        <signal af="7" driver="comp" instance="2" name="out"/>
      </gpio>
      <gpio port="a" pin="3">
        <signal driver="adc" name="in3"/>
        <signal driver="comp" instance="2" name="inp"/>
        <signal af="0" driver="tim" instance="21" name="ch2"/>
        <signal device-name="53|63" af="1" driver="lcd" name="seg2"/>
        <signal af="2" driver="tim" instance="2" name="ch4"/>
        <signal device-name="52|53|62|63" af="3" driver="tsc" name="g1_io4"/>
        <signal af="4" driver="usart" instance="2" name="rx"/>
      </gpio>
      <gpio port="a" pin="4">
        <signal driver="adc" name="in4"/>
        <signal driver="comp" instance="1" name="inm"/>
        <signal driver="comp" instance="2" name="inm"/>
        <signal device-name="52|53|62|63" driver="dac" name="out1"/>
        <signal af="0" driver="spi" instance="1" name="nss"/>
        <signal device-name="52|53|62|63" af="3" driver="tsc" name="g2_io1"/>
        <signal af="4" driver="usart" instance="2" name="ck"/>
        <signal af="5" driver="tim" instance="22" name="etr"/>
      </gpio>
      <gpio port="a" pin="5">
        <signal driver="adc" name="in5"/>
        <signal driver="comp" instance="1" name="inm"/>
        <signal driver="comp" instance="2" name="inm"/>
        <signal af="0" driver="spi" instance="1" name="sck"/>
        <signal af="2" driver="tim" instance="2" name="etr"/>
        <signal device-name="52|53|62|63" af="3" driver="tsc" name="g2_io2"/>
        <signal af="5" driver="tim" instance="2" name="ch1"/>
      </gpio>
      <gpio port="a" pin="6">
        <signal driver="adc" name="in6"/>
        <signal af="0" driver="spi" instance="1" name="miso"/>
        <signal device-name="53|63" af="1" driver="lcd" name="seg3"/>
        <signal device-name="52|53|62|63" af="3" driver="tsc" name="g2_io3"/>
        <signal device-pin="c|r|t" af="4" driver="lpuart" instance="1" name="cts"/>
        <signal af="5" driver="tim" instance="22" name="ch1"/>
        <signal af="7" driver="comp" instance="1" name="out"/>
      </gpio>
      <gpio port="a" pin="7">
        <signal driver="adc" name="in7"/>
        <signal af="0" driver="spi" instance="1" name="mosi"/>
        <signal device-name="53|63" af="1" driver="lcd" name="seg4"/>
        <signal device-name="52|53|62|63" af="3" driver="tsc" name="g2_io4"/>
        <signal af="5" driver="tim" instance="22" name="ch2"/>
        <signal af="7" driver="comp" instance="2" name="out"/>
      </gpio>
      <gpio port="a" pin="8">
        <signal af="0" driver="rcc" name="mco"/>
        <signal device-name="53|63" af="1" driver="lcd" name="com0"/>
        <signal device-name="52" device-pin="c|k|r" af="2" name="crs_sync"/>
        <signal device-name="62" device-pin="k" af="2" name="crs_sync"/>
        <signal device-name="51|52" device-pin="t" af="2" name="crs_sync"/>
        <signal device-name="53|63" device-pin="c|r" af="2" name="crs_sync"/>
        <signal af="4" driver="usart" instance="1" name="ck"/>
      </gpio>
      <gpio port="a" pin="9">
        <signal af="0" driver="rcc" name="mco"/>
        <signal device-name="53|63" af="1" driver="lcd" name="com1"/>
        <signal device-name="52|53|62|63" af="3" driver="tsc" name="g4_io1"/>
        <signal af="4" driver="usart" instance="1" name="tx"/>
      </gpio>
      <gpio port="a" pin="10">
        <signal device-name="53|63" af="1" driver="lcd" name="com2"/>
        <signal device-name="52|53|62|63" af="3" driver="tsc" name="g4_io2"/>
        <signal af="4" driver="usart" instance="1" name="rx"/>
      </gpio>
      <gpio port="a" pin="11">
        <signal device-name="52|53|62|63" driver="usb" name="dm"/>
        <signal af="0" driver="spi" instance="1" name="miso"/>
        <signal device-name="52|53|62|63" af="3" driver="tsc" name="g4_io3"/>
        <signal af="4" driver="usart" instance="1" name="cts"/>
        <signal af="7" driver="comp" instance="1" name="out"/>
      </gpio>
      <gpio port="a" pin="12">
        <signal device-name="52|53|62|63" driver="usb" name="dp"/>
        <signal af="0" driver="spi" instance="1" name="mosi"/>
        <signal device-name="52|53|62|63" af="3" driver="tsc" name="g4_io4"/>
        <signal af="4" driver="usart" instance="1" name="de"/>
        <signal af="4" driver="usart" instance="1" name="rts"/>
        <signal af="7" driver="comp" instance="2" name="out"/>
      </gpio>
      <gpio port="a" pin="13">
        <signal af="0" driver="sys" name="swdio"/>
        <signal device-name="52|53|62|63" af="2" driver="usb" name="noe"/>
      </gpio>
      <gpio port="a" pin="14">
        <signal af="0" driver="sys" name="swclk"/>
        <signal af="4" driver="usart" instance="2" name="tx"/>
      </gpio>
      <gpio port="a" pin="15">
        <signal af="0" driver="spi" instance="1" name="nss"/>
        <signal device-name="53|63" af="1" driver="lcd" name="seg17"/>
        <signal af="2" driver="tim" instance="2" name="etr"/>
        <signal af="4" driver="usart" instance="2" name="rx"/>
        <signal af="5" driver="tim" instance="2" name="ch1"/>
      </gpio>
      <gpio port="b" pin="0">
        <signal driver="adc" name="in8"/>
        <signal device-name="53|63" driver="lcd" name="vlcd3"/>
        <signal driver="sys" name="vref_out_pb0"/>
        <signal device-name="53|63" af="1" driver="lcd" name="seg5"/>
        <signal device-name="52|53|62|63" af="3" driver="tsc" name="g3_io2"/>
      </gpio>
      <gpio port="b" pin="1">
        <signal driver="adc" name="in9"/>
        <signal driver="sys" name="vref_out_pb1"/>
        <signal device-name="53|63" af="1" driver="lcd" name="seg6"/>
        <signal device-name="52|53|62|63" af="3" driver="tsc" name="g3_io3"/>
        <signal device-pin="c|r|t" af="4" driver="lpuart" instance="1" name="de"/>
        <signal device-pin="c|r|t" af="4" driver="lpuart" instance="1" name="rts"/>
      </gpio>
      <gpio device-pin="c" device-package="t" port="b" pin="2">
        <signal device-name="53|63" driver="lcd" name="vlcd1"/>
        <signal af="2" driver="lptim" instance="1" name="out"/>
        <signal device-name="52" device-pin="t" device-package="f|y" af="3" driver="tsc" name="g3_io4"/>
        <signal device-name="52|53" device-pin="r" device-package="h|t" af="3" driver="tsc" name="g3_io4"/>
        <signal device-name="52|53|63" device-pin="c|r" device-package="t" af="3" driver="tsc" name="g3_io4"/>
        <signal device-name="52|62" device-pin="k" device-package="u" af="3" driver="tsc" name="g3_io4"/>
      </gpio>
      <gpio device-pin="k" device-package="u" port="b" pin="2">
        <signal device-name="53|63" driver="lcd" name="vlcd1"/>
        <signal af="2" driver="lptim" instance="1" name="out"/>
        <signal device-name="52" device-pin="t" device-package="f|y" af="3" driver="tsc" name="g3_io4"/>
        <signal device-name="52|53" device-pin="r" device-package="h|t" af="3" driver="tsc" name="g3_io4"/>
        <signal device-name="52|53|63" device-pin="c|r" device-package="t" af="3" driver="tsc" name="g3_io4"/>
        <signal device-name="52|62" device-pin="k" device-package="u" af="3" driver="tsc" name="g3_io4"/>
      </gpio>
      <gpio device-pin="r" device-package="h|t" port="b" pin="2">
        <signal device-name="53|63" driver="lcd" name="vlcd1"/>
        <signal af="2" driver="lptim" instance="1" name="out"/>
        <signal device-name="52" device-pin="t" device-package="f|y" af="3" driver="tsc" name="g3_io4"/>
        <signal device-name="52|53" device-pin="r" device-package="h|t" af="3" driver="tsc" name="g3_io4"/>
        <signal device-name="52|53|63" device-pin="c|r" device-package="t" af="3" driver="tsc" name="g3_io4"/>
        <signal device-name="52|62" device-pin="k" device-package="u" af="3" driver="tsc" name="g3_io4"/>
      </gpio>
      <gpio device-pin="t" device-package="f|y" port="b" pin="2">
        <signal device-name="53|63" driver="lcd" name="vlcd1"/>
        <signal af="2" driver="lptim" instance="1" name="out"/>
        <signal device-name="52" device-pin="t" device-package="f|y" af="3" driver="tsc" name="g3_io4"/>
        <signal device-name="52|53" device-pin="r" device-package="h|t" af="3" driver="tsc" name="g3_io4"/>
        <signal device-name="52|53|63" device-pin="c|r" device-package="t" af="3" driver="tsc" name="g3_io4"/>
        <signal device-name="52|62" device-pin="k" device-package="u" af="3" driver="tsc" name="g3_io4"/>
      </gpio>
      <gpio port="b" pin="3">
        <signal driver="comp" instance="2" name="inm"/>
        <signal af="0" driver="spi" instance="1" name="sck"/>
        <signal device-name="53|63" af="1" driver="lcd" name="seg7"/>
        <signal af="2" driver="tim" instance="2" name="ch2"/>
        <signal device-name="52|53|62|63" af="3" driver="tsc" name="g5_io1"/>
      </gpio>
      <gpio port="b" pin="4">
        <signal driver="comp" instance="2" name="inp"/>
        <signal af="0" driver="spi" instance="1" name="miso"/>
        <signal device-name="53|63" af="1" driver="lcd" name="seg8"/>
        <signal device-name="52|53|62|63" af="3" driver="tsc" name="g5_io2"/>
        <signal af="4" driver="tim" instance="22" name="ch1"/>
      </gpio>
      <gpio port="b" pin="5">
        <signal driver="comp" instance="2" name="inp"/>
        <signal af="0" driver="spi" instance="1" name="mosi"/>
        <signal device-name="53|63" af="1" driver="lcd" name="seg9"/>
        <signal af="2" driver="lptim" instance="1" name="in1"/>
        <signal af="3" driver="i2c" instance="1" name="smba"/>
        <signal af="4" driver="tim" instance="22" name="ch2"/>
      </gpio>
      <gpio port="b" pin="6">
        <signal driver="comp" instance="2" name="inp"/>
        <signal af="0" driver="usart" instance="1" name="tx"/>
        <signal af="1" driver="i2c" instance="1" name="scl"/>
        <signal af="2" driver="lptim" instance="1" name="etr"/>
        <signal device-name="52|53|62|63" af="3" driver="tsc" name="g5_io3"/>
      </gpio>
      <gpio port="b" pin="7">
        <signal driver="comp" instance="2" name="inp"/>
        <signal driver="sys" name="pvd_in"/>
        <signal af="0" driver="usart" instance="1" name="rx"/>
        <signal af="1" driver="i2c" instance="1" name="sda"/>
        <signal af="2" driver="lptim" instance="1" name="in2"/>
        <signal device-name="52|53|62|63" af="3" driver="tsc" name="g5_io4"/>
      </gpio>
      <gpio device-pin="c" device-package="t" port="b" pin="8">
        <signal device-name="53|63" af="1" driver="lcd" name="seg16"/>
        <signal device-name="52" device-pin="t" device-package="f|y" af="3" driver="tsc" name="sync"/>
        <signal device-name="52|53" device-pin="r" device-package="h|t" af="3" driver="tsc" name="sync"/>
        <signal device-name="52|53|63" device-pin="c|r" device-package="t" af="3" driver="tsc" name="sync"/>
        <signal device-name="52|62" device-pin="k" device-package="u" af="3" driver="tsc" name="sync"/>
        <signal af="4" driver="i2c" instance="1" name="scl"/>
      </gpio>
      <gpio device-pin="k" device-package="u" port="b" pin="8">
        <signal device-name="53|63" af="1" driver="lcd" name="seg16"/>
        <signal device-name="52" device-pin="t" device-package="f|y" af="3" driver="tsc" name="sync"/>
        <signal device-name="52|53" device-pin="r" device-package="h|t" af="3" driver="tsc" name="sync"/>
        <signal device-name="52|53|63" device-pin="c|r" device-package="t" af="3" driver="tsc" name="sync"/>
        <signal device-name="52|62" device-pin="k" device-package="u" af="3" driver="tsc" name="sync"/>
        <signal af="4" driver="i2c" instance="1" name="scl"/>
      </gpio>
      <gpio device-pin="r" device-package="h|t" port="b" pin="8">
        <signal device-name="53|63" af="1" driver="lcd" name="seg16"/>
        <signal device-name="52" device-pin="t" device-package="f|y" af="3" driver="tsc" name="sync"/>
        <signal device-name="52|53" device-pin="r" device-package="h|t" af="3" driver="tsc" name="sync"/>
        <signal device-name="52|53|63" device-pin="c|r" device-package="t" af="3" driver="tsc" name="sync"/>
        <signal device-name="52|62" device-pin="k" device-package="u" af="3" driver="tsc" name="sync"/>
        <signal af="4" driver="i2c" instance="1" name="scl"/>
      </gpio>
      <gpio device-pin="t" device-package="f|y" port="b" pin="8">
        <signal device-name="53|63" af="1" driver="lcd" name="seg16"/>
        <signal device-name="52" device-pin="t" device-package="f|y" af="3" driver="tsc" name="sync"/>
        <signal device-name="52|53" device-pin="r" device-package="h|t" af="3" driver="tsc" name="sync"/>
        <signal device-name="52|53|63" device-pin="c|r" device-package="t" af="3" driver="tsc" name="sync"/>
        <signal device-name="52|62" device-pin="k" device-package="u" af="3" driver="tsc" name="sync"/>
        <signal af="4" driver="i2c" instance="1" name="scl"/>
      </gpio>
      <gpio device-pin="c|r" port="b" pin="9">
        <signal device-name="53|63" af="1" driver="lcd" name="com3"/>
        <signal af="4" driver="i2c" instance="1" name="sda"/>
        <signal af="5" driver="i2s" instance="2" name="ws"/>
        <signal af="5" driver="spi" instance="2" name="nss"/>
      </gpio>
      <gpio device-pin="c|r|t" port="b" pin="10">
        <signal device-name="53|63" af="1" driver="lcd" name="seg10"/>
        <signal af="2" driver="tim" instance="2" name="ch3"/>
        <signal device-name="52" device-pin="c|r|t" af="3" driver="tsc" name="sync"/>
        <signal device-name="53|63" device-pin="c|r" af="3" driver="tsc" name="sync"/>
        <signal af="4" driver="lpuart" instance="1" name="tx"/>
        <signal device-pin="c|r" af="5" driver="spi" instance="2" name="sck"/>
        <signal af="6" driver="i2c" instance="2" name="scl"/>
      </gpio>
      <gpio device-pin="c|r|t" port="b" pin="11">
        <signal device-name="53|63" af="1" driver="lcd" name="seg11"/>
        <signal af="2" driver="tim" instance="2" name="ch4"/>
        <signal device-name="52" device-pin="c|r|t" af="3" driver="tsc" name="g6_io1"/>
        <signal device-name="53|63" device-pin="c|r" af="3" driver="tsc" name="g6_io1"/>
        <signal af="4" driver="lpuart" instance="1" name="rx"/>
        <signal af="6" driver="i2c" instance="2" name="sda"/>
      </gpio>
      <gpio device-pin="c|r" port="b" pin="12">
        <signal device-name="53|63" driver="lcd" name="vlcd2"/>
        <signal af="0" driver="i2s" instance="2" name="ws"/>
        <signal af="0" driver="spi" instance="2" name="nss"/>
        <signal device-name="53|63" af="1" driver="lcd" name="seg12"/>
        <signal af="2" driver="lpuart" instance="1" name="de"/>
        <signal af="2" driver="lpuart" instance="1" name="rts"/>
        <signal device-name="52|53|63" device-pin="c|r" af="3" driver="tsc" name="g6_io2"/>
      </gpio>
      <gpio device-pin="c|r" port="b" pin="13">
        <signal af="0" driver="i2s" instance="2" name="ck"/>
        <signal af="0" driver="spi" instance="2" name="sck"/>
        <signal device-name="53|63" af="1" driver="lcd" name="seg13"/>
        <signal device-name="52|53|63" device-pin="c|r" af="3" driver="tsc" name="g6_io3"/>
        <signal af="4" driver="lpuart" instance="1" name="cts"/>
        <signal af="5" driver="i2c" instance="2" name="scl"/>
        <signal af="6" driver="tim" instance="21" name="ch1"/>
      </gpio>
      <gpio device-pin="c|r" port="b" pin="14">
        <signal af="0" driver="i2s" instance="2" name="mck"/>
        <signal af="0" driver="spi" instance="2" name="miso"/>
        <signal device-name="53|63" af="1" driver="lcd" name="seg14"/>
        <signal af="2" driver="rtc" name="out_alarm"/>
        <signal af="2" driver="rtc" name="out_calib"/>
        <signal device-name="52|53|63" device-pin="c|r" af="3" driver="tsc" name="g6_io4"/>
        <signal af="4" driver="lpuart" instance="1" name="de"/>
        <signal af="4" driver="lpuart" instance="1" name="rts"/>
        <signal af="5" driver="i2c" instance="2" name="sda"/>
        <signal af="6" driver="tim" instance="21" name="ch2"/>
      </gpio>
      <gpio device-pin="c|r" port="b" pin="15">
        <signal af="0" driver="i2s" instance="2" name="sd"/>
        <signal af="0" driver="spi" instance="2" name="mosi"/>
        <signal device-name="53|63" af="1" driver="lcd" name="seg15"/>
        <signal af="2" driver="rtc" name="refin"/>
      </gpio>
      <gpio device-pin="r" port="c" pin="0">
        <signal driver="adc" name="in10"/>
        <signal af="0" driver="lptim" instance="1" name="in1"/>
        <signal device-name="53" device-size="6|8" device-package="h|t" af="1" driver="lcd" name="seg18"/>
        <signal device-name="63" device-size="8" device-package="t" af="1" driver="lcd" name="seg18"/>
        <signal device-name="63" device-size="8" device-package="t" af="3" driver="tsc" name="g7_io1"/>
        <signal device-name="52|53" device-size="6|8" device-package="h|t" af="3" driver="tsc" name="g7_io1"/>
      </gpio>
      <gpio device-pin="r" port="c" pin="1">
        <signal driver="adc" name="in11"/>
        <signal af="0" driver="lptim" instance="1" name="out"/>
        <signal device-name="53" device-size="6|8" device-package="h|t" af="1" driver="lcd" name="seg19"/>
        <signal device-name="63" device-size="8" device-package="t" af="1" driver="lcd" name="seg19"/>
        <signal device-name="63" device-size="8" device-package="t" af="3" driver="tsc" name="g7_io2"/>
        <signal device-name="52|53" device-size="6|8" device-package="h|t" af="3" driver="tsc" name="g7_io2"/>
      </gpio>
      <gpio device-pin="r" port="c" pin="2">
        <signal driver="adc" name="in12"/>
        <signal af="0" driver="lptim" instance="1" name="in2"/>
        <signal device-name="53" device-size="6|8" device-package="h|t" af="1" driver="lcd" name="seg20"/>
        <signal device-name="63" device-size="8" device-package="t" af="1" driver="lcd" name="seg20"/>
        <signal af="2" driver="i2s" instance="2" name="mck"/>
        <signal af="2" driver="spi" instance="2" name="miso"/>
        <signal device-name="63" device-size="8" device-package="t" af="3" driver="tsc" name="g7_io3"/>
        <signal device-name="52|53" device-size="6|8" device-package="h|t" af="3" driver="tsc" name="g7_io3"/>
      </gpio>
      <gpio device-pin="r" device-package="t" port="c" pin="3">
        <signal driver="adc" name="in13"/>
        <signal af="0" driver="lptim" instance="1" name="etr"/>
        <signal device-name="53" device-size="6|8" af="1" driver="lcd" name="seg21"/>
        <signal device-name="63" device-size="8" af="1" driver="lcd" name="seg21"/>
        <signal af="2" driver="i2s" instance="2" name="sd"/>
        <signal af="2" driver="spi" instance="2" name="mosi"/>
        <signal device-name="63" device-size="8" af="3" driver="tsc" name="g7_io4"/>
        <signal device-name="52|53" device-size="6|8" af="3" driver="tsc" name="g7_io4"/>
      </gpio>
      <gpio device-pin="r" port="c" pin="4">
        <signal driver="adc" name="in14"/>
        <signal device-name="53" device-size="6|8" device-package="h|t" af="1" driver="lcd" name="seg22"/>
        <signal device-name="63" device-size="8" device-package="t" af="1" driver="lcd" name="seg22"/>
        <signal af="2" driver="lpuart" instance="1" name="tx"/>
      </gpio>
      <gpio device-pin="r" port="c" pin="5">
        <signal driver="adc" name="in15"/>
        <signal device-name="53" device-size="6|8" device-package="h|t" af="1" driver="lcd" name="seg23"/>
        <signal device-name="63" device-size="8" device-package="t" af="1" driver="lcd" name="seg23"/>
        <signal af="2" driver="lpuart" instance="1" name="rx"/>
        <signal device-name="63" device-size="8" device-package="t" af="3" driver="tsc" name="g3_io1"/>
        <signal device-name="52|53" device-size="6|8" device-package="h|t" af="3" driver="tsc" name="g3_io1"/>
      </gpio>
      <gpio device-pin="r" port="c" pin="6">
        <signal af="0" driver="tim" instance="22" name="ch1"/>
        <signal device-name="53" device-size="6|8" device-package="h|t" af="1" driver="lcd" name="seg24"/>
        <signal device-name="63" device-size="8" device-package="t" af="1" driver="lcd" name="seg24"/>
        <signal device-name="63" device-size="8" device-package="t" af="3" driver="tsc" name="g8_io1"/>
        <signal device-name="52|53" device-size="6|8" device-package="h|t" af="3" driver="tsc" name="g8_io1"/>
      </gpio>
      <gpio device-pin="r" port="c" pin="7">
        <signal af="0" driver="tim" instance="22" name="ch2"/>
        <signal device-name="53" device-size="6|8" device-package="h|t" af="1" driver="lcd" name="seg25"/>
        <signal device-name="63" device-size="8" device-package="t" af="1" driver="lcd" name="seg25"/>
        <signal device-name="63" device-size="8" device-package="t" af="3" driver="tsc" name="g8_io2"/>
        <signal device-name="52|53" device-size="6|8" device-package="h|t" af="3" driver="tsc" name="g8_io2"/>
      </gpio>
      <gpio device-pin="r" port="c" pin="8">
        <signal af="0" driver="tim" instance="22" name="etr"/>
        <signal device-name="53" device-size="6|8" device-package="h|t" af="1" driver="lcd" name="seg26"/>
        <signal device-name="63" device-size="8" device-package="t" af="1" driver="lcd" name="seg26"/>
        <signal device-name="63" device-size="8" device-package="t" af="3" driver="tsc" name="g8_io3"/>
        <signal device-name="52|53" device-size="6|8" device-package="h|t" af="3" driver="tsc" name="g8_io3"/>
      </gpio>
      <gpio device-pin="r" port="c" pin="9">
        <signal af="0" driver="tim" instance="21" name="etr"/>
        <signal device-name="53" device-size="6|8" device-package="h|t" af="1" driver="lcd" name="seg27"/>
        <signal device-name="63" device-size="8" device-package="t" af="1" driver="lcd" name="seg27"/>
        <signal device-name="63" device-size="8" device-package="t" af="2" driver="usb" name="noe"/>
        <signal device-name="52|53" device-size="6|8" device-package="h|t" af="2" driver="usb" name="noe"/>
        <signal device-name="63" device-size="8" device-package="t" af="3" driver="tsc" name="g8_io4"/>
        <signal device-name="52|53" device-size="6|8" device-package="h|t" af="3" driver="tsc" name="g8_io4"/>
      </gpio>
      <gpio device-pin="r" port="c" pin="10">
        <signal af="0" driver="lpuart" instance="1" name="tx"/>
        <signal device-name="53" device-size="6|8" device-package="h|t" af="1" driver="lcd" name="com4"/>
        <signal device-name="63" device-size="8" device-package="t" af="1" driver="lcd" name="com4"/>
        <signal device-name="53" device-size="6|8" device-package="h|t" af="1" driver="lcd" name="seg28"/>
        <signal device-name="63" device-size="8" device-package="t" af="1" driver="lcd" name="seg28"/>
      </gpio>
      <gpio device-pin="r" port="c" pin="11">
        <signal af="0" driver="lpuart" instance="1" name="rx"/>
        <signal device-name="53" device-size="6|8" device-package="h|t" af="1" driver="lcd" name="com5"/>
        <signal device-name="63" device-size="8" device-package="t" af="1" driver="lcd" name="com5"/>
        <signal device-name="53" device-size="6|8" device-package="h|t" af="1" driver="lcd" name="seg29"/>
        <signal device-name="63" device-size="8" device-package="t" af="1" driver="lcd" name="seg29"/>
      </gpio>
      <gpio device-pin="r" port="c" pin="12">
        <signal device-name="53" device-size="6|8" device-package="h|t" af="1" driver="lcd" name="com6"/>
        <signal device-name="63" device-size="8" device-package="t" af="1" driver="lcd" name="com6"/>
        <signal device-name="53" device-size="6|8" device-package="h|t" af="1" driver="lcd" name="seg30"/>
        <signal device-name="63" device-size="8" device-package="t" af="1" driver="lcd" name="seg30"/>
      </gpio>
      <gpio device-pin="c|r" port="c" pin="13">
        <signal driver="rtc" name="out_alarm"/>
        <signal driver="rtc" name="out_calib"/>
        <signal driver="rtc" name="tamp1"/>
        <signal driver="rtc" name="ts"/>
        <signal driver="sys" name="wkup2"/>
      </gpio>
      <gpio port="c" pin="14">
        <signal driver="rcc" name="osc32_in"/>
      </gpio>
      <gpio port="c" pin="15">
        <signal driver="rcc" name="osc32_out"/>
      </gpio>
      <gpio device-pin="r" port="d" pin="2">
        <signal af="0" driver="lpuart" instance="1" name="de"/>
        <signal af="0" driver="lpuart" instance="1" name="rts"/>
        <signal device-name="53" device-size="6|8" device-package="h|t" af="1" driver="lcd" name="com7"/>
        <signal device-name="63" device-size="8" device-package="t" af="1" driver="lcd" name="com7"/>
        <signal device-name="53" device-size="6|8" device-package="h|t" af="1" driver="lcd" name="seg31"/>
        <signal device-name="63" device-size="8" device-package="t" af="1" driver="lcd" name="seg31"/>
      </gpio>
      <gpio device-pin="c|r" port="h" pin="0">
        <signal driver="rcc" name="osc_in"/>
        <signal device-name="52|53|63" device-pin="c|r" af="0" name="crs_sync"/>
      </gpio>
      <gpio device-pin="c|r" port="h" pin="1">
        <signal driver="rcc" name="osc_out"/>
      </gpio>
    </driver>
  </device>
</modm>
