<?xml version='1.0' encoding='UTF-8'?>
<modm version="0.4.0">
  <!-- WARNING: This file is generated by the modm device file generator. Do not edit! -->
  <device platform="stm32" family="f4" name="01|11" pin="c|r|v" size="b|c|d|e" package="f|h|t|u|y">
    <naming-schema>{platform}{family}{name}{pin}{size}{package}</naming-schema>
    <valid-device>stm32f401cbu</valid-device>
    <valid-device>stm32f401cby</valid-device>
    <valid-device>stm32f401ccf</valid-device>
    <valid-device>stm32f401ccu</valid-device>
    <valid-device>stm32f401ccy</valid-device>
    <valid-device>stm32f401cdu</valid-device>
    <valid-device>stm32f401cdy</valid-device>
    <valid-device>stm32f401ceu</valid-device>
    <valid-device>stm32f401cey</valid-device>
    <valid-device>stm32f401rbt</valid-device>
    <valid-device>stm32f401rct</valid-device>
    <valid-device>stm32f401rdt</valid-device>
    <valid-device>stm32f401ret</valid-device>
    <valid-device>stm32f401vbh</valid-device>
    <valid-device>stm32f401vbt</valid-device>
    <valid-device>stm32f401vch</valid-device>
    <valid-device>stm32f401vct</valid-device>
    <valid-device>stm32f401vdh</valid-device>
    <valid-device>stm32f401vdt</valid-device>
    <valid-device>stm32f401veh</valid-device>
    <valid-device>stm32f401vet</valid-device>
    <valid-device>stm32f411ccu</valid-device>
    <valid-device>stm32f411ccy</valid-device>
    <valid-device>stm32f411ceu</valid-device>
    <valid-device>stm32f411cey</valid-device>
    <valid-device>stm32f411rct</valid-device>
    <valid-device>stm32f411ret</valid-device>
    <valid-device>stm32f411vch</valid-device>
    <valid-device>stm32f411vct</valid-device>
    <valid-device>stm32f411veh</valid-device>
    <valid-device>stm32f411vet</valid-device>
    <driver name="core" type="cortex-m4f">
      <memory device-size="b" name="flash" access="rx" start="0x8000000" size="131072"/>
      <memory device-size="c" name="flash" access="rx" start="0x8000000" size="262144"/>
      <memory device-size="d" name="flash" access="rx" start="0x8000000" size="393216"/>
      <memory device-size="e" name="flash" access="rx" start="0x8000000" size="524288"/>
      <memory device-name="01" device-size="b|c" name="sram1" access="rwx" start="0x20000000" size="65536"/>
      <memory device-name="01" device-size="d|e" name="sram1" access="rwx" start="0x20000000" size="98304"/>
      <memory device-name="11" name="sram1" access="rwx" start="0x20000000" size="131072"/>
      <vector position="0" name="WWDG"/>
      <vector position="1" name="PVD"/>
      <vector position="2" name="TAMP_STAMP"/>
      <vector position="3" name="RTC_WKUP"/>
      <vector position="4" name="FLASH"/>
      <vector position="5" name="RCC"/>
      <vector position="6" name="EXTI0"/>
      <vector position="7" name="EXTI1"/>
      <vector position="8" name="EXTI2"/>
      <vector position="9" name="EXTI3"/>
      <vector position="10" name="EXTI4"/>
      <vector position="11" name="DMA1_Stream0"/>
      <vector position="12" name="DMA1_Stream1"/>
      <vector position="13" name="DMA1_Stream2"/>
      <vector position="14" name="DMA1_Stream3"/>
      <vector position="15" name="DMA1_Stream4"/>
      <vector position="16" name="DMA1_Stream5"/>
      <vector position="17" name="DMA1_Stream6"/>
      <vector position="18" name="ADC"/>
      <vector position="23" name="EXTI9_5"/>
      <vector position="24" name="TIM1_BRK_TIM9"/>
      <vector position="25" name="TIM1_UP_TIM10"/>
      <vector position="26" name="TIM1_TRG_COM_TIM11"/>
      <vector position="27" name="TIM1_CC"/>
      <vector position="28" name="TIM2"/>
      <vector position="29" name="TIM3"/>
      <vector position="30" name="TIM4"/>
      <vector position="31" name="I2C1_EV"/>
      <vector position="32" name="I2C1_ER"/>
      <vector position="33" name="I2C2_EV"/>
      <vector position="34" name="I2C2_ER"/>
      <vector position="35" name="SPI1"/>
      <vector position="36" name="SPI2"/>
      <vector position="37" name="USART1"/>
      <vector position="38" name="USART2"/>
      <vector position="40" name="EXTI15_10"/>
      <vector position="41" name="RTC_Alarm"/>
      <vector position="42" name="OTG_FS_WKUP"/>
      <vector position="47" name="DMA1_Stream7"/>
      <vector position="49" name="SDIO"/>
      <vector position="50" name="TIM5"/>
      <vector position="51" name="SPI3"/>
      <vector position="56" name="DMA2_Stream0"/>
      <vector position="57" name="DMA2_Stream1"/>
      <vector position="58" name="DMA2_Stream2"/>
      <vector position="59" name="DMA2_Stream3"/>
      <vector position="60" name="DMA2_Stream4"/>
      <vector position="67" name="OTG_FS"/>
      <vector position="68" name="DMA2_Stream5"/>
      <vector position="69" name="DMA2_Stream6"/>
      <vector position="70" name="DMA2_Stream7"/>
      <vector position="71" name="USART6"/>
      <vector position="72" name="I2C3_EV"/>
      <vector position="73" name="I2C3_ER"/>
      <vector position="81" name="FPU"/>
      <vector position="84" name="SPI4"/>
      <vector device-name="11" position="85" name="SPI5"/>
    </driver>
    <driver name="adc" type="stm32">
      <instance value="1"/>
    </driver>
    <driver name="crc" type="stm32"/>
    <driver name="dma" type="stm32-extended">
      <instance value="1"/>
      <instance value="2"/>
    </driver>
    <driver name="flash" type="stm32-v1.0">
      <latency vcore-min="1800">
        <wait-state ws="0" hclk-max="16000000"/>
        <wait-state ws="1" hclk-max="32000000"/>
        <wait-state ws="2" hclk-max="48000000"/>
        <wait-state ws="3" hclk-max="64000000"/>
        <wait-state ws="4" hclk-max="80000000"/>
        <wait-state device-name="01" ws="5" hclk-max="84000000"/>
        <wait-state device-name="11" ws="5" hclk-max="96000000"/>
        <wait-state device-name="11" ws="6" hclk-max="100000000"/>
      </latency>
      <latency vcore-min="2100">
        <wait-state ws="0" hclk-max="18000000"/>
        <wait-state ws="1" hclk-max="36000000"/>
        <wait-state ws="2" hclk-max="54000000"/>
        <wait-state ws="3" hclk-max="72000000"/>
        <wait-state device-name="01" ws="4" hclk-max="84000000"/>
        <wait-state device-name="11" ws="4" hclk-max="90000000"/>
        <wait-state device-name="11" ws="5" hclk-max="100000000"/>
      </latency>
      <latency vcore-min="2400">
        <wait-state ws="0" hclk-max="24000000"/>
        <wait-state ws="1" hclk-max="48000000"/>
        <wait-state ws="2" hclk-max="72000000"/>
        <wait-state device-name="01" ws="3" hclk-max="84000000"/>
        <wait-state device-name="11" ws="3" hclk-max="96000000"/>
        <wait-state device-name="11" ws="4" hclk-max="100000000"/>
      </latency>
      <latency vcore-min="2700">
        <wait-state ws="0" hclk-max="30000000"/>
        <wait-state ws="1" hclk-max="60000000"/>
        <wait-state device-name="01" ws="2" hclk-max="84000000"/>
        <wait-state device-name="11" ws="2" hclk-max="90000000"/>
        <wait-state device-name="11" ws="3" hclk-max="100000000"/>
      </latency>
    </driver>
    <driver name="i2c" type="stm32">
      <instance value="1"/>
      <instance value="2"/>
      <instance value="3"/>
    </driver>
    <driver name="i2s" type="stm32-v2.2">
      <instance device-name="11" value="1"/>
      <instance value="2"/>
      <instance value="3"/>
      <instance device-name="11" value="4"/>
      <instance device-name="11" value="5"/>
    </driver>
    <driver name="iwdg" type="stm32"/>
    <driver name="rcc" type="stm32-v1.0"/>
    <driver name="rtc" type="stm32-v2.3"/>
    <driver device-name="11" device-pin="c" name="sdio" type="stm32"/>
    <driver device-name="01|11" device-pin="r|v" name="sdio" type="stm32"/>
    <driver name="spi" type="stm32">
      <instance value="1"/>
      <instance value="2"/>
      <instance value="3"/>
      <instance device-name="11" device-pin="c|r" value="4"/>
      <instance device-name="01|11" device-pin="v" value="4"/>
      <instance device-name="11" value="5"/>
    </driver>
    <driver name="sys" type="stm32">
      <feature value="exti"/>
    </driver>
    <driver name="tim" type="stm32-advanced">
      <instance value="1"/>
    </driver>
    <driver name="tim" type="stm32-general-purpose">
      <instance value="2"/>
      <instance value="3"/>
      <instance value="4"/>
      <instance value="5"/>
      <instance value="9"/>
      <instance value="10"/>
      <instance value="11"/>
    </driver>
    <driver name="usart" type="stm32">
      <feature value="over8"/>
      <instance value="1"/>
      <instance value="2"/>
      <instance value="6"/>
    </driver>
    <driver name="usb_otg_fs" type="stm32-v1.2"/>
    <driver name="wwdg" type="stm32-v1.0"/>
    <driver name="gpio" type="stm32">
      <gpio port="a" pin="0">
        <signal driver="adc" instance="1" name="in0"/>
        <signal driver="sys" name="wkup"/>
        <signal af="1" driver="tim" instance="2" name="ch1"/>
        <signal af="1" driver="tim" instance="2" name="etr"/>
        <signal af="2" driver="tim" instance="5" name="ch1"/>
        <signal af="7" driver="usart" instance="2" name="cts"/>
      </gpio>
      <gpio port="a" pin="1">
        <signal driver="adc" instance="1" name="in1"/>
        <signal af="1" driver="tim" instance="2" name="ch2"/>
        <signal af="2" driver="tim" instance="5" name="ch2"/>
        <signal device-name="11" af="5" driver="i2s" instance="4" name="sd"/>
        <signal device-name="11" af="5" driver="spi" instance="4" name="mosi"/>
        <signal af="7" driver="usart" instance="2" name="rts"/>
      </gpio>
      <gpio port="a" pin="2">
        <signal driver="adc" instance="1" name="in2"/>
        <signal af="1" driver="tim" instance="2" name="ch3"/>
        <signal af="2" driver="tim" instance="5" name="ch3"/>
        <signal af="3" driver="tim" instance="9" name="ch1"/>
        <signal device-name="11" af="5" driver="i2s" name="ckin"/>
        <signal af="7" driver="usart" instance="2" name="tx"/>
      </gpio>
      <gpio port="a" pin="3">
        <signal driver="adc" instance="1" name="in3"/>
        <signal af="1" driver="tim" instance="2" name="ch4"/>
        <signal af="2" driver="tim" instance="5" name="ch4"/>
        <signal af="3" driver="tim" instance="9" name="ch2"/>
        <signal device-name="11" af="5" driver="i2s" instance="2" name="mck"/>
        <signal af="7" driver="usart" instance="2" name="rx"/>
      </gpio>
      <gpio port="a" pin="4">
        <signal driver="adc" instance="1" name="in4"/>
        <signal device-name="11" af="5" driver="i2s" instance="1" name="ws"/>
        <signal af="5" driver="spi" instance="1" name="nss"/>
        <signal af="6" driver="i2s" instance="3" name="ws"/>
        <signal af="6" driver="spi" instance="3" name="nss"/>
        <signal af="7" driver="usart" instance="2" name="ck"/>
      </gpio>
      <gpio port="a" pin="5">
        <signal driver="adc" instance="1" name="in5"/>
        <signal af="1" driver="tim" instance="2" name="ch1"/>
        <signal af="1" driver="tim" instance="2" name="etr"/>
        <signal device-name="11" af="5" driver="i2s" instance="1" name="ck"/>
        <signal af="5" driver="spi" instance="1" name="sck"/>
      </gpio>
      <gpio port="a" pin="6">
        <signal driver="adc" instance="1" name="in6"/>
        <signal af="1" driver="tim" instance="1" name="bkin"/>
        <signal af="2" driver="tim" instance="3" name="ch1"/>
        <signal af="5" driver="spi" instance="1" name="miso"/>
        <signal device-name="11" af="6" driver="i2s" instance="2" name="mck"/>
        <signal device-name="11" af="12" driver="sdio" name="cmd"/>
      </gpio>
      <gpio port="a" pin="7">
        <signal driver="adc" instance="1" name="in7"/>
        <signal af="1" driver="tim" instance="1" name="ch1n"/>
        <signal af="2" driver="tim" instance="3" name="ch2"/>
        <signal device-name="11" af="5" driver="i2s" instance="1" name="sd"/>
        <signal af="5" driver="spi" instance="1" name="mosi"/>
      </gpio>
      <gpio port="a" pin="8">
        <signal af="0" driver="rcc" name="mco_1"/>
        <signal af="1" driver="tim" instance="1" name="ch1"/>
        <signal af="4" driver="i2c" instance="3" name="scl"/>
        <signal af="7" driver="usart" instance="1" name="ck"/>
        <signal af="10" driver="usb_otg_fs" name="sof"/>
        <signal device-name="11" af="12" driver="sdio" name="d1"/>
      </gpio>
      <gpio port="a" pin="9">
        <signal device-name="01" driver="usb_otg_fs" name="vbus"/>
        <signal af="1" driver="tim" instance="1" name="ch2"/>
        <signal af="4" driver="i2c" instance="3" name="smba"/>
        <signal af="7" driver="usart" instance="1" name="tx"/>
        <signal device-name="11" af="10" driver="usb_otg_fs" name="vbus"/>
        <signal device-name="11" af="12" driver="sdio" name="d2"/>
      </gpio>
      <gpio port="a" pin="10">
        <signal af="1" driver="tim" instance="1" name="ch3"/>
        <signal device-name="11" af="6" driver="i2s" instance="5" name="sd"/>
        <signal device-name="11" af="6" driver="spi" instance="5" name="mosi"/>
        <signal af="7" driver="usart" instance="1" name="rx"/>
        <signal af="10" driver="usb_otg_fs" name="id"/>
      </gpio>
      <gpio port="a" pin="11">
        <signal af="1" driver="tim" instance="1" name="ch4"/>
        <signal device-name="11" af="6" driver="spi" instance="4" name="miso"/>
        <signal af="7" driver="usart" instance="1" name="cts"/>
        <signal af="8" driver="usart" instance="6" name="tx"/>
        <signal af="10" driver="usb_otg_fs" name="dm"/>
      </gpio>
      <gpio port="a" pin="12">
        <signal af="1" driver="tim" instance="1" name="etr"/>
        <signal device-name="11" af="6" driver="spi" instance="5" name="miso"/>
        <signal af="7" driver="usart" instance="1" name="rts"/>
        <signal af="8" driver="usart" instance="6" name="rx"/>
        <signal af="10" driver="usb_otg_fs" name="dp"/>
      </gpio>
      <gpio port="a" pin="13">
        <signal af="0" driver="sys" name="jtms"/>
        <signal af="0" driver="sys" name="swdio"/>
      </gpio>
      <gpio port="a" pin="14">
        <signal af="0" driver="sys" name="jtck"/>
        <signal af="0" driver="sys" name="swclk"/>
      </gpio>
      <gpio port="a" pin="15">
        <signal af="0" driver="sys" name="jtdi"/>
        <signal af="1" driver="tim" instance="2" name="ch1"/>
        <signal af="1" driver="tim" instance="2" name="etr"/>
        <signal device-name="11" af="5" driver="i2s" instance="1" name="ws"/>
        <signal af="5" driver="spi" instance="1" name="nss"/>
        <signal af="6" driver="i2s" instance="3" name="ws"/>
        <signal af="6" driver="spi" instance="3" name="nss"/>
        <signal device-name="11" af="7" driver="usart" instance="1" name="tx"/>
      </gpio>
      <gpio port="b" pin="0">
        <signal driver="adc" instance="1" name="in8"/>
        <signal af="1" driver="tim" instance="1" name="ch2n"/>
        <signal af="2" driver="tim" instance="3" name="ch3"/>
        <signal device-name="11" af="6" driver="i2s" instance="5" name="ck"/>
        <signal device-name="11" af="6" driver="spi" instance="5" name="sck"/>
      </gpio>
      <gpio port="b" pin="1">
        <signal driver="adc" instance="1" name="in9"/>
        <signal af="1" driver="tim" instance="1" name="ch3n"/>
        <signal af="2" driver="tim" instance="3" name="ch4"/>
        <signal device-name="11" af="6" driver="i2s" instance="5" name="ws"/>
        <signal device-name="11" af="6" driver="spi" instance="5" name="nss"/>
      </gpio>
      <gpio port="b" pin="2"/>
      <gpio port="b" pin="3">
        <signal af="0" driver="sys" name="jtdo"/>
        <signal af="0" driver="sys" name="swo"/>
        <signal af="1" driver="tim" instance="2" name="ch2"/>
        <signal device-name="11" af="5" driver="i2s" instance="1" name="ck"/>
        <signal af="5" driver="spi" instance="1" name="sck"/>
        <signal af="6" driver="i2s" instance="3" name="ck"/>
        <signal af="6" driver="spi" instance="3" name="sck"/>
        <signal device-name="11" af="7" driver="usart" instance="1" name="rx"/>
        <signal af="9" driver="i2c" instance="2" name="sda"/>
      </gpio>
      <gpio port="b" pin="4">
        <signal af="0" driver="sys" name="jtrst"/>
        <signal af="2" driver="tim" instance="3" name="ch1"/>
        <signal af="5" driver="spi" instance="1" name="miso"/>
        <signal af="6" driver="spi" instance="3" name="miso"/>
        <signal af="7" driver="i2s" instance="3" name="ext_sd"/>
        <signal af="9" driver="i2c" instance="3" name="sda"/>
        <signal device-name="11" af="12" driver="sdio" name="d0"/>
      </gpio>
      <gpio port="b" pin="5">
        <signal af="2" driver="tim" instance="3" name="ch2"/>
        <signal af="4" driver="i2c" instance="1" name="smba"/>
        <signal device-name="11" af="5" driver="i2s" instance="1" name="sd"/>
        <signal af="5" driver="spi" instance="1" name="mosi"/>
        <signal af="6" driver="i2s" instance="3" name="sd"/>
        <signal af="6" driver="spi" instance="3" name="mosi"/>
        <signal device-name="11" af="12" driver="sdio" name="d3"/>
      </gpio>
      <gpio port="b" pin="6">
        <signal af="2" driver="tim" instance="4" name="ch1"/>
        <signal af="4" driver="i2c" instance="1" name="scl"/>
        <signal af="7" driver="usart" instance="1" name="tx"/>
      </gpio>
      <gpio port="b" pin="7">
        <signal af="2" driver="tim" instance="4" name="ch2"/>
        <signal af="4" driver="i2c" instance="1" name="sda"/>
        <signal af="7" driver="usart" instance="1" name="rx"/>
        <signal device-name="11" af="12" driver="sdio" name="d0"/>
      </gpio>
      <gpio port="b" pin="8">
        <signal af="2" driver="tim" instance="4" name="ch3"/>
        <signal af="3" driver="tim" instance="10" name="ch1"/>
        <signal af="4" driver="i2c" instance="1" name="scl"/>
        <signal device-name="11" af="6" driver="i2s" instance="5" name="sd"/>
        <signal device-name="11" af="6" driver="spi" instance="5" name="mosi"/>
        <signal device-name="11" af="9" driver="i2c" instance="3" name="sda"/>
        <signal device-name="11" device-pin="c" af="12" driver="sdio" name="d4"/>
        <signal device-name="01|11" device-pin="r|v" af="12" driver="sdio" name="d4"/>
      </gpio>
      <gpio port="b" pin="9">
        <signal af="2" driver="tim" instance="4" name="ch4"/>
        <signal af="3" driver="tim" instance="11" name="ch1"/>
        <signal af="4" driver="i2c" instance="1" name="sda"/>
        <signal af="5" driver="i2s" instance="2" name="ws"/>
        <signal af="5" driver="spi" instance="2" name="nss"/>
        <signal device-name="11" af="9" driver="i2c" instance="2" name="sda"/>
        <signal device-name="11" device-pin="c" af="12" driver="sdio" name="d5"/>
        <signal device-name="01|11" device-pin="r|v" af="12" driver="sdio" name="d5"/>
      </gpio>
      <gpio port="b" pin="10">
        <signal af="1" driver="tim" instance="2" name="ch3"/>
        <signal af="4" driver="i2c" instance="2" name="scl"/>
        <signal af="5" driver="i2s" instance="2" name="ck"/>
        <signal af="5" driver="spi" instance="2" name="sck"/>
        <signal device-name="11" af="6" driver="i2s" instance="3" name="mck"/>
        <signal device-name="11" af="12" driver="sdio" name="d7"/>
      </gpio>
      <gpio device-package="h" port="b" pin="11">
        <signal af="1" driver="tim" instance="2" name="ch4"/>
        <signal af="4" driver="i2c" instance="2" name="sda"/>
        <signal device-name="11" device-size="c|e" af="5" driver="i2s" name="ckin"/>
      </gpio>
      <gpio port="b" pin="12">
        <signal af="1" driver="tim" instance="1" name="bkin"/>
        <signal af="4" driver="i2c" instance="2" name="smba"/>
        <signal af="5" driver="i2s" instance="2" name="ws"/>
        <signal af="5" driver="spi" instance="2" name="nss"/>
        <signal device-name="11" af="6" driver="i2s" instance="4" name="ws"/>
        <signal device-name="11" af="6" driver="spi" instance="4" name="nss"/>
        <signal device-name="11" af="7" driver="i2s" instance="3" name="ck"/>
        <signal device-name="11" af="7" driver="spi" instance="3" name="sck"/>
      </gpio>
      <gpio port="b" pin="13">
        <signal af="1" driver="tim" instance="1" name="ch1n"/>
        <signal af="5" driver="i2s" instance="2" name="ck"/>
        <signal af="5" driver="spi" instance="2" name="sck"/>
        <signal device-name="11" af="6" driver="i2s" instance="4" name="ck"/>
        <signal device-name="11" af="6" driver="spi" instance="4" name="sck"/>
      </gpio>
      <gpio port="b" pin="14">
        <signal af="1" driver="tim" instance="1" name="ch2n"/>
        <signal af="5" driver="spi" instance="2" name="miso"/>
        <signal af="6" driver="i2s" instance="2" name="ext_sd"/>
        <signal device-name="11" af="12" driver="sdio" name="d6"/>
      </gpio>
      <gpio port="b" pin="15">
        <signal af="0" driver="rtc" name="refin"/>
        <signal af="1" driver="tim" instance="1" name="ch3n"/>
        <signal af="5" driver="i2s" instance="2" name="sd"/>
        <signal af="5" driver="spi" instance="2" name="mosi"/>
        <signal device-name="11" af="12" driver="sdio" name="ck"/>
      </gpio>
      <gpio device-pin="r|v" port="c" pin="0">
        <signal driver="adc" instance="1" name="in10"/>
      </gpio>
      <gpio device-pin="r|v" port="c" pin="1">
        <signal driver="adc" instance="1" name="in11"/>
      </gpio>
      <gpio device-pin="r|v" port="c" pin="2">
        <signal driver="adc" instance="1" name="in12"/>
        <signal af="5" driver="spi" instance="2" name="miso"/>
        <signal af="6" driver="i2s" instance="2" name="ext_sd"/>
      </gpio>
      <gpio device-pin="r|v" port="c" pin="3">
        <signal driver="adc" instance="1" name="in13"/>
        <signal af="5" driver="i2s" instance="2" name="sd"/>
        <signal af="5" driver="spi" instance="2" name="mosi"/>
      </gpio>
      <gpio device-pin="r|v" port="c" pin="4">
        <signal driver="adc" instance="1" name="in14"/>
      </gpio>
      <gpio device-pin="r|v" port="c" pin="5">
        <signal driver="adc" instance="1" name="in15"/>
      </gpio>
      <gpio device-pin="r|v" port="c" pin="6">
        <signal af="2" driver="tim" instance="3" name="ch1"/>
        <signal af="5" driver="i2s" instance="2" name="mck"/>
        <signal af="8" driver="usart" instance="6" name="tx"/>
        <signal af="12" driver="sdio" name="d6"/>
      </gpio>
      <gpio device-pin="r|v" port="c" pin="7">
        <signal af="2" driver="tim" instance="3" name="ch2"/>
        <signal device-name="11" device-pin="r|v" af="5" driver="i2s" instance="2" name="ck"/>
        <signal device-name="11" device-pin="r|v" af="5" driver="spi" instance="2" name="sck"/>
        <signal af="6" driver="i2s" instance="3" name="mck"/>
        <signal af="8" driver="usart" instance="6" name="rx"/>
        <signal af="12" driver="sdio" name="d7"/>
      </gpio>
      <gpio device-pin="r|v" port="c" pin="8">
        <signal af="2" driver="tim" instance="3" name="ch3"/>
        <signal af="8" driver="usart" instance="6" name="ck"/>
        <signal af="12" driver="sdio" name="d0"/>
      </gpio>
      <gpio device-pin="r|v" port="c" pin="9">
        <signal af="0" driver="rcc" name="mco_2"/>
        <signal af="2" driver="tim" instance="3" name="ch4"/>
        <signal af="4" driver="i2c" instance="3" name="sda"/>
        <signal af="5" driver="i2s" name="ckin"/>
        <signal af="12" driver="sdio" name="d1"/>
      </gpio>
      <gpio device-pin="r|v" port="c" pin="10">
        <signal af="6" driver="i2s" instance="3" name="ck"/>
        <signal af="6" driver="spi" instance="3" name="sck"/>
        <signal af="12" driver="sdio" name="d2"/>
      </gpio>
      <gpio device-pin="r|v" port="c" pin="11">
        <signal af="5" driver="i2s" instance="3" name="ext_sd"/>
        <signal af="6" driver="spi" instance="3" name="miso"/>
        <signal af="12" driver="sdio" name="d3"/>
      </gpio>
      <gpio device-pin="r|v" port="c" pin="12">
        <signal af="6" driver="i2s" instance="3" name="sd"/>
        <signal af="6" driver="spi" instance="3" name="mosi"/>
        <signal af="12" driver="sdio" name="ck"/>
      </gpio>
      <gpio port="c" pin="13">
        <signal driver="rtc" name="af1"/>
      </gpio>
      <gpio port="c" pin="14">
        <signal driver="rcc" name="osc32_in"/>
      </gpio>
      <gpio port="c" pin="15">
        <signal driver="rcc" name="osc32_out"/>
      </gpio>
      <gpio device-pin="v" port="d" pin="0"/>
      <gpio device-pin="v" port="d" pin="1"/>
      <gpio device-pin="r|v" port="d" pin="2">
        <signal af="2" driver="tim" instance="3" name="etr"/>
        <signal af="12" driver="sdio" name="cmd"/>
      </gpio>
      <gpio device-pin="v" port="d" pin="3">
        <signal af="5" driver="i2s" instance="2" name="ck"/>
        <signal af="5" driver="spi" instance="2" name="sck"/>
        <signal af="7" driver="usart" instance="2" name="cts"/>
      </gpio>
      <gpio device-pin="v" port="d" pin="4">
        <signal af="7" driver="usart" instance="2" name="rts"/>
      </gpio>
      <gpio device-pin="v" port="d" pin="5">
        <signal af="7" driver="usart" instance="2" name="tx"/>
      </gpio>
      <gpio device-pin="v" port="d" pin="6">
        <signal af="5" driver="i2s" instance="3" name="sd"/>
        <signal af="5" driver="spi" instance="3" name="mosi"/>
        <signal af="7" driver="usart" instance="2" name="rx"/>
      </gpio>
      <gpio device-pin="v" port="d" pin="7">
        <signal af="7" driver="usart" instance="2" name="ck"/>
      </gpio>
      <gpio device-pin="v" device-package="t" port="d" pin="8"/>
      <gpio device-pin="v" port="d" pin="9"/>
      <gpio device-pin="v" port="d" pin="10"/>
      <gpio device-pin="v" port="d" pin="11"/>
      <gpio device-pin="v" port="d" pin="12">
        <signal af="2" driver="tim" instance="4" name="ch1"/>
      </gpio>
      <gpio device-pin="v" port="d" pin="13">
        <signal af="2" driver="tim" instance="4" name="ch2"/>
      </gpio>
      <gpio device-pin="v" port="d" pin="14">
        <signal af="2" driver="tim" instance="4" name="ch3"/>
      </gpio>
      <gpio device-pin="v" port="d" pin="15">
        <signal af="2" driver="tim" instance="4" name="ch4"/>
      </gpio>
      <gpio device-pin="v" port="e" pin="0">
        <signal af="2" driver="tim" instance="4" name="etr"/>
      </gpio>
      <gpio device-pin="v" port="e" pin="1"/>
      <gpio device-pin="v" port="e" pin="2">
        <signal af="0" driver="sys" name="traceclk"/>
        <signal device-name="11" device-size="c|e" device-package="h|t" af="5" driver="i2s" instance="4" name="ck"/>
        <signal af="5" driver="spi" instance="4" name="sck"/>
        <signal device-name="11" device-size="c|e" device-package="h|t" af="6" driver="i2s" instance="5" name="ck"/>
        <signal device-name="11" device-size="c|e" device-package="h|t" af="6" driver="spi" instance="5" name="sck"/>
      </gpio>
      <gpio device-pin="v" port="e" pin="3">
        <signal af="0" driver="sys" name="traced0"/>
      </gpio>
      <gpio device-pin="v" port="e" pin="4">
        <signal af="0" driver="sys" name="traced1"/>
        <signal device-name="11" device-size="c|e" device-package="h|t" af="5" driver="i2s" instance="4" name="ws"/>
        <signal af="5" driver="spi" instance="4" name="nss"/>
        <signal device-name="11" device-size="c|e" device-package="h|t" af="6" driver="i2s" instance="5" name="ws"/>
        <signal device-name="11" device-size="c|e" device-package="h|t" af="6" driver="spi" instance="5" name="nss"/>
      </gpio>
      <gpio device-pin="v" port="e" pin="5">
        <signal af="0" driver="sys" name="traced2"/>
        <signal af="3" driver="tim" instance="9" name="ch1"/>
        <signal af="5" driver="spi" instance="4" name="miso"/>
        <signal device-name="11" device-size="c|e" device-package="h|t" af="6" driver="spi" instance="5" name="miso"/>
      </gpio>
      <gpio device-pin="v" port="e" pin="6">
        <signal af="0" driver="sys" name="traced3"/>
        <signal af="3" driver="tim" instance="9" name="ch2"/>
        <signal device-name="11" device-size="c|e" device-package="h|t" af="5" driver="i2s" instance="4" name="sd"/>
        <signal af="5" driver="spi" instance="4" name="mosi"/>
        <signal device-name="11" device-size="c|e" device-package="h|t" af="6" driver="i2s" instance="5" name="sd"/>
        <signal device-name="11" device-size="c|e" device-package="h|t" af="6" driver="spi" instance="5" name="mosi"/>
      </gpio>
      <gpio device-pin="v" port="e" pin="7">
        <signal af="1" driver="tim" instance="1" name="etr"/>
      </gpio>
      <gpio device-pin="v" port="e" pin="8">
        <signal af="1" driver="tim" instance="1" name="ch1n"/>
      </gpio>
      <gpio device-pin="v" port="e" pin="9">
        <signal af="1" driver="tim" instance="1" name="ch1"/>
      </gpio>
      <gpio device-pin="v" port="e" pin="10">
        <signal af="1" driver="tim" instance="1" name="ch2n"/>
      </gpio>
      <gpio device-pin="v" port="e" pin="11">
        <signal af="1" driver="tim" instance="1" name="ch2"/>
        <signal device-name="11" device-size="c|e" device-package="h|t" af="5" driver="i2s" instance="4" name="ws"/>
        <signal af="5" driver="spi" instance="4" name="nss"/>
        <signal device-name="11" device-size="c|e" device-package="h|t" af="6" driver="i2s" instance="5" name="ws"/>
        <signal device-name="11" device-size="c|e" device-package="h|t" af="6" driver="spi" instance="5" name="nss"/>
      </gpio>
      <gpio device-pin="v" port="e" pin="12">
        <signal af="1" driver="tim" instance="1" name="ch3n"/>
        <signal device-name="11" device-size="c|e" device-package="h|t" af="5" driver="i2s" instance="4" name="ck"/>
        <signal af="5" driver="spi" instance="4" name="sck"/>
        <signal device-name="11" device-size="c|e" device-package="h|t" af="6" driver="i2s" instance="5" name="ck"/>
        <signal device-name="11" device-size="c|e" device-package="h|t" af="6" driver="spi" instance="5" name="sck"/>
      </gpio>
      <gpio device-pin="v" port="e" pin="13">
        <signal af="1" driver="tim" instance="1" name="ch3"/>
        <signal af="5" driver="spi" instance="4" name="miso"/>
        <signal device-name="11" device-size="c|e" device-package="h|t" af="6" driver="spi" instance="5" name="miso"/>
      </gpio>
      <gpio device-pin="v" port="e" pin="14">
        <signal af="1" driver="tim" instance="1" name="ch4"/>
        <signal device-name="11" device-size="c|e" device-package="h|t" af="5" driver="i2s" instance="4" name="sd"/>
        <signal af="5" driver="spi" instance="4" name="mosi"/>
        <signal device-name="11" device-size="c|e" device-package="h|t" af="6" driver="i2s" instance="5" name="sd"/>
        <signal device-name="11" device-size="c|e" device-package="h|t" af="6" driver="spi" instance="5" name="mosi"/>
      </gpio>
      <gpio device-pin="v" port="e" pin="15">
        <signal af="1" driver="tim" instance="1" name="bkin"/>
      </gpio>
      <gpio port="h" pin="0">
        <signal driver="rcc" name="osc_in"/>
      </gpio>
      <gpio port="h" pin="1">
        <signal driver="rcc" name="osc_out"/>
      </gpio>
    </driver>
  </device>
</modm>
