<?xml version='1.0' encoding='UTF-8'?>
<modm version="0.4.0">
  <!-- WARNING: This file is generated by the modm device file generator. Do not edit! -->
  <device platform="stm32" family="f4" name="10" pin="c|r|t" size="8|b" package="i|t|u|y">
    <naming-schema>{platform}{family}{name}{pin}{size}{package}</naming-schema>
    <valid-device>stm32f410c8t</valid-device>
    <valid-device>stm32f410c8u</valid-device>
    <valid-device>stm32f410cbt</valid-device>
    <valid-device>stm32f410cbu</valid-device>
    <valid-device>stm32f410r8i</valid-device>
    <valid-device>stm32f410r8t</valid-device>
    <valid-device>stm32f410rbi</valid-device>
    <valid-device>stm32f410rbt</valid-device>
    <valid-device>stm32f410t8y</valid-device>
    <valid-device>stm32f410tby</valid-device>
    <driver name="core" type="cortex-m4f">
      <memory device-size="8" name="flash" access="rx" start="0x8000000" size="65536"/>
      <memory device-size="b" name="flash" access="rx" start="0x8000000" size="131072"/>
      <memory name="sram1" access="rwx" start="0x20000000" size="32768"/>
      <vector position="0" name="WWDG"/>
      <vector position="1" name="PVD"/>
      <vector position="2" name="TAMP_STAMP"/>
      <vector position="3" name="RTC_WKUP"/>
      <vector position="4" name="FLASH"/>
      <vector position="5" name="RCC"/>
      <vector position="6" name="EXTI0"/>
      <vector position="7" name="EXTI1"/>
      <vector position="8" name="EXTI2"/>
      <vector position="9" name="EXTI3"/>
      <vector position="10" name="EXTI4"/>
      <vector position="11" name="DMA1_Stream0"/>
      <vector position="12" name="DMA1_Stream1"/>
      <vector position="13" name="DMA1_Stream2"/>
      <vector position="14" name="DMA1_Stream3"/>
      <vector position="15" name="DMA1_Stream4"/>
      <vector position="16" name="DMA1_Stream5"/>
      <vector position="17" name="DMA1_Stream6"/>
      <vector position="18" name="ADC"/>
      <vector position="23" name="EXTI9_5"/>
      <vector position="24" name="TIM1_BRK_TIM9"/>
      <vector position="25" name="TIM1_UP"/>
      <vector position="26" name="TIM1_TRG_COM_TIM11"/>
      <vector position="27" name="TIM1_CC"/>
      <vector position="31" name="I2C1_EV"/>
      <vector position="32" name="I2C1_ER"/>
      <vector position="33" name="I2C2_EV"/>
      <vector position="34" name="I2C2_ER"/>
      <vector position="35" name="SPI1"/>
      <vector device-pin="c|r" position="36" name="SPI2"/>
      <vector position="37" name="USART1"/>
      <vector position="38" name="USART2"/>
      <vector position="40" name="EXTI15_10"/>
      <vector position="41" name="RTC_Alarm"/>
      <vector position="47" name="DMA1_Stream7"/>
      <vector position="50" name="TIM5"/>
      <vector position="54" name="TIM6_DAC"/>
      <vector position="56" name="DMA2_Stream0"/>
      <vector position="57" name="DMA2_Stream1"/>
      <vector position="58" name="DMA2_Stream2"/>
      <vector position="59" name="DMA2_Stream3"/>
      <vector position="60" name="DMA2_Stream4"/>
      <vector position="68" name="DMA2_Stream5"/>
      <vector position="69" name="DMA2_Stream6"/>
      <vector position="70" name="DMA2_Stream7"/>
      <vector device-pin="c|r" position="71" name="USART6"/>
      <vector position="80" name="RNG"/>
      <vector position="81" name="FPU"/>
      <vector device-pin="c|r" position="85" name="SPI5"/>
      <vector position="95" name="FMPI2C1_EV"/>
      <vector position="96" name="FMPI2C1_ER"/>
      <vector position="97" name="LPTIM1"/>
    </driver>
    <driver name="adc" type="stm32">
      <instance value="1"/>
    </driver>
    <driver name="crc" type="stm32"/>
    <driver name="dac" type="stm32">
      <feature value="status"/>
    </driver>
    <driver name="dma" type="stm32-extended">
      <instance value="1"/>
      <instance value="2"/>
    </driver>
    <driver name="flash" type="stm32-v1.0">
      <latency vcore-min="1800">
        <wait-state ws="0" hclk-max="16000000"/>
        <wait-state ws="1" hclk-max="32000000"/>
        <wait-state ws="2" hclk-max="48000000"/>
        <wait-state ws="3" hclk-max="64000000"/>
        <wait-state ws="4" hclk-max="80000000"/>
        <wait-state ws="5" hclk-max="96000000"/>
        <wait-state ws="6" hclk-max="100000000"/>
      </latency>
      <latency vcore-min="2100">
        <wait-state ws="0" hclk-max="18000000"/>
        <wait-state ws="1" hclk-max="36000000"/>
        <wait-state ws="2" hclk-max="54000000"/>
        <wait-state ws="3" hclk-max="72000000"/>
        <wait-state ws="4" hclk-max="90000000"/>
        <wait-state ws="5" hclk-max="100000000"/>
      </latency>
      <latency vcore-min="2400">
        <wait-state ws="0" hclk-max="24000000"/>
        <wait-state ws="1" hclk-max="48000000"/>
        <wait-state ws="2" hclk-max="72000000"/>
        <wait-state ws="3" hclk-max="96000000"/>
        <wait-state ws="4" hclk-max="100000000"/>
      </latency>
      <latency vcore-min="2700">
        <wait-state ws="0" hclk-max="30000000"/>
        <wait-state ws="1" hclk-max="60000000"/>
        <wait-state ws="2" hclk-max="90000000"/>
        <wait-state ws="3" hclk-max="100000000"/>
      </latency>
    </driver>
    <driver name="fmpi2c" type="stm32-v1.1">
      <instance value="1"/>
    </driver>
    <driver name="i2c" type="stm32">
      <instance value="1"/>
      <instance value="2"/>
    </driver>
    <driver name="i2s" type="stm32-v2.4">
      <instance value="1"/>
      <instance device-pin="c|r" value="2"/>
      <instance device-pin="c|r" value="5"/>
    </driver>
    <driver name="iwdg" type="stm32"/>
    <driver name="lptim" type="stm32-v1.1">
      <instance value="1"/>
    </driver>
    <driver name="rcc" type="stm32-v1.0"/>
    <driver name="rng" type="stm32"/>
    <driver name="rtc" type="stm32-v2.3"/>
    <driver name="spi" type="stm32">
      <instance value="1"/>
      <instance device-pin="c|r" value="2"/>
      <instance device-pin="c|r" value="5"/>
    </driver>
    <driver name="sys" type="stm32">
      <feature value="exti"/>
    </driver>
    <driver name="tim" type="stm32-advanced">
      <instance value="1"/>
    </driver>
    <driver name="tim" type="stm32-basic">
      <instance value="6"/>
    </driver>
    <driver name="tim" type="stm32-general-purpose">
      <instance value="5"/>
      <instance value="9"/>
      <instance value="11"/>
    </driver>
    <driver name="usart" type="stm32">
      <feature value="over8"/>
      <instance value="1"/>
      <instance value="2"/>
      <instance device-pin="c|r" value="6"/>
    </driver>
    <driver name="wwdg" type="stm32-v1.0"/>
    <driver name="gpio" type="stm32">
      <gpio port="a" pin="0">
        <signal driver="adc" instance="1" name="in0"/>
        <signal driver="sys" name="wkup1"/>
        <signal af="2" driver="tim" instance="5" name="ch1"/>
        <signal af="7" driver="usart" instance="2" name="cts"/>
      </gpio>
      <gpio device-pin="c|r" port="a" pin="1">
        <signal driver="adc" instance="1" name="in1"/>
        <signal af="2" driver="tim" instance="5" name="ch2"/>
        <signal af="7" driver="usart" instance="2" name="rts"/>
      </gpio>
      <gpio port="a" pin="2">
        <signal driver="adc" instance="1" name="in2"/>
        <signal af="2" driver="tim" instance="5" name="ch3"/>
        <signal af="3" driver="tim" instance="9" name="ch1"/>
        <signal af="5" driver="i2s" name="ckin"/>
        <signal af="7" driver="usart" instance="2" name="tx"/>
      </gpio>
      <gpio port="a" pin="3">
        <signal driver="adc" instance="1" name="in3"/>
        <signal af="2" driver="tim" instance="5" name="ch4"/>
        <signal af="3" driver="tim" instance="9" name="ch2"/>
        <signal device-pin="c|r" af="5" driver="i2s" instance="2" name="mck"/>
        <signal af="7" driver="usart" instance="2" name="rx"/>
      </gpio>
      <gpio device-pin="c|r" port="a" pin="4">
        <signal driver="adc" instance="1" name="in4"/>
        <signal af="5" driver="i2s" instance="1" name="ws"/>
        <signal af="5" driver="spi" instance="1" name="nss"/>
        <signal af="7" driver="usart" instance="2" name="ck"/>
      </gpio>
      <gpio port="a" pin="5">
        <signal driver="adc" instance="1" name="in5"/>
        <signal driver="dac" name="out1"/>
        <signal af="5" driver="i2s" instance="1" name="ck"/>
        <signal af="5" driver="spi" instance="1" name="sck"/>
      </gpio>
      <gpio device-pin="c|r" port="a" pin="6">
        <signal driver="adc" instance="1" name="in6"/>
        <signal af="1" driver="tim" instance="1" name="bkin"/>
        <signal af="5" driver="spi" instance="1" name="miso"/>
        <signal af="6" driver="i2s" instance="2" name="mck"/>
      </gpio>
      <gpio device-pin="c|r" port="a" pin="7">
        <signal driver="adc" instance="1" name="in7"/>
        <signal af="1" driver="tim" instance="1" name="ch1n"/>
        <signal af="5" driver="i2s" instance="1" name="sd"/>
        <signal af="5" driver="spi" instance="1" name="mosi"/>
      </gpio>
      <gpio port="a" pin="8">
        <signal af="0" driver="rcc" name="mco_1"/>
        <signal af="1" driver="tim" instance="1" name="ch1"/>
        <signal af="4" driver="fmpi2c" instance="1" name="scl"/>
        <signal af="7" driver="usart" instance="1" name="ck"/>
      </gpio>
      <gpio device-pin="c|r" port="a" pin="9">
        <signal af="1" driver="tim" instance="1" name="ch2"/>
        <signal af="7" driver="usart" instance="1" name="tx"/>
      </gpio>
      <gpio device-pin="c|r" port="a" pin="10">
        <signal af="1" driver="tim" instance="1" name="ch3"/>
        <signal af="6" driver="i2s" instance="5" name="sd"/>
        <signal af="6" driver="spi" instance="5" name="mosi"/>
        <signal af="7" driver="usart" instance="1" name="rx"/>
      </gpio>
      <gpio device-pin="c|r" port="a" pin="11">
        <signal af="1" driver="tim" instance="1" name="ch4"/>
        <signal af="7" driver="usart" instance="1" name="cts"/>
        <signal af="8" driver="usart" instance="6" name="tx"/>
      </gpio>
      <gpio port="a" pin="12">
        <signal af="1" driver="tim" instance="1" name="etr"/>
        <signal device-pin="c|r" af="6" driver="spi" instance="5" name="miso"/>
        <signal af="7" driver="usart" instance="1" name="rts"/>
        <signal device-pin="c|r" af="8" driver="usart" instance="6" name="rx"/>
      </gpio>
      <gpio port="a" pin="13">
        <signal af="0" driver="sys" name="jtms"/>
        <signal af="0" driver="sys" name="swdio"/>
      </gpio>
      <gpio port="a" pin="14">
        <signal af="0" driver="sys" name="jtck"/>
        <signal af="0" driver="sys" name="swclk"/>
      </gpio>
      <gpio port="a" pin="15">
        <signal af="0" driver="sys" name="jtdi"/>
        <signal af="5" driver="i2s" instance="1" name="ws"/>
        <signal af="5" driver="spi" instance="1" name="nss"/>
        <signal af="7" driver="usart" instance="1" name="tx"/>
      </gpio>
      <gpio device-pin="c|r" port="b" pin="0">
        <signal driver="adc" instance="1" name="in8"/>
        <signal af="1" driver="tim" instance="1" name="ch2n"/>
        <signal af="6" driver="i2s" instance="5" name="ck"/>
        <signal af="6" driver="spi" instance="5" name="sck"/>
      </gpio>
      <gpio device-pin="c|r" port="b" pin="1">
        <signal driver="adc" instance="1" name="in9"/>
        <signal af="1" driver="tim" instance="1" name="ch3n"/>
        <signal af="6" driver="i2s" instance="5" name="ws"/>
        <signal af="6" driver="spi" instance="5" name="nss"/>
      </gpio>
      <gpio port="b" pin="2">
        <signal af="1" driver="lptim" instance="1" name="out"/>
      </gpio>
      <gpio port="b" pin="3">
        <signal af="0" driver="sys" name="jtdo"/>
        <signal af="0" driver="sys" name="swo"/>
        <signal af="4" driver="fmpi2c" instance="1" name="sda"/>
        <signal af="5" driver="i2s" instance="1" name="ck"/>
        <signal af="5" driver="spi" instance="1" name="sck"/>
        <signal af="7" driver="usart" instance="1" name="rx"/>
        <signal af="9" driver="i2c" instance="2" name="sda"/>
      </gpio>
      <gpio port="b" pin="4">
        <signal af="0" driver="sys" name="jtrst"/>
        <signal af="5" driver="spi" instance="1" name="miso"/>
      </gpio>
      <gpio port="b" pin="5">
        <signal af="1" driver="lptim" instance="1" name="in1"/>
        <signal af="4" driver="i2c" instance="1" name="smba"/>
        <signal af="5" driver="i2s" instance="1" name="sd"/>
        <signal af="5" driver="spi" instance="1" name="mosi"/>
      </gpio>
      <gpio port="b" pin="6">
        <signal af="1" driver="lptim" instance="1" name="etr"/>
        <signal af="4" driver="i2c" instance="1" name="scl"/>
        <signal af="7" driver="usart" instance="1" name="tx"/>
      </gpio>
      <gpio port="b" pin="7">
        <signal af="1" driver="lptim" instance="1" name="in2"/>
        <signal af="4" driver="i2c" instance="1" name="sda"/>
        <signal af="7" driver="usart" instance="1" name="rx"/>
      </gpio>
      <gpio port="b" pin="8">
        <signal af="1" driver="lptim" instance="1" name="out"/>
        <signal af="4" driver="i2c" instance="1" name="scl"/>
        <signal device-pin="c|r" af="6" driver="i2s" instance="5" name="sd"/>
        <signal device-pin="c|r" af="6" driver="spi" instance="5" name="mosi"/>
      </gpio>
      <gpio device-pin="c" device-package="u" port="b" pin="9">
        <signal af="3" driver="tim" instance="11" name="ch1"/>
        <signal af="4" driver="i2c" instance="1" name="sda"/>
        <signal af="5" driver="i2s" instance="2" name="ws"/>
        <signal af="5" driver="spi" instance="2" name="nss"/>
        <signal af="9" driver="i2c" instance="2" name="sda"/>
      </gpio>
      <gpio device-pin="r" device-package="i|t" port="b" pin="9">
        <signal af="3" driver="tim" instance="11" name="ch1"/>
        <signal af="4" driver="i2c" instance="1" name="sda"/>
        <signal af="5" driver="i2s" instance="2" name="ws"/>
        <signal af="5" driver="spi" instance="2" name="nss"/>
        <signal af="9" driver="i2c" instance="2" name="sda"/>
      </gpio>
      <gpio port="b" pin="10">
        <signal af="4" driver="i2c" instance="2" name="scl"/>
        <signal device-pin="c|r" af="5" driver="i2s" instance="2" name="ck"/>
        <signal device-pin="c|r" af="5" driver="spi" instance="2" name="sck"/>
        <signal af="6" driver="i2s" instance="1" name="mck"/>
        <signal af="9" driver="fmpi2c" instance="1" name="scl"/>
      </gpio>
      <gpio device-pin="r" port="b" pin="11">
        <signal af="0" driver="sys" name="traced3"/>
        <signal af="2" driver="tim" instance="5" name="ch4"/>
        <signal af="4" driver="i2c" instance="2" name="sda"/>
        <signal af="5" driver="i2s" name="ckin"/>
      </gpio>
      <gpio port="b" pin="12">
        <signal af="1" driver="tim" instance="1" name="bkin"/>
        <signal af="2" driver="tim" instance="5" name="ch1"/>
        <signal af="4" driver="i2c" instance="2" name="smba"/>
        <signal device-pin="c|r" af="5" driver="i2s" instance="2" name="ws"/>
        <signal device-pin="c|r" af="5" driver="spi" instance="2" name="nss"/>
      </gpio>
      <gpio device-pin="c|r" port="b" pin="13">
        <signal af="1" driver="tim" instance="1" name="ch1n"/>
        <signal af="4" driver="fmpi2c" instance="1" name="smba"/>
        <signal af="5" driver="i2s" instance="2" name="ck"/>
        <signal af="5" driver="spi" instance="2" name="sck"/>
      </gpio>
      <gpio device-pin="c|r" port="b" pin="14">
        <signal af="1" driver="tim" instance="1" name="ch2n"/>
        <signal af="4" driver="fmpi2c" instance="1" name="sda"/>
        <signal af="5" driver="spi" instance="2" name="miso"/>
      </gpio>
      <gpio device-pin="c|r" port="b" pin="15">
        <signal af="0" driver="rtc" name="refin"/>
        <signal af="1" driver="tim" instance="1" name="ch3n"/>
        <signal af="4" driver="fmpi2c" instance="1" name="scl"/>
        <signal af="5" driver="i2s" instance="2" name="sd"/>
        <signal af="5" driver="spi" instance="2" name="mosi"/>
      </gpio>
      <gpio device-pin="r" port="c" pin="0">
        <signal driver="adc" instance="1" name="in10"/>
        <signal driver="sys" name="wkup2"/>
        <signal af="1" driver="lptim" instance="1" name="in1"/>
      </gpio>
      <gpio device-pin="r" port="c" pin="1">
        <signal driver="adc" instance="1" name="in11"/>
        <signal driver="sys" name="wkup3"/>
        <signal af="1" driver="lptim" instance="1" name="out"/>
      </gpio>
      <gpio device-pin="r" port="c" pin="2">
        <signal driver="adc" instance="1" name="in12"/>
        <signal af="1" driver="lptim" instance="1" name="in2"/>
        <signal af="5" driver="spi" instance="2" name="miso"/>
      </gpio>
      <gpio device-pin="r" port="c" pin="3">
        <signal driver="adc" instance="1" name="in13"/>
        <signal af="1" driver="lptim" instance="1" name="etr"/>
        <signal af="5" driver="i2s" instance="2" name="sd"/>
        <signal af="5" driver="spi" instance="2" name="mosi"/>
      </gpio>
      <gpio device-pin="r" port="c" pin="4">
        <signal driver="adc" instance="1" name="in14"/>
        <signal af="3" driver="tim" instance="9" name="ch1"/>
      </gpio>
      <gpio device-pin="r" port="c" pin="5">
        <signal driver="adc" instance="1" name="in15"/>
        <signal af="3" driver="tim" instance="9" name="ch2"/>
        <signal af="4" driver="fmpi2c" instance="1" name="smba"/>
      </gpio>
      <gpio device-pin="r" port="c" pin="6">
        <signal af="0" driver="sys" name="traceclk"/>
        <signal af="4" driver="fmpi2c" instance="1" name="scl"/>
        <signal af="5" driver="i2s" instance="2" name="mck"/>
        <signal af="8" driver="usart" instance="6" name="tx"/>
      </gpio>
      <gpio device-pin="r" port="c" pin="7">
        <signal af="4" driver="fmpi2c" instance="1" name="sda"/>
        <signal af="5" driver="i2s" instance="2" name="ck"/>
        <signal af="5" driver="spi" instance="2" name="sck"/>
        <signal af="6" driver="i2s" instance="1" name="mck"/>
        <signal af="8" driver="usart" instance="6" name="rx"/>
      </gpio>
      <gpio device-pin="r" port="c" pin="8">
        <signal af="8" driver="usart" instance="6" name="ck"/>
      </gpio>
      <gpio device-pin="r" port="c" pin="9">
        <signal af="0" driver="rcc" name="mco_2"/>
        <signal af="4" driver="fmpi2c" instance="1" name="sda"/>
        <signal af="5" driver="i2s" name="ckin"/>
      </gpio>
      <gpio device-pin="r" port="c" pin="10">
        <signal af="0" driver="sys" name="traced0"/>
        <signal af="2" driver="tim" instance="5" name="ch2"/>
      </gpio>
      <gpio device-pin="r" port="c" pin="11">
        <signal af="0" driver="sys" name="traced1"/>
        <signal af="2" driver="tim" instance="5" name="ch3"/>
      </gpio>
      <gpio device-pin="r" port="c" pin="12">
        <signal af="0" driver="sys" name="traced2"/>
        <signal af="3" driver="tim" instance="11" name="ch1"/>
      </gpio>
      <gpio port="c" pin="13">
        <signal driver="rtc" name="af1"/>
      </gpio>
      <gpio port="c" pin="14">
        <signal driver="rcc" name="osc32_in"/>
      </gpio>
      <gpio port="c" pin="15">
        <signal driver="rcc" name="osc32_out"/>
      </gpio>
      <gpio port="h" pin="0">
        <signal driver="rcc" name="osc_in"/>
      </gpio>
      <gpio port="h" pin="1">
        <signal driver="rcc" name="osc_out"/>
      </gpio>
    </driver>
  </device>
</modm>
