<?xml version='1.0' encoding='UTF-8'?>
<modm version="0.4.0">
  <!-- WARNING: This file is generated by the modm device file generator. Do not edit! -->
  <device platform="stm32" family="f3" name="03" pin="c|k|r" size="6|8" package="t|u|y">
    <naming-schema>{platform}{family}{name}{pin}{size}{package}</naming-schema>
    <valid-device>stm32f303c6t</valid-device>
    <valid-device>stm32f303c8t</valid-device>
    <valid-device>stm32f303c8y</valid-device>
    <valid-device>stm32f303k6t</valid-device>
    <valid-device>stm32f303k6u</valid-device>
    <valid-device>stm32f303k8t</valid-device>
    <valid-device>stm32f303k8u</valid-device>
    <valid-device>stm32f303r6t</valid-device>
    <valid-device>stm32f303r8t</valid-device>
    <driver name="core" type="cortex-m4f">
      <memory device-size="6" name="flash" access="rx" start="0x8000000" size="32768"/>
      <memory device-size="8" name="flash" access="rx" start="0x8000000" size="65536"/>
      <memory name="ccm" access="rwx" start="0x10000000" size="4096"/>
      <memory name="sram1" access="rwx" start="0x20000000" size="12288"/>
      <vector position="0" name="WWDG"/>
      <vector position="1" name="PVD"/>
      <vector position="2" name="TAMP_STAMP"/>
      <vector position="3" name="RTC_WKUP"/>
      <vector position="4" name="FLASH"/>
      <vector position="5" name="RCC"/>
      <vector position="6" name="EXTI0"/>
      <vector position="7" name="EXTI1"/>
      <vector position="8" name="EXTI2_TSC"/>
      <vector position="9" name="EXTI3"/>
      <vector position="10" name="EXTI4"/>
      <vector position="11" name="DMA1_Channel1"/>
      <vector position="12" name="DMA1_Channel2"/>
      <vector position="13" name="DMA1_Channel3"/>
      <vector position="14" name="DMA1_Channel4"/>
      <vector position="15" name="DMA1_Channel5"/>
      <vector position="16" name="DMA1_Channel6"/>
      <vector position="17" name="DMA1_Channel7"/>
      <vector position="18" name="ADC1_2"/>
      <vector position="19" name="CAN_TX"/>
      <vector position="20" name="CAN_RX0"/>
      <vector position="21" name="CAN_RX1"/>
      <vector position="22" name="CAN_SCE"/>
      <vector position="23" name="EXTI9_5"/>
      <vector position="24" name="TIM1_BRK_TIM15"/>
      <vector position="25" name="TIM1_UP_TIM16"/>
      <vector position="26" name="TIM1_TRG_COM_TIM17"/>
      <vector position="27" name="TIM1_CC"/>
      <vector position="28" name="TIM2"/>
      <vector position="29" name="TIM3"/>
      <vector position="31" name="I2C1_EV"/>
      <vector position="32" name="I2C1_ER"/>
      <vector position="35" name="SPI1"/>
      <vector position="37" name="USART1"/>
      <vector position="38" name="USART2"/>
      <vector position="39" name="USART3"/>
      <vector position="40" name="EXTI15_10"/>
      <vector position="41" name="RTC_Alarm"/>
      <vector position="54" name="TIM6_DAC1"/>
      <vector position="55" name="TIM7_DAC2"/>
      <vector position="64" name="COMP2"/>
      <vector position="65" name="COMP4_6"/>
      <vector position="81" name="FPU"/>
    </driver>
    <driver name="adc" type="stm32-f3">
      <instance value="1"/>
      <instance value="2"/>
    </driver>
    <driver name="can" type="stm32">
      <feature value="filter-28"/>
    </driver>
    <driver name="comp" type="stm32-v1.0">
      <instance value="2"/>
      <instance value="4"/>
      <instance device-pin="c|r" value="6"/>
    </driver>
    <driver name="crc" type="stm32">
      <feature value="polynomial"/>
      <feature value="reverse"/>
    </driver>
    <driver name="dac" type="stm32">
      <feature value="status"/>
      <instance value="1"/>
      <instance value="2"/>
    </driver>
    <driver name="dma" type="stm32">
      <instance value="1"/>
    </driver>
    <driver name="flash" type="stm32-v1.0">
      <latency vcore-min="1800">
        <wait-state ws="0" hclk-max="24000000"/>
        <wait-state ws="1" hclk-max="48000000"/>
        <wait-state ws="2" hclk-max="72000000"/>
      </latency>
    </driver>
    <driver name="i2c" type="stm32-extended">
      <feature value="dnf"/>
      <feature value="fmp"/>
      <instance value="1"/>
    </driver>
    <driver name="irtim" type="stm32-v1.0"/>
    <driver name="iwdg" type="stm32">
      <feature value="window"/>
    </driver>
    <driver name="opamp" type="stm32-v1.0">
      <instance value="2"/>
    </driver>
    <driver name="rcc" type="stm32-v1.0"/>
    <driver name="rtc" type="stm32-v2.4"/>
    <driver name="spi" type="stm32">
      <feature value="data-size"/>
      <feature value="fifo"/>
      <feature value="nss-pulse"/>
      <instance value="1"/>
    </driver>
    <driver name="sys" type="stm32">
      <feature value="ccm-wp"/>
      <feature value="cfgr2"/>
      <feature value="exti"/>
      <feature value="fpu"/>
    </driver>
    <driver name="tim" type="stm32-advanced">
      <instance value="1"/>
    </driver>
    <driver name="tim" type="stm32-basic">
      <instance value="6"/>
      <instance value="7"/>
    </driver>
    <driver name="tim" type="stm32-general-purpose">
      <instance value="2"/>
      <instance value="3"/>
      <instance value="15"/>
      <instance value="16"/>
      <instance value="17"/>
    </driver>
    <driver name="tsc" type="stm32-v1.0"/>
    <driver name="usart" type="stm32-extended">
      <feature value="wakeup"/>
      <instance value="1"/>
      <instance value="2"/>
      <instance device-pin="c|r" value="3"/>
    </driver>
    <driver name="wwdg" type="stm32-v1.0"/>
    <driver name="gpio" type="stm32">
      <gpio port="a" pin="0">
        <signal driver="adc" instance="1" name="in1"/>
        <signal driver="rtc" name="tamp2"/>
        <signal driver="sys" name="wkup1"/>
        <signal af="1" driver="tim" instance="2" name="ch1"/>
        <signal af="1" driver="tim" instance="2" name="etr"/>
        <signal af="3" driver="tsc" name="g1_io1"/>
        <signal af="7" driver="usart" instance="2" name="cts"/>
      </gpio>
      <gpio port="a" pin="1">
        <signal driver="adc" instance="1" name="in2"/>
        <signal driver="rtc" name="refin"/>
        <signal af="1" driver="tim" instance="2" name="ch2"/>
        <signal af="3" driver="tsc" name="g1_io2"/>
        <signal af="7" driver="usart" instance="2" name="de"/>
        <signal af="7" driver="usart" instance="2" name="rts"/>
        <signal af="9" driver="tim" instance="15" name="ch1n"/>
      </gpio>
      <gpio port="a" pin="2">
        <signal driver="adc" instance="1" name="in3"/>
        <signal driver="comp" instance="2" name="inm"/>
        <signal af="1" driver="tim" instance="2" name="ch3"/>
        <signal af="3" driver="tsc" name="g1_io3"/>
        <signal af="7" driver="usart" instance="2" name="tx"/>
        <signal af="8" driver="comp" instance="2" name="out"/>
        <signal af="9" driver="tim" instance="15" name="ch1"/>
      </gpio>
      <gpio port="a" pin="3">
        <signal driver="adc" instance="1" name="in4"/>
        <signal af="1" driver="tim" instance="2" name="ch4"/>
        <signal af="3" driver="tsc" name="g1_io4"/>
        <signal af="7" driver="usart" instance="2" name="rx"/>
        <signal af="9" driver="tim" instance="15" name="ch2"/>
      </gpio>
      <gpio port="a" pin="4">
        <signal driver="adc" instance="2" name="in1"/>
        <signal driver="comp" instance="2" name="inm"/>
        <signal driver="comp" instance="4" name="inm"/>
        <signal device-pin="c|r" driver="comp" instance="6" name="inm"/>
        <signal driver="dac" instance="1" name="out1"/>
        <signal af="2" driver="tim" instance="3" name="ch2"/>
        <signal af="3" driver="tsc" name="g2_io1"/>
        <signal af="5" driver="spi" instance="1" name="nss"/>
        <signal af="7" driver="usart" instance="2" name="ck"/>
      </gpio>
      <gpio port="a" pin="5">
        <signal driver="adc" instance="2" name="in2"/>
        <signal driver="dac" instance="1" name="out2"/>
        <signal driver="opamp" instance="2" name="vinm"/>
        <signal driver="opamp" instance="2" name="vinm_sec"/>
        <signal af="1" driver="tim" instance="2" name="ch1"/>
        <signal af="1" driver="tim" instance="2" name="etr"/>
        <signal af="3" driver="tsc" name="g2_io2"/>
        <signal af="5" driver="spi" instance="1" name="sck"/>
      </gpio>
      <gpio port="a" pin="6">
        <signal driver="adc" instance="2" name="in3"/>
        <signal driver="dac" instance="2" name="out1"/>
        <signal driver="opamp" instance="2" name="vout"/>
        <signal af="1" driver="tim" instance="16" name="ch1"/>
        <signal af="2" driver="tim" instance="3" name="ch1"/>
        <signal af="3" driver="tsc" name="g2_io3"/>
        <signal af="5" driver="spi" instance="1" name="miso"/>
        <signal af="6" driver="tim" instance="1" name="bkin"/>
      </gpio>
      <gpio port="a" pin="7">
        <signal driver="adc" instance="2" name="in4"/>
        <signal driver="comp" instance="2" name="inp"/>
        <signal driver="opamp" instance="2" name="vinp"/>
        <signal driver="opamp" instance="2" name="vinp_sec"/>
        <signal af="1" driver="tim" instance="17" name="ch1"/>
        <signal af="2" driver="tim" instance="3" name="ch2"/>
        <signal af="3" driver="tsc" name="g2_io4"/>
        <signal af="5" driver="spi" instance="1" name="mosi"/>
        <signal af="6" driver="tim" instance="1" name="ch1n"/>
      </gpio>
      <gpio port="a" pin="8">
        <signal af="0" driver="rcc" name="mco"/>
        <signal af="6" driver="tim" instance="1" name="ch1"/>
        <signal af="7" driver="usart" instance="1" name="ck"/>
      </gpio>
      <gpio port="a" pin="9">
        <signal af="3" driver="tsc" name="g4_io1"/>
        <signal af="6" driver="tim" instance="1" name="ch2"/>
        <signal af="7" driver="usart" instance="1" name="tx"/>
        <signal af="9" driver="tim" instance="15" name="bkin"/>
        <signal af="10" driver="tim" instance="2" name="ch3"/>
      </gpio>
      <gpio port="a" pin="10">
        <signal af="1" driver="tim" instance="17" name="bkin"/>
        <signal af="3" driver="tsc" name="g4_io2"/>
        <signal af="6" driver="tim" instance="1" name="ch3"/>
        <signal af="7" driver="usart" instance="1" name="rx"/>
        <signal device-pin="c|r" af="8" driver="comp" instance="6" name="out"/>
        <signal af="10" driver="tim" instance="2" name="ch4"/>
      </gpio>
      <gpio port="a" pin="11">
        <signal af="6" driver="tim" instance="1" name="ch1n"/>
        <signal af="7" driver="usart" instance="1" name="cts"/>
        <signal af="9" driver="can" name="rx"/>
        <signal af="11" driver="tim" instance="1" name="ch4"/>
        <signal af="12" driver="tim" instance="1" name="bkin2"/>
      </gpio>
      <gpio port="a" pin="12">
        <signal af="1" driver="tim" instance="16" name="ch1"/>
        <signal af="6" driver="tim" instance="1" name="ch2n"/>
        <signal af="7" driver="usart" instance="1" name="de"/>
        <signal af="7" driver="usart" instance="1" name="rts"/>
        <signal af="8" driver="comp" instance="2" name="out"/>
        <signal af="9" driver="can" name="tx"/>
        <signal af="11" driver="tim" instance="1" name="etr"/>
      </gpio>
      <gpio port="a" pin="13">
        <signal af="0" driver="sys" name="jtms"/>
        <signal af="0" driver="sys" name="swdio"/>
        <signal af="1" driver="tim" instance="16" name="ch1n"/>
        <signal af="3" driver="tsc" name="g4_io3"/>
        <signal af="5" name="ir_out"/>
        <signal device-pin="c|r" af="7" driver="usart" instance="3" name="cts"/>
      </gpio>
      <gpio port="a" pin="14">
        <signal af="0" driver="sys" name="jtck"/>
        <signal af="0" driver="sys" name="swclk"/>
        <signal af="3" driver="tsc" name="g4_io4"/>
        <signal af="4" driver="i2c" instance="1" name="sda"/>
        <signal af="6" driver="tim" instance="1" name="bkin"/>
        <signal af="7" driver="usart" instance="2" name="tx"/>
      </gpio>
      <gpio port="a" pin="15">
        <signal af="0" driver="sys" name="jtdi"/>
        <signal af="1" driver="tim" instance="2" name="ch1"/>
        <signal af="1" driver="tim" instance="2" name="etr"/>
        <signal af="3" driver="tsc" name="sync"/>
        <signal af="4" driver="i2c" instance="1" name="scl"/>
        <signal af="5" driver="spi" instance="1" name="nss"/>
        <signal af="7" driver="usart" instance="2" name="rx"/>
        <signal af="9" driver="tim" instance="1" name="bkin"/>
      </gpio>
      <gpio port="b" pin="0">
        <signal driver="adc" instance="1" name="in11"/>
        <signal driver="comp" instance="4" name="inp"/>
        <signal driver="opamp" instance="2" name="vinp"/>
        <signal driver="opamp" instance="2" name="vinp_sec"/>
        <signal af="2" driver="tim" instance="3" name="ch3"/>
        <signal af="3" driver="tsc" name="g3_io2"/>
        <signal af="6" driver="tim" instance="1" name="ch2n"/>
      </gpio>
      <gpio device-package="t|y" port="b" pin="1">
        <signal driver="adc" instance="1" name="in12"/>
        <signal af="2" driver="tim" instance="3" name="ch4"/>
        <signal af="3" driver="tsc" name="g3_io3"/>
        <signal af="6" driver="tim" instance="1" name="ch3n"/>
        <signal af="8" driver="comp" instance="4" name="out"/>
      </gpio>
      <gpio device-pin="c|r" port="b" pin="2">
        <signal driver="adc" instance="2" name="in12"/>
        <signal driver="comp" instance="4" name="inm"/>
        <signal af="3" driver="tsc" name="g3_io4"/>
      </gpio>
      <gpio port="b" pin="3">
        <signal af="0" driver="sys" name="jtdo"/>
        <signal af="0" driver="sys" name="traceswo"/>
        <signal af="1" driver="tim" instance="2" name="ch2"/>
        <signal af="3" driver="tsc" name="g5_io1"/>
        <signal af="5" driver="spi" instance="1" name="sck"/>
        <signal af="7" driver="usart" instance="2" name="tx"/>
        <signal af="10" driver="tim" instance="3" name="etr"/>
      </gpio>
      <gpio port="b" pin="4">
        <signal af="0" driver="sys" name="njtrst"/>
        <signal af="1" driver="tim" instance="16" name="ch1"/>
        <signal af="2" driver="tim" instance="3" name="ch1"/>
        <signal af="3" driver="tsc" name="g5_io2"/>
        <signal af="5" driver="spi" instance="1" name="miso"/>
        <signal af="7" driver="usart" instance="2" name="rx"/>
        <signal af="10" driver="tim" instance="17" name="bkin"/>
      </gpio>
      <gpio port="b" pin="5">
        <signal af="1" driver="tim" instance="16" name="bkin"/>
        <signal af="2" driver="tim" instance="3" name="ch2"/>
        <signal af="4" driver="i2c" instance="1" name="smba"/>
        <signal af="5" driver="spi" instance="1" name="mosi"/>
        <signal af="7" driver="usart" instance="2" name="ck"/>
        <signal af="10" driver="tim" instance="17" name="ch1"/>
      </gpio>
      <gpio port="b" pin="6">
        <signal af="1" driver="tim" instance="16" name="ch1n"/>
        <signal af="3" driver="tsc" name="g5_io3"/>
        <signal af="4" driver="i2c" instance="1" name="scl"/>
        <signal af="7" driver="usart" instance="1" name="tx"/>
      </gpio>
      <gpio port="b" pin="7">
        <signal af="1" driver="tim" instance="17" name="ch1n"/>
        <signal af="3" driver="tsc" name="g5_io4"/>
        <signal af="4" driver="i2c" instance="1" name="sda"/>
        <signal af="7" driver="usart" instance="1" name="rx"/>
        <signal af="10" driver="tim" instance="3" name="ch4"/>
      </gpio>
      <gpio device-pin="c|r" port="b" pin="8">
        <signal af="1" driver="tim" instance="16" name="ch1"/>
        <signal af="3" driver="tsc" name="sync"/>
        <signal af="4" driver="i2c" instance="1" name="scl"/>
        <signal af="7" driver="usart" instance="3" name="rx"/>
        <signal af="9" driver="can" name="rx"/>
        <signal af="12" driver="tim" instance="1" name="bkin"/>
      </gpio>
      <gpio device-pin="c|r" port="b" pin="9">
        <signal af="1" driver="tim" instance="17" name="ch1"/>
        <signal af="4" driver="i2c" instance="1" name="sda"/>
        <signal af="6" name="ir_out"/>
        <signal af="7" driver="usart" instance="3" name="tx"/>
        <signal af="8" driver="comp" instance="2" name="out"/>
        <signal af="9" driver="can" name="tx"/>
      </gpio>
      <gpio device-pin="c|r" port="b" pin="10">
        <signal af="1" driver="tim" instance="2" name="ch3"/>
        <signal af="3" driver="tsc" name="sync"/>
        <signal af="7" driver="usart" instance="3" name="tx"/>
      </gpio>
      <gpio device-pin="c|r" port="b" pin="11">
        <signal driver="comp" instance="6" name="inp"/>
        <signal af="1" driver="tim" instance="2" name="ch4"/>
        <signal af="3" driver="tsc" name="g6_io1"/>
        <signal af="7" driver="usart" instance="3" name="rx"/>
      </gpio>
      <gpio device-pin="c|r" port="b" pin="12">
        <signal driver="adc" instance="2" name="in13"/>
        <signal af="3" driver="tsc" name="g6_io2"/>
        <signal af="6" driver="tim" instance="1" name="bkin"/>
        <signal af="7" driver="usart" instance="3" name="ck"/>
      </gpio>
      <gpio device-pin="c|r" port="b" pin="13">
        <signal driver="adc" instance="1" name="in13"/>
        <signal af="3" driver="tsc" name="g6_io3"/>
        <signal af="6" driver="tim" instance="1" name="ch1n"/>
        <signal af="7" driver="usart" instance="3" name="cts"/>
      </gpio>
      <gpio device-pin="c|r" port="b" pin="14">
        <signal driver="adc" instance="2" name="in14"/>
        <signal driver="opamp" instance="2" name="vinp"/>
        <signal driver="opamp" instance="2" name="vinp_sec"/>
        <signal af="1" driver="tim" instance="15" name="ch1"/>
        <signal af="3" driver="tsc" name="g6_io4"/>
        <signal af="6" driver="tim" instance="1" name="ch2n"/>
        <signal af="7" driver="usart" instance="3" name="de"/>
        <signal af="7" driver="usart" instance="3" name="rts"/>
      </gpio>
      <gpio device-pin="c|r" port="b" pin="15">
        <signal driver="adc" instance="2" name="in15"/>
        <signal driver="comp" instance="6" name="inm"/>
        <signal driver="rtc" name="refin"/>
        <signal af="1" driver="tim" instance="15" name="ch2"/>
        <signal af="2" driver="tim" instance="15" name="ch1n"/>
        <signal af="4" driver="tim" instance="1" name="ch3n"/>
      </gpio>
      <gpio device-pin="r" port="c" pin="0">
        <signal driver="adc" instance="1" name="in6"/>
        <signal driver="adc" instance="2" name="in6"/>
        <signal af="2" driver="tim" instance="1" name="ch1"/>
      </gpio>
      <gpio device-pin="r" port="c" pin="1">
        <signal driver="adc" instance="1" name="in7"/>
        <signal driver="adc" instance="2" name="in7"/>
        <signal af="2" driver="tim" instance="1" name="ch2"/>
      </gpio>
      <gpio device-pin="r" port="c" pin="2">
        <signal driver="adc" instance="1" name="in8"/>
        <signal driver="adc" instance="2" name="in8"/>
        <signal af="2" driver="tim" instance="1" name="ch3"/>
      </gpio>
      <gpio device-pin="c" device-package="y" port="c" pin="3">
        <signal driver="adc" instance="1" name="in9"/>
        <signal driver="adc" instance="2" name="in9"/>
        <signal af="2" driver="tim" instance="1" name="ch4"/>
        <signal af="6" driver="tim" instance="1" name="bkin2"/>
      </gpio>
      <gpio device-pin="r" device-package="t" port="c" pin="3">
        <signal driver="adc" instance="1" name="in9"/>
        <signal driver="adc" instance="2" name="in9"/>
        <signal af="2" driver="tim" instance="1" name="ch4"/>
        <signal af="6" driver="tim" instance="1" name="bkin2"/>
      </gpio>
      <gpio device-pin="c" device-package="y" port="c" pin="4">
        <signal driver="adc" instance="2" name="in5"/>
        <signal af="2" driver="tim" instance="1" name="etr"/>
        <signal af="7" driver="usart" instance="1" name="tx"/>
      </gpio>
      <gpio device-pin="r" device-package="t" port="c" pin="4">
        <signal driver="adc" instance="2" name="in5"/>
        <signal af="2" driver="tim" instance="1" name="etr"/>
        <signal af="7" driver="usart" instance="1" name="tx"/>
      </gpio>
      <gpio device-pin="c" device-package="y" port="c" pin="5">
        <signal driver="adc" instance="2" name="in11"/>
        <signal driver="opamp" instance="2" name="vinm"/>
        <signal driver="opamp" instance="2" name="vinm_sec"/>
        <signal af="2" driver="tim" instance="15" name="bkin"/>
        <signal af="3" driver="tsc" name="g3_io1"/>
        <signal af="7" driver="usart" instance="1" name="rx"/>
      </gpio>
      <gpio device-pin="r" device-package="t" port="c" pin="5">
        <signal driver="adc" instance="2" name="in11"/>
        <signal driver="opamp" instance="2" name="vinm"/>
        <signal driver="opamp" instance="2" name="vinm_sec"/>
        <signal af="2" driver="tim" instance="15" name="bkin"/>
        <signal af="3" driver="tsc" name="g3_io1"/>
        <signal af="7" driver="usart" instance="1" name="rx"/>
      </gpio>
      <gpio device-pin="r" port="c" pin="6">
        <signal af="2" driver="tim" instance="3" name="ch1"/>
        <signal af="7" driver="comp" instance="6" name="out"/>
      </gpio>
      <gpio device-pin="c" device-package="y" port="c" pin="7">
        <signal af="2" driver="tim" instance="3" name="ch2"/>
      </gpio>
      <gpio device-pin="r" device-package="t" port="c" pin="7">
        <signal af="2" driver="tim" instance="3" name="ch2"/>
      </gpio>
      <gpio device-pin="r" port="c" pin="8">
        <signal af="2" driver="tim" instance="3" name="ch3"/>
      </gpio>
      <gpio device-pin="r" port="c" pin="9">
        <signal af="2" driver="tim" instance="3" name="ch4"/>
      </gpio>
      <gpio device-pin="r" port="c" pin="10">
        <signal af="7" driver="usart" instance="3" name="tx"/>
      </gpio>
      <gpio device-pin="r" port="c" pin="11">
        <signal af="7" driver="usart" instance="3" name="rx"/>
      </gpio>
      <gpio device-pin="r" port="c" pin="12">
        <signal af="7" driver="usart" instance="3" name="ck"/>
      </gpio>
      <gpio device-pin="c|r" device-package="t" port="c" pin="13">
        <signal driver="rtc" name="out_alarm"/>
        <signal driver="rtc" name="out_calib"/>
        <signal driver="rtc" name="tamp1"/>
        <signal driver="rtc" name="ts"/>
        <signal driver="sys" name="wkup2"/>
        <signal af="4" driver="tim" instance="1" name="ch1n"/>
      </gpio>
      <gpio device-pin="c|r" device-package="t" port="c" pin="14">
        <signal driver="rcc" name="osc32_in"/>
      </gpio>
      <gpio device-pin="c|r" device-package="t" port="c" pin="15">
        <signal driver="rcc" name="osc32_out"/>
      </gpio>
      <gpio device-pin="r" port="d" pin="2">
        <signal af="2" driver="tim" instance="3" name="etr"/>
      </gpio>
      <gpio port="f" pin="0">
        <signal driver="rcc" name="osc_in"/>
        <signal af="6" driver="tim" instance="1" name="ch3n"/>
      </gpio>
      <gpio port="f" pin="1">
        <signal driver="rcc" name="osc_out"/>
      </gpio>
    </driver>
  </device>
</modm>
