<library>
  <options>
    <option name="modm:target">atmega644</option>
    <option name="modm:platform:clock:f_cpu">14745600</option>
    <option name="modm:build:build.path">../../../../build/avr/can/mcp2515_uart</option>
  </options>
  <modules>
    <module>modm:architecture:interrupt</module>
    <module>modm:driver:mcp2515</module>
    <module>modm:platform:clock</module>
    <module>modm:platform:core</module>
    <module>modm:platform:gpio</module>
    <module>modm:platform:spi.bitbang</module>
    <module>modm:platform:uart:0</module>
    <module>modm:processing:timer</module>
    <module>modm:build:scons</module>
  </modules>
</library>
