<library>
  <options>
    <option name="modm:target">atmega644</option>
    <option name="modm:platform:clock:f_cpu">14745600</option>
    <option name="modm:build:build.path">../../../../../build/avr/display/dogm128/caged_ball</option>
  </options>
  <modules>
    <module>modm:driver:ea_dog</module>
    <module>modm:platform:clock</module>
    <module>modm:platform:core</module>
    <module>modm:platform:gpio</module>
    <module>modm:platform:spi.bitbang</module>
    <module>modm:build:scons</module>
  </modules>
</library>
