<library>
  <options>
    <option name="modm:target">atmega644</option>
    <option name="modm:platform:clock:f_cpu">14745600</option>
    <option name="modm:build:build.path">../../../../build/avr/xpcc/sender</option>
    <option name="modm::xpcc:generator:source">../../../xpcc/xml/communication.xml</option>
    <option name="modm::xpcc:generator:container">sender</option>
  </options>
  <modules>
    <module>modm:communication:xpcc:generator</module>
    <module>modm:debug</module>
    <module>modm:driver:mcp2515</module>
    <module>modm:platform:clock</module>
    <module>modm:platform:core</module>
    <module>modm:platform:gpio</module>
    <module>modm:platform:spi.bitbang</module>
    <module>modm:platform:uart:0</module>
    <module>modm:build:scons</module>
  </modules>
</library>
