<library>
  <extends>modm:disco-f303vc</extends>
  <options>
    <option name="modm:build:build.path">../../../../build/stm32f3_discovery/adc/continous</option>
  </options>
  <modules>
    <module>modm:debug</module>
    <module>modm:platform:adc:1</module>
    <module>modm:platform:adc:2</module>
    <module>modm:platform:adc:3</module>
    <module>modm:platform:adc:4</module>
    <module>modm:platform:gpio</module>
    <module>modm:platform:uart:2</module>
    <module>modm:build:scons</module>
  </modules>
</library>
