<library>
  <options>
    <option name="modm:target">hosted-linux</option>
    <option name="modm:build:build.path">../../../../build/linux/xpcc/basic</option>
    <option name="modm:communication:xpcc:generator:source">../../../xpcc/xml/communication.xml</option>
    <option name="modm:communication:xpcc:generator:container">sender receiver</option>
  </options>
  <modules>
    <module>modm:platform:core</module>
    <module>modm:communication:xpcc:generator</module>
    <module>modm:debug</module>
    <module>modm:build:scons</module>
  </modules>
</library>
