<library>
  <options>
    <option name="modm:target">hosted-linux</option>
    <option name="modm:build:build.path">../../../build/zmq/3_zmq_app</option>
    <option name="modm:communication:xpcc:generator:source">../../xpcc/xml/communication.xml</option>
    <option name="modm:communication:xpcc:generator:container">gui</option>
  </options>
  <modules>
    <module>modm:communication:xpcc:generator</module>
    <module>modm:debug</module>
    <module>modm:platform:core</module>
    <module>modm:build:scons</module>
  </modules>
</library>
