<library>
  <extends>modm:disco-f407vg</extends>
  <options>
    <option name="modm:build:build.path">../../../build/stm32f4_discovery/timer</option>
    <option name="modm:ui:led:gamma">2.2,2.0</option>
    <option name="modm:ui:led:bit">14,8,16</option>
    <option name="modm:ui:led:range">10,100,256</option>
  </options>
  <modules>
    <module>modm:platform:timer:4</module>
    <module>modm:ui:led</module>
    <module>modm:ui:animation</module>
    <module>modm:build:scons</module>
  </modules>
</library>
