<?xml version='1.0' encoding='UTF-8'?>
<modm version="0.4.0">
  <!-- WARNING: This file is generated by the modm device file generator. Do not edit! -->
  <device platform="avr" family="90" name="82|162" type="usb">
    <naming-schema>at{family}{type}{name}</naming-schema>
    <attribute-mcu device-name="162" value="usb162"/>
    <attribute-mcu device-name="82" value="usb82"/>
    <driver name="core" type="avr8">
      <memory name="eeprom" size="512"/>
      <memory device-name="82" name="flash" size="8192"/>
      <memory device-name="162" name="flash" size="16384"/>
      <memory name="ram" size="512"/>
    </driver>
    <driver name="ac" type="avr"/>
    <driver name="clock" type="avr"/>
    <driver name="eeprom" type="avr"/>
    <driver name="pll" type="avr"/>
    <driver name="ps2" type="avr"/>
    <driver name="spi" type="avr"/>
    <driver name="tc" type="tc16">
      <instance value="1"/>
    </driver>
    <driver name="tc" type="tc8">
      <instance value="0"/>
    </driver>
    <driver name="usart" type="avr">
      <instance value="1"/>
    </driver>
    <driver name="usb_device" type="avr"/>
    <driver name="wdt" type="avr"/>
    <driver name="gpio" type="avr">
      <gpio port="B" pin="0"/>
      <gpio port="B" pin="1"/>
      <gpio port="B" pin="2"/>
      <gpio port="B" pin="3"/>
      <gpio port="B" pin="4"/>
      <gpio port="B" pin="5"/>
      <gpio port="B" pin="6"/>
      <gpio port="B" pin="7"/>
      <gpio port="C" pin="0"/>
      <gpio port="C" pin="1"/>
      <gpio port="C" pin="2"/>
      <gpio port="C" pin="4"/>
      <gpio port="C" pin="5"/>
      <gpio port="C" pin="6"/>
      <gpio port="C" pin="7"/>
      <gpio port="D" pin="0"/>
      <gpio port="D" pin="1"/>
      <gpio port="D" pin="2"/>
      <gpio port="D" pin="3"/>
      <gpio port="D" pin="4"/>
      <gpio port="D" pin="5"/>
      <gpio port="D" pin="6"/>
      <gpio port="D" pin="7"/>
    </driver>
  </device>
</modm>
