<?xml version='1.0' encoding='UTF-8'?>
<modm version="0.4.0">
  <!-- WARNING: This file is generated by the modm device file generator. Do not edit! -->
  <device platform="avr" family="90" name="1|2|216" type="pwm">
    <naming-schema>at{family}{type}{name}</naming-schema>
    <attribute-mcu device-name="2" value="pwm2"/>
    <attribute-mcu device-name="216" value="pwm216"/>
    <attribute-mcu device-name="1" value="unsupported"/>
    <driver name="core" type="avr8">
      <memory name="eeprom" size="512"/>
      <memory device-name="1|2" name="flash" size="8192"/>
      <memory device-name="216" name="flash" size="16384"/>
      <memory device-name="1|2" name="ram" size="512"/>
      <memory device-name="216" name="ram" size="1024"/>
    </driver>
    <driver name="ac" type="avr"/>
    <driver name="adc" type="avr"/>
    <driver name="clock" type="avr"/>
    <driver device-name="2|216" name="dac" type="avr"/>
    <driver name="eeprom" type="avr"/>
    <driver device-name="2|216" name="eusart" type="avr"/>
    <driver name="psc" type="avr">
      <instance value="0"/>
      <instance device-name="1" value="1"/>
      <instance value="2"/>
    </driver>
    <driver name="spi" type="avr"/>
    <driver name="tc" type="tc16">
      <instance value="1"/>
    </driver>
    <driver name="tc" type="tc8">
      <instance value="0"/>
    </driver>
    <driver device-name="2|216" name="usart" type="avr"/>
    <driver name="wdt" type="avr"/>
    <driver name="gpio" type="avr">
      <gpio port="B" pin="0"/>
      <gpio port="B" pin="1"/>
      <gpio port="B" pin="2"/>
      <gpio port="B" pin="3"/>
      <gpio port="B" pin="4"/>
      <gpio port="B" pin="5"/>
      <gpio port="B" pin="6"/>
      <gpio port="B" pin="7"/>
      <gpio port="D" pin="0"/>
      <gpio port="D" pin="1"/>
      <gpio port="D" pin="2"/>
      <gpio port="D" pin="3"/>
      <gpio port="D" pin="4"/>
      <gpio port="D" pin="5"/>
      <gpio port="D" pin="6"/>
      <gpio port="D" pin="7"/>
      <gpio port="E" pin="0"/>
      <gpio port="E" pin="1"/>
      <gpio port="E" pin="2"/>
    </driver>
  </device>
</modm>
