<?xml version='1.0' encoding='UTF-8'?>
<modm version="0.4.0">
  <!-- WARNING: This file is generated by the modm device file generator. Do not edit! -->
  <device platform="avr" family="90" name="32|64|128" type="can">
    <naming-schema>at{family}{type}{name}</naming-schema>
    <attribute-mcu device-name="128" value="c128"/>
    <attribute-mcu device-name="32" value="c32"/>
    <attribute-mcu device-name="64" value="c64"/>
    <driver name="core" type="avr8">
      <memory device-name="32" name="eeprom" size="1024"/>
      <memory device-name="64" name="eeprom" size="2048"/>
      <memory device-name="128" name="eeprom" size="4096"/>
      <memory device-name="32" name="flash" size="32768"/>
      <memory device-name="64" name="flash" size="65536"/>
      <memory device-name="128" name="flash" size="131072"/>
      <memory device-name="32" name="ram" size="2048"/>
      <memory device-name="64|128" name="ram" size="4096"/>
    </driver>
    <driver name="ac" type="avr"/>
    <driver name="adc" type="avr"/>
    <driver name="can" type="avr"/>
    <driver name="clock" type="avr"/>
    <driver name="eeprom" type="avr"/>
    <driver name="spi" type="avr"/>
    <driver name="tc" type="tc16">
      <instance value="1"/>
      <instance value="3"/>
    </driver>
    <driver name="tc" type="tc8">
      <instance value="0"/>
    </driver>
    <driver name="tc" type="tc8_async">
      <instance value="2"/>
    </driver>
    <driver name="twi" type="avr"/>
    <driver name="usart" type="avr">
      <instance value="0"/>
      <instance value="1"/>
    </driver>
    <driver name="wdt" type="avr"/>
    <driver name="gpio" type="avr">
      <gpio port="A" pin="0">
        <signal driver="adc" name="0"/>
      </gpio>
      <gpio port="A" pin="1">
        <signal driver="adc" name="1"/>
      </gpio>
      <gpio port="A" pin="2">
        <signal driver="adc" name="2"/>
      </gpio>
      <gpio port="A" pin="3">
        <signal driver="adc" name="3"/>
      </gpio>
      <gpio port="A" pin="4">
        <signal driver="adc" name="4"/>
      </gpio>
      <gpio port="A" pin="5">
        <signal driver="adc" name="5"/>
      </gpio>
      <gpio port="A" pin="6">
        <signal driver="adc" name="6"/>
      </gpio>
      <gpio port="A" pin="7">
        <signal driver="adc" name="7"/>
      </gpio>
      <gpio port="B" pin="0">
        <signal driver="spi" name="ss"/>
      </gpio>
      <gpio port="B" pin="1">
        <signal driver="spi" name="sck"/>
      </gpio>
      <gpio port="B" pin="2">
        <signal driver="spi" name="mosi"/>
      </gpio>
      <gpio port="B" pin="3">
        <signal driver="spi" name="miso"/>
      </gpio>
      <gpio port="B" pin="4">
        <signal driver="tc" instance="2" name="oca"/>
      </gpio>
      <gpio port="B" pin="5">
        <signal driver="tc" instance="1" name="oca"/>
      </gpio>
      <gpio port="B" pin="6">
        <signal driver="tc" instance="1" name="ocb"/>
      </gpio>
      <gpio port="B" pin="7">
        <signal driver="tc" instance="0" name="oca"/>
        <signal driver="tc" instance="1" name="occ"/>
      </gpio>
      <gpio port="C" pin="0"/>
      <gpio port="C" pin="1"/>
      <gpio port="C" pin="2"/>
      <gpio port="C" pin="3"/>
      <gpio port="C" pin="4"/>
      <gpio port="C" pin="5"/>
      <gpio port="C" pin="6"/>
      <gpio port="C" pin="7">
        <signal driver="core" name="clko0"/>
      </gpio>
      <gpio port="D" pin="0">
        <signal driver="exint" name="0"/>
        <signal driver="twi" name="scl"/>
      </gpio>
      <gpio port="D" pin="1">
        <signal driver="exint" name="1"/>
        <signal driver="twi" name="sda"/>
      </gpio>
      <gpio port="D" pin="2">
        <signal driver="exint" name="2"/>
        <signal driver="usart" instance="1" name="rxd"/>
      </gpio>
      <gpio port="D" pin="3">
        <signal driver="exint" name="3"/>
        <signal driver="usart" instance="1" name="txd"/>
      </gpio>
      <gpio port="D" pin="4">
        <signal driver="tc" instance="1" name="icp"/>
      </gpio>
      <gpio port="D" pin="5">
        <signal driver="can" name="txcan"/>
        <signal driver="usart" instance="1" name="xck"/>
      </gpio>
      <gpio port="D" pin="6">
        <signal driver="can" name="rxcan"/>
        <signal driver="tc" instance="1" name="t"/>
      </gpio>
      <gpio port="D" pin="7">
        <signal driver="tc" instance="0" name="t"/>
      </gpio>
      <gpio port="E" pin="0">
        <signal driver="usart" instance="0" name="rxd"/>
      </gpio>
      <gpio port="E" pin="1">
        <signal driver="usart" instance="0" name="txd"/>
      </gpio>
      <gpio port="E" pin="2">
        <signal driver="ac" name="ain0"/>
        <signal driver="usart" instance="0" name="xck"/>
      </gpio>
      <gpio port="E" pin="3">
        <signal driver="ac" name="ain1"/>
        <signal driver="tc" instance="3" name="oca"/>
      </gpio>
      <gpio port="E" pin="4">
        <signal driver="exint" name="4"/>
        <signal driver="tc" instance="3" name="ocb"/>
      </gpio>
      <gpio port="E" pin="5">
        <signal driver="exint" name="5"/>
        <signal driver="tc" instance="3" name="occ"/>
      </gpio>
      <gpio port="E" pin="6">
        <signal driver="exint" name="6"/>
        <signal driver="tc" instance="3" name="t"/>
      </gpio>
      <gpio port="E" pin="7">
        <signal driver="exint" name="7"/>
        <signal driver="tc" instance="3" name="icp"/>
      </gpio>
      <gpio port="F" pin="0"/>
      <gpio port="F" pin="1"/>
      <gpio port="F" pin="2"/>
      <gpio port="F" pin="3"/>
      <gpio port="F" pin="4">
        <signal driver="jtag" name="tck"/>
      </gpio>
      <gpio port="F" pin="5">
        <signal driver="jtag" name="tms"/>
      </gpio>
      <gpio port="F" pin="6">
        <signal driver="jtag" name="tdo"/>
      </gpio>
      <gpio port="F" pin="7">
        <signal driver="jtag" name="tdi"/>
      </gpio>
      <gpio port="G" pin="0"/>
      <gpio port="G" pin="1"/>
      <gpio port="G" pin="2"/>
      <gpio port="G" pin="3">
        <signal driver="tc" instance="2" name="tosc2"/>
      </gpio>
      <gpio port="G" pin="4">
        <signal driver="tc" instance="2" name="tosc1"/>
      </gpio>
      <gpio port="G" pin="5"/>
      <gpio port="G" pin="6"/>
      <gpio port="G" pin="7"/>
    </driver>
  </device>
</modm>
