<?xml version='1.0' encoding='UTF-8'?>
<modm version="0.4.0">
  <!-- WARNING: This file is generated by the modm device file generator. Do not edit! -->
  <device platform="avr" family="90" name="646|647|1286|1287" type="usb">
    <naming-schema>at{family}{type}{name}</naming-schema>
    <attribute-mcu device-name="1286" value="usb1286"/>
    <attribute-mcu device-name="1287" value="usb1287"/>
    <attribute-mcu device-name="646" value="usb646"/>
    <attribute-mcu device-name="647" value="usb647"/>
    <driver name="core" type="avr8">
      <memory device-name="646|647" name="eeprom" size="2048"/>
      <memory device-name="1286|1287" name="eeprom" size="4096"/>
      <memory device-name="646|647" name="flash" size="65536"/>
      <memory device-name="1286|1287" name="flash" size="131072"/>
      <memory device-name="646|647" name="ram" size="4096"/>
      <memory device-name="1286|1287" name="ram" size="8192"/>
    </driver>
    <driver name="ac" type="avr"/>
    <driver name="adc" type="avr"/>
    <driver name="clock" type="avr"/>
    <driver name="eeprom" type="avr"/>
    <driver name="pll" type="avr"/>
    <driver name="spi" type="avr"/>
    <driver name="tc" type="tc16">
      <instance value="1"/>
      <instance value="3"/>
    </driver>
    <driver name="tc" type="tc8">
      <instance value="0"/>
    </driver>
    <driver name="tc" type="tc8_async">
      <instance value="2"/>
    </driver>
    <driver name="twi" type="avr"/>
    <driver name="usart" type="avr">
      <instance value="1"/>
    </driver>
    <driver name="usb_device" type="avr"/>
    <driver name="usb_global" type="avr"/>
    <driver device-name="646|647|1287" name="usb_host" type="avr"/>
    <driver name="wdt" type="avr"/>
    <driver name="gpio" type="avr">
      <gpio port="A" pin="0"/>
      <gpio port="A" pin="1"/>
      <gpio port="A" pin="2"/>
      <gpio port="A" pin="3"/>
      <gpio port="A" pin="4"/>
      <gpio port="A" pin="5"/>
      <gpio port="A" pin="6"/>
      <gpio port="A" pin="7"/>
      <gpio port="B" pin="0"/>
      <gpio port="B" pin="1"/>
      <gpio port="B" pin="2"/>
      <gpio port="B" pin="3"/>
      <gpio port="B" pin="4"/>
      <gpio port="B" pin="5"/>
      <gpio port="B" pin="6"/>
      <gpio port="B" pin="7"/>
      <gpio port="C" pin="0"/>
      <gpio port="C" pin="1"/>
      <gpio port="C" pin="2"/>
      <gpio port="C" pin="3"/>
      <gpio port="C" pin="4"/>
      <gpio port="C" pin="5"/>
      <gpio port="C" pin="6"/>
      <gpio port="C" pin="7"/>
      <gpio port="D" pin="0"/>
      <gpio port="D" pin="1"/>
      <gpio port="D" pin="2"/>
      <gpio port="D" pin="3"/>
      <gpio port="D" pin="4"/>
      <gpio port="D" pin="5"/>
      <gpio port="D" pin="6"/>
      <gpio port="D" pin="7"/>
      <gpio port="E" pin="0"/>
      <gpio port="E" pin="1"/>
      <gpio port="E" pin="2"/>
      <gpio port="E" pin="3"/>
      <gpio port="E" pin="4"/>
      <gpio port="E" pin="5"/>
      <gpio port="E" pin="6"/>
      <gpio port="E" pin="7"/>
      <gpio port="F" pin="0"/>
      <gpio port="F" pin="1"/>
      <gpio port="F" pin="2"/>
      <gpio port="F" pin="3"/>
      <gpio port="F" pin="4"/>
      <gpio port="F" pin="5"/>
      <gpio port="F" pin="6"/>
      <gpio port="F" pin="7"/>
    </driver>
  </device>
</modm>
