<?xml version='1.0' encoding='UTF-8'?>
<modm version="0.4.0">
  <!-- WARNING: This file is generated by the modm device file generator. Do not edit! -->
  <device platform="avr" family="mega" name="16|32" type="hvb|hvbrevb">
    <naming-schema>at{family}{name}{type}</naming-schema>
    <attribute-mcu device-name="16" value="m16"/>
    <attribute-mcu device-name="32" value="m32"/>
    <driver name="core" type="avr8">
      <memory device-name="16" name="eeprom" size="512"/>
      <memory device-name="32" name="eeprom" size="1024"/>
      <memory device-name="16" name="flash" size="16384"/>
      <memory device-name="32" name="flash" size="32768"/>
      <memory device-name="16" name="ram" size="1024"/>
      <memory device-name="32" name="ram" size="2048"/>
    </driver>
    <driver name="adc" type="avr"/>
    <driver name="bandgap" type="avr"/>
    <driver name="battery_protection" type="avr"/>
    <driver name="cell_balancing" type="avr"/>
    <driver name="charger_detect" type="avr"/>
    <driver name="clock" type="avr"/>
    <driver name="coulomb_counter" type="avr"/>
    <driver name="eeprom" type="avr"/>
    <driver name="fet" type="avr"/>
    <driver name="spi" type="avr"/>
    <driver name="tc" type="tc16">
      <instance value="0"/>
      <instance value="1"/>
    </driver>
    <driver name="twi" type="avr"/>
    <driver name="voltage_regulator" type="avr"/>
    <driver name="wdt" type="avr"/>
    <driver name="gpio" type="avr">
      <gpio port="A" pin="0"/>
      <gpio port="A" pin="1"/>
      <gpio port="A" pin="2"/>
      <gpio port="A" pin="3"/>
      <gpio port="B" pin="0"/>
      <gpio port="B" pin="1"/>
      <gpio port="B" pin="2"/>
      <gpio port="B" pin="3"/>
      <gpio port="B" pin="4"/>
      <gpio port="B" pin="5"/>
      <gpio port="B" pin="6"/>
      <gpio port="B" pin="7"/>
      <gpio port="C" pin="0"/>
      <gpio port="C" pin="1"/>
      <gpio port="C" pin="2"/>
      <gpio port="C" pin="3"/>
      <gpio port="C" pin="4"/>
      <gpio port="C" pin="5"/>
    </driver>
  </device>
</modm>
