<?xml version='1.0' encoding='UTF-8'?>
<modm version="0.4.0">
  <!-- WARNING: This file is generated by the modm device file generator. Do not edit! -->
  <device platform="avr" family="mega" name="48|88|168|328" type="|a|p|pa">
    <naming-schema>at{family}{name}{type}</naming-schema>
    <invalid-device>atmega328a</invalid-device>
    <invalid-device>atmega328pa</invalid-device>
    <attribute-mcu device-name="168" device-type="|a" value="m168"/>
    <attribute-mcu device-name="168" device-type="p|pa" value="m168p"/>
    <attribute-mcu device-name="328" device-type="" value="m328"/>
    <attribute-mcu device-name="328" device-type="p" value="m328p"/>
    <attribute-mcu device-name="48" device-type="|a" value="m48"/>
    <attribute-mcu device-name="48" device-type="p|pa" value="m48p"/>
    <attribute-mcu device-name="88" device-type="|a" value="m88"/>
    <attribute-mcu device-name="88" device-type="p|pa" value="m88p"/>
    <driver name="core" type="avr8">
      <memory device-name="48" name="eeprom" size="256"/>
      <memory device-name="88|168" name="eeprom" size="512"/>
      <memory device-name="328" name="eeprom" size="1024"/>
      <memory device-name="48" name="flash" size="4096"/>
      <memory device-name="88" name="flash" size="8192"/>
      <memory device-name="168" name="flash" size="16384"/>
      <memory device-name="328" name="flash" size="32768"/>
      <memory device-name="48" name="ram" size="512"/>
      <memory device-name="88|168" name="ram" size="1024"/>
      <memory device-name="328" name="ram" size="2048"/>
    </driver>
    <driver name="ac" type="avr"/>
    <driver name="adc" type="avr"/>
    <driver name="clock" type="avr"/>
    <driver name="eeprom" type="avr"/>
    <driver name="spi" type="avr"/>
    <driver name="tc" type="tc16">
      <instance value="1"/>
    </driver>
    <driver name="tc" type="tc8">
      <instance value="0"/>
    </driver>
    <driver name="tc" type="tc8_async">
      <instance value="2"/>
    </driver>
    <driver name="twi" type="avr"/>
    <driver name="usart" type="avr">
      <instance value="0"/>
    </driver>
    <driver name="wdt" type="avr"/>
    <driver name="gpio" type="avr">
      <gpio port="B" pin="0">
        <signal driver="core" name="clk0"/>
        <signal driver="exint" name="pcint0"/>
        <signal driver="tc" instance="1" name="icp"/>
      </gpio>
      <gpio port="B" pin="1">
        <signal driver="exint" name="pcint1"/>
        <signal driver="tc" instance="1" name="oca"/>
      </gpio>
      <gpio port="B" pin="2">
        <signal driver="exint" name="pcint2"/>
        <signal driver="spi" name="ss"/>
        <signal driver="tc" instance="1" name="ocb"/>
      </gpio>
      <gpio port="B" pin="3">
        <signal driver="exint" name="pcint3"/>
        <signal driver="spi" name="mosi"/>
        <signal driver="tc" instance="2" name="oca"/>
      </gpio>
      <gpio port="B" pin="4">
        <signal driver="exint" name="pcint4"/>
        <signal driver="spi" name="miso"/>
      </gpio>
      <gpio port="B" pin="5">
        <signal driver="exint" name="pcint5"/>
        <signal driver="spi" name="sck"/>
      </gpio>
      <gpio port="B" pin="6">
        <signal driver="exint" name="pcint6"/>
      </gpio>
      <gpio port="B" pin="7">
        <signal driver="exint" name="pcint7"/>
      </gpio>
      <gpio port="C" pin="0">
        <signal driver="adc" name="0"/>
        <signal driver="exint" name="pcint8"/>
      </gpio>
      <gpio port="C" pin="1">
        <signal driver="adc" name="1"/>
        <signal driver="exint" name="pcint9"/>
      </gpio>
      <gpio port="C" pin="2">
        <signal driver="adc" name="2"/>
        <signal driver="exint" name="pcint10"/>
      </gpio>
      <gpio port="C" pin="3">
        <signal driver="adc" name="3"/>
        <signal driver="exint" name="pcint11"/>
      </gpio>
      <gpio port="C" pin="4">
        <signal driver="adc" name="4"/>
        <signal driver="exint" name="pcint12"/>
        <signal driver="twi" name="sda"/>
      </gpio>
      <gpio port="C" pin="5">
        <signal driver="adc" name="5"/>
        <signal driver="exint" name="pcint13"/>
        <signal driver="twi" name="scl"/>
      </gpio>
      <gpio port="C" pin="6">
        <signal driver="exint" name="pcint14"/>
      </gpio>
      <gpio port="D" pin="0">
        <signal driver="exint" name="pcint16"/>
        <signal driver="usart" instance="0" name="rxd"/>
      </gpio>
      <gpio port="D" pin="1">
        <signal driver="exint" name="pcint17"/>
        <signal driver="usart" instance="0" name="txd"/>
      </gpio>
      <gpio port="D" pin="2">
        <signal driver="exint" name="0"/>
        <signal driver="exint" name="pcint18"/>
      </gpio>
      <gpio port="D" pin="3">
        <signal driver="exint" name="1"/>
        <signal driver="exint" name="pcint19"/>
        <signal driver="tc" instance="2" name="ocb"/>
      </gpio>
      <gpio port="D" pin="4">
        <signal driver="exint" name="pcint20"/>
        <signal driver="tc" instance="0" name="t"/>
        <signal driver="usart" instance="0" name="xck"/>
      </gpio>
      <gpio port="D" pin="5">
        <signal driver="exint" name="pcint21"/>
        <signal driver="tc" instance="0" name="ocb"/>
        <signal driver="tc" instance="1" name="t"/>
      </gpio>
      <gpio port="D" pin="6">
        <signal driver="ac" name="ain0"/>
        <signal driver="exint" name="pcint22"/>
        <signal driver="tc" instance="0" name="oca"/>
      </gpio>
      <gpio port="D" pin="7">
        <signal driver="ac" name="ain1"/>
        <signal driver="exint" name="pcint23"/>
      </gpio>
    </driver>
  </device>
</modm>
