<?xml version='1.0' encoding='UTF-8'?>
<modm version="0.4.0">
  <!-- WARNING: This file is generated by the modm device file generator. Do not edit! -->
  <device platform="avr" family="mega" name="48|88|168|328" type="pb">
    <naming-schema>at{family}{name}{type}</naming-schema>
    <attribute-mcu device-name="168" value="m168pb"/>
    <attribute-mcu device-name="328" value="m328p"/>
    <attribute-mcu device-name="48" value="m48pb"/>
    <attribute-mcu device-name="88" value="m88pb"/>
    <driver name="core" type="avr8">
      <memory device-name="48" name="eeprom" size="256"/>
      <memory device-name="88|168" name="eeprom" size="512"/>
      <memory device-name="328" name="eeprom" size="1024"/>
      <memory device-name="48" name="flash" size="4096"/>
      <memory device-name="88" name="flash" size="8192"/>
      <memory device-name="168" name="flash" size="16384"/>
      <memory device-name="328" name="flash" size="32768"/>
      <memory device-name="48" name="ram" size="512"/>
      <memory device-name="88|168" name="ram" size="1024"/>
      <memory device-name="328" name="ram" size="2048"/>
    </driver>
    <driver name="ac" type="avr"/>
    <driver name="adc" type="avr"/>
    <driver device-name="328" name="cfd" type="avr"/>
    <driver name="clock" type="avr"/>
    <driver device-name="48|88|168" name="deviceid" type="avr"/>
    <driver name="eeprom" type="avr"/>
    <driver device-name="328" name="ptc" type="avr"/>
    <driver name="spi" type="avr">
      <instance device-name="328" value="0"/>
      <instance device-name="328" value="1"/>
    </driver>
    <driver name="tc" type="tc16">
      <instance value="1"/>
      <instance device-name="328" value="3"/>
      <instance device-name="328" value="4"/>
    </driver>
    <driver name="tc" type="tc8">
      <instance value="0"/>
    </driver>
    <driver name="tc" type="tc8_async">
      <instance value="2"/>
    </driver>
    <driver name="twi" type="avr">
      <instance device-name="328" value="0"/>
      <instance device-name="328" value="1"/>
    </driver>
    <driver name="usart" type="avr">
      <instance value="0"/>
      <instance device-name="328" value="1"/>
    </driver>
    <driver name="wdt" type="avr"/>
    <driver name="gpio" type="avr">
      <gpio port="B" pin="0">
        <signal driver="core" name="clk0"/>
        <signal driver="exint" name="pcint0"/>
        <signal device-name="328" driver="ptc" name="x10"/>
        <signal device-name="328" driver="ptc" name="y18"/>
        <signal driver="tc" instance="1" name="icp"/>
      </gpio>
      <gpio port="B" pin="1">
        <signal driver="exint" name="pcint1"/>
        <signal device-name="328" driver="ptc" name="x11"/>
        <signal device-name="328" driver="ptc" name="y19"/>
        <signal driver="tc" instance="1" name="oca"/>
      </gpio>
      <gpio port="B" pin="2">
        <signal driver="exint" name="pcint2"/>
        <signal device-name="328" driver="ptc" name="x12"/>
        <signal device-name="328" driver="ptc" name="y20"/>
        <signal device-name="48|88|168" driver="spi" name="ss"/>
        <signal device-name="328" driver="spi" instance="0" name="ss"/>
        <signal driver="tc" instance="1" name="ocb"/>
      </gpio>
      <gpio port="B" pin="3">
        <signal driver="exint" name="pcint3"/>
        <signal device-name="328" driver="ptc" name="x13"/>
        <signal device-name="328" driver="ptc" name="y21"/>
        <signal device-name="48|88|168" driver="spi" name="mosi"/>
        <signal device-name="328" driver="spi" instance="0" name="mosi"/>
        <signal driver="tc" instance="2" name="oca"/>
        <signal device-name="328" driver="usart" instance="1" name="txd"/>
      </gpio>
      <gpio port="B" pin="4">
        <signal driver="exint" name="pcint4"/>
        <signal device-name="328" driver="ptc" name="x14"/>
        <signal device-name="328" driver="ptc" name="y22"/>
        <signal device-name="48|88|168" driver="spi" name="miso"/>
        <signal device-name="328" driver="spi" instance="0" name="miso"/>
        <signal device-name="328" driver="usart" instance="1" name="rxd"/>
      </gpio>
      <gpio port="B" pin="5">
        <signal driver="exint" name="pcint5"/>
        <signal device-name="328" driver="ptc" name="x15"/>
        <signal device-name="328" driver="ptc" name="y23"/>
        <signal device-name="48|88|168" driver="spi" name="sck"/>
        <signal device-name="328" driver="spi" instance="0" name="sck"/>
        <signal device-name="328" driver="usart" instance="1" name="xck"/>
      </gpio>
      <gpio port="B" pin="6">
        <signal driver="exint" name="pcint6"/>
      </gpio>
      <gpio port="B" pin="7">
        <signal driver="exint" name="pcint7"/>
      </gpio>
      <gpio port="C" pin="0">
        <signal driver="adc" name="0"/>
        <signal driver="exint" name="pcint8"/>
        <signal device-name="328" driver="ptc" name="y00"/>
        <signal device-name="328" driver="spi" instance="1" name="miso"/>
      </gpio>
      <gpio port="C" pin="1">
        <signal driver="adc" name="1"/>
        <signal driver="exint" name="pcint9"/>
        <signal device-name="328" driver="ptc" name="y01"/>
        <signal device-name="328" driver="spi" instance="1" name="sck"/>
      </gpio>
      <gpio port="C" pin="2">
        <signal driver="adc" name="2"/>
        <signal driver="exint" name="pcint10"/>
        <signal device-name="328" driver="ptc" name="y02"/>
      </gpio>
      <gpio port="C" pin="3">
        <signal driver="adc" name="3"/>
        <signal driver="exint" name="pcint11"/>
        <signal device-name="328" driver="ptc" name="y03"/>
      </gpio>
      <gpio port="C" pin="4">
        <signal driver="adc" name="4"/>
        <signal driver="exint" name="pcint12"/>
        <signal device-name="328" driver="ptc" name="y04"/>
        <signal device-name="48|88|168" driver="twi" name="sda"/>
        <signal device-name="328" driver="twi" instance="0" name="sda"/>
      </gpio>
      <gpio port="C" pin="5">
        <signal driver="adc" name="5"/>
        <signal driver="exint" name="pcint13"/>
        <signal device-name="328" driver="ptc" name="y05"/>
        <signal device-name="48|88|168" driver="twi" name="scl"/>
        <signal device-name="328" driver="twi" instance="0" name="scl"/>
      </gpio>
      <gpio port="C" pin="6">
        <signal driver="exint" name="pcint14"/>
      </gpio>
      <gpio port="D" pin="0">
        <signal driver="exint" name="pcint16"/>
        <signal device-name="328" driver="ptc" name="x00"/>
        <signal device-name="328" driver="ptc" name="y08"/>
        <signal device-name="328" driver="tc" instance="3" name="oca"/>
        <signal driver="usart" instance="0" name="rxd"/>
      </gpio>
      <gpio port="D" pin="1">
        <signal driver="exint" name="pcint17"/>
        <signal device-name="328" driver="ptc" name="x01"/>
        <signal device-name="328" driver="ptc" name="y09"/>
        <signal device-name="328" driver="tc" instance="4" name="oca"/>
        <signal driver="usart" instance="0" name="txd"/>
      </gpio>
      <gpio port="D" pin="2">
        <signal driver="exint" name="0"/>
        <signal driver="exint" name="pcint18"/>
        <signal device-name="328" driver="ptc" name="x02"/>
        <signal device-name="328" driver="ptc" name="y10"/>
        <signal device-name="328" driver="tc" instance="3" name="ocb"/>
        <signal device-name="328" driver="tc" instance="4" name="ocb"/>
      </gpio>
      <gpio port="D" pin="3">
        <signal driver="exint" name="1"/>
        <signal driver="exint" name="pcint19"/>
        <signal device-name="328" driver="ptc" name="x03"/>
        <signal device-name="328" driver="ptc" name="y11"/>
        <signal driver="tc" instance="2" name="ocb"/>
      </gpio>
      <gpio port="D" pin="4">
        <signal driver="exint" name="pcint20"/>
        <signal device-name="328" driver="ptc" name="x04"/>
        <signal device-name="328" driver="ptc" name="y12"/>
        <signal driver="tc" instance="0" name="t"/>
        <signal driver="usart" instance="0" name="xck"/>
      </gpio>
      <gpio port="D" pin="5">
        <signal driver="exint" name="pcint21"/>
        <signal device-name="328" driver="ptc" name="x05"/>
        <signal device-name="328" driver="ptc" name="y13"/>
        <signal driver="tc" instance="0" name="ocb"/>
        <signal driver="tc" instance="1" name="t"/>
      </gpio>
      <gpio port="D" pin="6">
        <signal driver="ac" name="ain0"/>
        <signal driver="exint" name="pcint22"/>
        <signal device-name="328" driver="ptc" name="x06"/>
        <signal device-name="328" driver="ptc" name="y14"/>
        <signal driver="tc" instance="0" name="oca"/>
      </gpio>
      <gpio port="D" pin="7">
        <signal driver="ac" name="ain1"/>
        <signal driver="exint" name="pcint23"/>
        <signal device-name="328" driver="ptc" name="x07"/>
        <signal device-name="328" driver="ptc" name="y15"/>
      </gpio>
      <gpio port="E" pin="0">
        <signal device-name="328" driver="exint" name="pcint24"/>
        <signal device-name="328" driver="ptc" name="x08"/>
        <signal device-name="328" driver="ptc" name="y16"/>
        <signal device-name="328" driver="tc" instance="4" name="icp"/>
        <signal device-name="328" driver="twi" instance="1" name="sda"/>
      </gpio>
      <gpio port="E" pin="1">
        <signal device-name="328" driver="exint" name="pcint25"/>
        <signal device-name="328" driver="ptc" name="x09"/>
        <signal device-name="328" driver="ptc" name="y17"/>
        <signal device-name="328" driver="tc" instance="4" name="t"/>
        <signal device-name="328" driver="twi" instance="1" name="scl"/>
      </gpio>
      <gpio port="E" pin="2">
        <signal driver="adc" name="6"/>
        <signal device-name="328" driver="exint" name="pcint27"/>
        <signal device-name="328" driver="ptc" name="y06"/>
        <signal device-name="328" driver="spi" instance="1" name="ss"/>
        <signal device-name="328" driver="tc" instance="3" name="icp"/>
      </gpio>
      <gpio port="E" pin="3">
        <signal driver="adc" name="7"/>
        <signal device-name="328" driver="ptc" name="y07"/>
        <signal device-name="328" driver="spi" instance="1" name="mosi"/>
        <signal device-name="328" driver="tc" instance="3" name="t"/>
      </gpio>
    </driver>
  </device>
</modm>
