<?xml version='1.0' encoding='UTF-8'?>
<modm version="0.4.0">
  <!-- WARNING: This file is generated by the modm device file generator. Do not edit! -->
  <device platform="avr" family="mega" name="8|16|32" type="|a">
    <naming-schema>at{family}{name}{type}</naming-schema>
    <attribute-mcu device-name="16" value="m16"/>
    <attribute-mcu device-name="32" value="m32"/>
    <attribute-mcu device-name="8" value="m8"/>
    <driver name="core" type="avr8">
      <memory device-name="8|16" name="eeprom" size="512"/>
      <memory device-name="32" name="eeprom" size="1024"/>
      <memory device-name="8" name="flash" size="8192"/>
      <memory device-name="16" name="flash" size="16384"/>
      <memory device-name="32" name="flash" size="32768"/>
      <memory device-name="8|16" name="ram" size="1024"/>
      <memory device-name="32" name="ram" size="2048"/>
    </driver>
    <driver name="ac" type="avr"/>
    <driver name="adc" type="avr"/>
    <driver name="clock" type="avr"/>
    <driver name="eeprom" type="avr"/>
    <driver name="spi" type="avr"/>
    <driver name="tc" type="tc16">
      <instance value="1"/>
    </driver>
    <driver name="tc" type="tc8">
      <instance value="0"/>
    </driver>
    <driver name="tc" type="tc8_async">
      <instance value="2"/>
    </driver>
    <driver name="twi" type="avr"/>
    <driver name="usart" type="avr"/>
    <driver name="wdt" type="avr"/>
    <driver name="gpio" type="avr">
      <gpio device-name="16|32" port="A" pin="0">
        <signal driver="adc" name="0"/>
      </gpio>
      <gpio device-name="16|32" port="A" pin="1">
        <signal driver="adc" name="1"/>
      </gpio>
      <gpio device-name="16|32" port="A" pin="2">
        <signal driver="adc" name="2"/>
      </gpio>
      <gpio device-name="16|32" port="A" pin="3">
        <signal driver="adc" name="3"/>
      </gpio>
      <gpio device-name="16|32" port="A" pin="4">
        <signal driver="adc" name="4"/>
      </gpio>
      <gpio device-name="16|32" port="A" pin="5">
        <signal driver="adc" name="5"/>
      </gpio>
      <gpio device-name="16|32" port="A" pin="6">
        <signal driver="adc" name="6"/>
      </gpio>
      <gpio device-name="16|32" port="A" pin="7">
        <signal driver="adc" name="7"/>
      </gpio>
      <gpio port="B" pin="0">
        <signal device-name="16|32" driver="tc" instance="0" name="t"/>
        <signal device-name="8" driver="tc" instance="1" name="icp"/>
        <signal device-name="16|32" driver="usart" name="xck"/>
      </gpio>
      <gpio port="B" pin="1">
        <signal device-name="8" driver="tc" instance="1" name="oca"/>
        <signal device-name="16|32" driver="tc" instance="1" name="t"/>
      </gpio>
      <gpio port="B" pin="2">
        <signal device-name="16|32" driver="ac" name="ain0"/>
        <signal device-name="16" device-type="|a" driver="exint" name="2"/>
        <signal device-name="32" device-type="" driver="exint" name="2"/>
        <signal device-name="8" driver="spi" name="ss"/>
        <signal device-name="8" driver="tc" instance="1" name="ocb"/>
      </gpio>
      <gpio port="B" pin="3">
        <signal device-name="16|32" driver="ac" name="ain1"/>
        <signal device-name="8" driver="spi" name="mosi"/>
        <signal device-name="16|32" driver="tc" instance="0" name="oc"/>
        <signal device-name="8" driver="tc" instance="2" name="oc"/>
      </gpio>
      <gpio port="B" pin="4">
        <signal device-name="8" driver="spi" name="miso"/>
        <signal device-name="16|32" driver="spi" name="ss"/>
      </gpio>
      <gpio port="B" pin="5">
        <signal device-name="16|32" driver="spi" name="mosi"/>
        <signal device-name="8" driver="spi" name="sck"/>
      </gpio>
      <gpio port="B" pin="6">
        <signal device-name="16|32" driver="spi" name="miso"/>
      </gpio>
      <gpio port="B" pin="7">
        <signal device-name="16|32" driver="spi" name="sck"/>
      </gpio>
      <gpio port="C" pin="0">
        <signal device-name="8" driver="adc" name="0"/>
        <signal device-name="16|32" driver="twi" name="scl"/>
      </gpio>
      <gpio port="C" pin="1">
        <signal device-name="8" driver="adc" name="1"/>
        <signal device-name="16|32" driver="twi" name="sda"/>
      </gpio>
      <gpio port="C" pin="2">
        <signal device-name="8" driver="adc" name="2"/>
        <signal device-name="16" device-type="|a" driver="jtag" name="tck"/>
        <signal device-name="32" device-type="" driver="jtag" name="tck"/>
      </gpio>
      <gpio port="C" pin="3">
        <signal device-name="8" driver="adc" name="3"/>
        <signal device-name="16" device-type="|a" driver="jtag" name="tms"/>
        <signal device-name="32" device-type="" driver="jtag" name="tms"/>
      </gpio>
      <gpio port="C" pin="4">
        <signal device-name="8" driver="adc" name="4"/>
        <signal device-name="16" device-type="|a" driver="jtag" name="tdo"/>
        <signal device-name="32" device-type="" driver="jtag" name="tdo"/>
        <signal device-name="8" driver="twi" name="sda"/>
      </gpio>
      <gpio port="C" pin="5">
        <signal device-name="8" driver="adc" name="5"/>
        <signal device-name="16" device-type="|a" driver="jtag" name="tdi"/>
        <signal device-name="32" device-type="" driver="jtag" name="tdi"/>
        <signal device-name="8" driver="twi" name="scl"/>
      </gpio>
      <gpio port="C" pin="6">
        <signal device-name="16" device-type="|a" driver="tc" instance="2" name="tosc1"/>
        <signal device-name="32" device-type="" driver="tc" instance="2" name="tosc1"/>
      </gpio>
      <gpio device-name="16|32" port="C" pin="7">
        <signal device-name="16" device-type="|a" driver="tc" instance="2" name="tosc2"/>
        <signal device-name="32" device-type="" driver="tc" instance="2" name="tosc2"/>
      </gpio>
      <gpio port="D" pin="0">
        <signal driver="usart" name="rxd"/>
      </gpio>
      <gpio port="D" pin="1">
        <signal driver="usart" name="txd"/>
      </gpio>
      <gpio port="D" pin="2">
        <signal device-name="32" device-type="" driver="exint" name="0"/>
        <signal device-name="8|16" device-type="|a" driver="exint" name="0"/>
        <signal device-name="32" device-type="a" driver="exint" name="1"/>
      </gpio>
      <gpio port="D" pin="3">
        <signal device-name="32" device-type="a" driver="exint" name="0"/>
        <signal device-name="32" device-type="" driver="exint" name="1"/>
        <signal device-name="8|16" device-type="|a" driver="exint" name="1"/>
      </gpio>
      <gpio port="D" pin="4">
        <signal device-name="8" driver="tc" instance="0" name="t"/>
        <signal device-name="16|32" driver="tc" instance="1" name="ocb"/>
        <signal device-name="8" driver="usart" name="xck"/>
      </gpio>
      <gpio port="D" pin="5">
        <signal device-name="16|32" driver="tc" instance="1" name="oca"/>
        <signal device-name="8" driver="tc" instance="1" name="t"/>
      </gpio>
      <gpio port="D" pin="6">
        <signal device-name="8" driver="ac" name="ain0"/>
        <signal device-name="16|32" driver="tc" instance="1" name="icp"/>
      </gpio>
      <gpio port="D" pin="7">
        <signal device-name="8" driver="ac" name="ain1"/>
        <signal device-name="16|32" driver="tc" instance="2" name="oc"/>
      </gpio>
    </driver>
  </device>
</modm>
