<?xml version='1.0' encoding='UTF-8'?>
<modm version="0.4.0">
  <!-- WARNING: This file is generated by the modm device file generator. Do not edit! -->
  <device platform="avr" family="mega" name="406" type="">
    <naming-schema>at{family}{name}{type}</naming-schema>
    <attribute-mcu value="m406"/>
    <driver name="core" type="avr8">
      <memory name="eeprom" size="512"/>
      <memory name="flash" size="40960"/>
      <memory name="ram" size="2048"/>
    </driver>
    <driver name="adc" type="avr"/>
    <driver name="bandgap" type="avr"/>
    <driver name="battery_protection" type="avr"/>
    <driver name="cell_balancing" type="avr"/>
    <driver name="clock" type="avr"/>
    <driver name="coulomb_counter" type="avr"/>
    <driver name="eeprom" type="avr"/>
    <driver name="fet" type="avr"/>
    <driver name="tc" type="tc16">
      <instance value="1"/>
    </driver>
    <driver name="tc" type="tc8">
      <instance value="0"/>
    </driver>
    <driver name="twi" type="avr"/>
    <driver name="wakeup_timer" type="avr"/>
    <driver name="wdt" type="avr"/>
    <driver name="gpio" type="avr">
      <gpio port="A" pin="0"/>
      <gpio port="A" pin="1"/>
      <gpio port="A" pin="2"/>
      <gpio port="A" pin="3"/>
      <gpio port="A" pin="4"/>
      <gpio port="A" pin="5"/>
      <gpio port="A" pin="6"/>
      <gpio port="A" pin="7"/>
      <gpio port="B" pin="0"/>
      <gpio port="B" pin="1"/>
      <gpio port="B" pin="2"/>
      <gpio port="B" pin="3"/>
      <gpio port="B" pin="4"/>
      <gpio port="B" pin="5"/>
      <gpio port="B" pin="6"/>
      <gpio port="B" pin="7"/>
      <gpio port="C" pin="0"/>
      <gpio port="D" pin="0"/>
      <gpio port="D" pin="1"/>
    </driver>
  </device>
</modm>
