<?xml version='1.0' encoding='UTF-8'?>
<modm version="0.4.0">
  <!-- WARNING: This file is generated by the modm device file generator. Do not edit! -->
  <device platform="avr" family="mega" name="16|32|64" type="c1|m1">
    <naming-schema>at{family}{name}{type}</naming-schema>
    <invalid-device>atmega16c1</invalid-device>
    <attribute-mcu device-name="16" value="m16"/>
    <attribute-mcu device-name="32" device-type="c1" value="m32"/>
    <attribute-mcu device-name="32" device-type="m1" value="m32m1"/>
    <attribute-mcu device-name="64" value="m64"/>
    <driver name="core" type="avr8">
      <memory device-name="16" name="eeprom" size="512"/>
      <memory device-name="32" name="eeprom" size="1024"/>
      <memory device-name="64" name="eeprom" size="2048"/>
      <memory device-name="16" name="flash" size="16384"/>
      <memory device-name="32" name="flash" size="32768"/>
      <memory device-name="64" name="flash" size="65536"/>
      <memory device-name="16" name="ram" size="1024"/>
      <memory device-name="32" name="ram" size="2048"/>
      <memory device-name="64" name="ram" size="4096"/>
    </driver>
    <driver name="ac" type="avr"/>
    <driver name="adc" type="avr"/>
    <driver name="can" type="avr"/>
    <driver name="clock" type="avr"/>
    <driver name="dac" type="avr"/>
    <driver name="eeprom" type="avr"/>
    <driver name="linuart" type="avr"/>
    <driver device-type="m1" name="psc" type="avr"/>
    <driver name="spi" type="avr"/>
    <driver name="tc" type="tc16">
      <instance value="1"/>
    </driver>
    <driver name="tc" type="tc8">
      <instance value="0"/>
    </driver>
    <driver name="wdt" type="avr"/>
    <driver name="gpio" type="avr">
      <gpio port="B" pin="0">
        <signal driver="exint" name="pcint0"/>
        <signal device-type="m1" driver="psc" name="pscout2a"/>
        <signal driver="spi" name="miso"/>
      </gpio>
      <gpio port="B" pin="1">
        <signal driver="exint" name="pcint1"/>
        <signal device-type="m1" driver="psc" name="pscout2b"/>
        <signal driver="spi" name="mosi"/>
      </gpio>
      <gpio port="B" pin="2">
        <signal driver="ac" name="acmpn0"/>
        <signal driver="adc" name="5"/>
        <signal driver="exint" name="1"/>
        <signal driver="exint" name="pcint2"/>
      </gpio>
      <gpio port="B" pin="3">
        <signal driver="exint" name="pcint3"/>
      </gpio>
      <gpio port="B" pin="4">
        <signal driver="exint" name="pcint4"/>
      </gpio>
      <gpio port="B" pin="5">
        <signal driver="ac" name="acmpn1"/>
        <signal driver="adc" name="6"/>
        <signal driver="exint" name="2"/>
        <signal driver="exint" name="pcint5"/>
      </gpio>
      <gpio port="B" pin="6">
        <signal driver="adc" name="7"/>
        <signal driver="exint" name="pcint6"/>
        <signal device-type="m1" driver="psc" name="pscout1b"/>
      </gpio>
      <gpio port="B" pin="7">
        <signal driver="adc" name="4"/>
        <signal driver="exint" name="pcint7"/>
        <signal device-type="m1" driver="psc" name="pscout0b"/>
        <signal driver="spi" name="sck"/>
      </gpio>
      <gpio port="C" pin="0">
        <signal driver="exint" name="3"/>
        <signal driver="exint" name="pcint8"/>
        <signal device-type="m1" driver="psc" name="pscout1a"/>
      </gpio>
      <gpio port="C" pin="1">
        <signal driver="exint" name="pcint9"/>
        <signal device-type="m1" driver="psc" name="pscin1"/>
        <signal driver="spi" name="ss"/>
        <signal driver="tc" instance="1" name="oc1b"/>
      </gpio>
      <gpio port="C" pin="2">
        <signal driver="exint" name="pcint10"/>
        <signal driver="tc" instance="0" name="t0"/>
      </gpio>
      <gpio port="C" pin="3">
        <signal driver="exint" name="pcint11"/>
        <signal driver="tc" instance="1" name="icp1b"/>
        <signal driver="tc" instance="1" name="t1"/>
      </gpio>
      <gpio port="C" pin="4">
        <signal driver="ac" name="acmpn3"/>
        <signal driver="adc" name="8"/>
        <signal driver="exint" name="pcint12"/>
      </gpio>
      <gpio port="C" pin="5">
        <signal driver="ac" name="acmp3"/>
        <signal driver="adc" name="9"/>
        <signal driver="exint" name="pcint13"/>
      </gpio>
      <gpio port="C" pin="6">
        <signal driver="ac" name="acmp1"/>
        <signal driver="adc" name="10"/>
        <signal driver="exint" name="pcint14"/>
      </gpio>
      <gpio port="C" pin="7">
        <signal driver="dac" name="d2a"/>
        <signal driver="exint" name="pcint15"/>
      </gpio>
      <gpio port="D" pin="0">
        <signal driver="exint" name="pcint16"/>
        <signal device-type="m1" driver="psc" name="pscout0a"/>
      </gpio>
      <gpio port="D" pin="1">
        <signal driver="exint" name="pcint17"/>
        <signal device-type="m1" driver="psc" name="pscin0"/>
      </gpio>
      <gpio port="D" pin="2">
        <signal driver="exint" name="pcint18"/>
        <signal device-type="m1" driver="psc" name="pscin2"/>
        <signal driver="spi" name="miso"/>
        <signal driver="tc" instance="1" name="oc1a"/>
      </gpio>
      <gpio port="D" pin="3">
        <signal driver="exint" name="pcint19"/>
        <signal driver="linuart" name="txlin"/>
        <signal driver="spi" name="mosi"/>
        <signal driver="spi" name="ss"/>
        <signal driver="tc" instance="0" name="oc0a"/>
      </gpio>
      <gpio port="D" pin="4">
        <signal driver="adc" name="1"/>
        <signal driver="exint" name="pcint20"/>
        <signal driver="linuart" name="rxlin"/>
        <signal driver="spi" name="sck"/>
        <signal driver="tc" instance="1" name="icp1a"/>
      </gpio>
      <gpio port="D" pin="5">
        <signal driver="ac" name="acmp2"/>
        <signal driver="adc" name="2"/>
        <signal driver="exint" name="pcint21"/>
      </gpio>
      <gpio port="D" pin="6">
        <signal driver="ac" name="acmpn2"/>
        <signal driver="adc" name="3"/>
        <signal driver="exint" name="0"/>
        <signal driver="exint" name="pcint22"/>
      </gpio>
      <gpio port="D" pin="7">
        <signal driver="ac" name="acmp0"/>
        <signal driver="exint" name="pcint23"/>
      </gpio>
      <gpio port="E" pin="0">
        <signal driver="exint" name="pcint24"/>
      </gpio>
      <gpio port="E" pin="1">
        <signal driver="exint" name="pcint25"/>
        <signal driver="tc" instance="0" name="oc0b"/>
      </gpio>
      <gpio port="E" pin="2">
        <signal driver="adc" name="0"/>
        <signal driver="exint" name="pcint26"/>
      </gpio>
    </driver>
  </device>
</modm>
