<?xml version='1.0' encoding='UTF-8'?>
<modm version="0.4.0">
  <!-- WARNING: This file is generated by the modm device file generator. Do not edit! -->
  <device platform="avr" family="mega" name="8|16|32" type="u2">
    <naming-schema>at{family}{name}{type}</naming-schema>
    <attribute-mcu device-name="16" value="m16u2"/>
    <attribute-mcu device-name="32" value="m32u2"/>
    <attribute-mcu device-name="8" value="m8u2"/>
    <driver name="core" type="avr8">
      <memory device-name="8|16" name="eeprom" size="512"/>
      <memory device-name="32" name="eeprom" size="1024"/>
      <memory device-name="8" name="flash" size="8192"/>
      <memory device-name="16" name="flash" size="16384"/>
      <memory device-name="32" name="flash" size="32768"/>
      <memory device-name="8|16" name="ram" size="512"/>
      <memory device-name="32" name="ram" size="1024"/>
    </driver>
    <driver name="ac" type="avr"/>
    <driver name="clock" type="avr"/>
    <driver name="eeprom" type="avr"/>
    <driver name="pll" type="avr"/>
    <driver name="spi" type="avr"/>
    <driver name="tc" type="tc16">
      <instance value="1"/>
    </driver>
    <driver name="tc" type="tc8">
      <instance value="0"/>
    </driver>
    <driver name="usart" type="avr">
      <instance value="1"/>
    </driver>
    <driver name="usb_device" type="avr"/>
    <driver name="wdt" type="avr"/>
    <driver name="gpio" type="avr">
      <gpio port="B" pin="0">
        <signal driver="exint" name="pcint0"/>
        <signal driver="spi" name="ss"/>
      </gpio>
      <gpio port="B" pin="1">
        <signal driver="exint" name="pcint1"/>
        <signal driver="spi" name="sclk"/>
      </gpio>
      <gpio port="B" pin="2">
        <signal driver="exint" name="pcint2"/>
        <signal driver="spi" name="mosi"/>
      </gpio>
      <gpio port="B" pin="3">
        <signal driver="exint" name="pcint3"/>
        <signal driver="spi" name="miso"/>
      </gpio>
      <gpio port="B" pin="4">
        <signal driver="exint" name="pcint4"/>
        <signal driver="tc" instance="1" name="t"/>
      </gpio>
      <gpio port="B" pin="5">
        <signal driver="exint" name="pcint5"/>
      </gpio>
      <gpio port="B" pin="6">
        <signal driver="exint" name="pcint6"/>
      </gpio>
      <gpio port="B" pin="7">
        <signal driver="exint" name="pcint7"/>
        <signal driver="tc" instance="0" name="oca"/>
        <signal driver="tc" instance="1" name="occ"/>
      </gpio>
      <gpio port="C" pin="0"/>
      <gpio port="C" pin="1"/>
      <gpio port="C" pin="2">
        <signal driver="ac" name="ain2"/>
        <signal driver="exint" name="pcint11"/>
      </gpio>
      <gpio port="C" pin="3"/>
      <gpio port="C" pin="4">
        <signal driver="exint" name="pcint10"/>
      </gpio>
      <gpio port="C" pin="5">
        <signal driver="exint" name="pcint9"/>
        <signal driver="tc" instance="1" name="ocb"/>
      </gpio>
      <gpio port="C" pin="6">
        <signal driver="exint" name="pcint8"/>
        <signal driver="tc" instance="1" name="oca"/>
      </gpio>
      <gpio port="C" pin="7">
        <signal driver="exint" name="4"/>
        <signal driver="tc" instance="1" name="icp"/>
      </gpio>
      <gpio port="D" pin="0">
        <signal driver="exint" name="0"/>
        <signal driver="tc" instance="0" name="ocb"/>
      </gpio>
      <gpio port="D" pin="1">
        <signal driver="ac" name="ain0"/>
        <signal driver="exint" name="1"/>
      </gpio>
      <gpio port="D" pin="2">
        <signal driver="ac" name="ain1"/>
        <signal driver="exint" name="2"/>
        <signal driver="usart" instance="1" name="rxd"/>
      </gpio>
      <gpio port="D" pin="3">
        <signal driver="exint" name="3"/>
        <signal driver="usart" instance="1" name="txd"/>
      </gpio>
      <gpio port="D" pin="4">
        <signal driver="ac" name="ain3"/>
        <signal driver="exint" name="5"/>
      </gpio>
      <gpio port="D" pin="5">
        <signal driver="ac" name="ain4"/>
        <signal driver="exint" name="pcint12"/>
        <signal driver="usart" instance="1" name="xck"/>
      </gpio>
      <gpio port="D" pin="6">
        <signal driver="ac" name="ain5"/>
        <signal driver="exint" name="6"/>
        <signal driver="usart" instance="1" name="rts"/>
      </gpio>
      <gpio port="D" pin="7">
        <signal driver="ac" name="ain6"/>
        <signal driver="exint" name="7"/>
        <signal driver="tc" instance="0" name="t"/>
        <signal driver="usart" instance="1" name="cts"/>
      </gpio>
    </driver>
  </device>
</modm>
