<?xml version='1.0' encoding='UTF-8'?>
<modm version="0.4.0">
  <!-- WARNING: This file is generated by the modm device file generator. Do not edit! -->
  <device platform="avr" family="mega" name="16|32" type="u4">
    <naming-schema>at{family}{name}{type}</naming-schema>
    <attribute-mcu device-name="16" value="m16"/>
    <attribute-mcu device-name="32" value="m32u4"/>
    <driver name="core" type="avr8">
      <memory device-name="16" name="eeprom" size="512"/>
      <memory device-name="32" name="eeprom" size="1024"/>
      <memory device-name="16" name="flash" size="16384"/>
      <memory device-name="32" name="flash" size="32768"/>
      <memory device-name="16" name="ram" size="1280"/>
      <memory device-name="32" name="ram" size="2560"/>
    </driver>
    <driver name="ac" type="avr"/>
    <driver name="adc" type="avr"/>
    <driver name="clock" type="avr"/>
    <driver name="eeprom" type="avr"/>
    <driver name="pll" type="avr"/>
    <driver name="spi" type="avr"/>
    <driver name="tc" type="tc10">
      <instance value="4"/>
    </driver>
    <driver name="tc" type="tc16">
      <instance value="1"/>
      <instance value="3"/>
    </driver>
    <driver name="tc" type="tc8">
      <instance value="0"/>
    </driver>
    <driver name="twi" type="avr"/>
    <driver name="usart" type="avr">
      <instance value="1"/>
    </driver>
    <driver name="usb_device" type="avr"/>
    <driver name="wdt" type="avr"/>
    <driver name="gpio" type="avr">
      <gpio port="B" pin="0">
        <signal driver="exint" name="pcint0"/>
        <signal driver="spi" name="ss"/>
      </gpio>
      <gpio port="B" pin="1">
        <signal driver="exint" name="pcint1"/>
        <signal driver="spi" name="sck"/>
      </gpio>
      <gpio port="B" pin="2">
        <signal driver="exint" name="pcint2"/>
        <signal driver="spi" name="mosi"/>
        <signal driver="spi" name="pdi"/>
      </gpio>
      <gpio port="B" pin="3">
        <signal driver="exint" name="pcint3"/>
        <signal driver="spi" name="miso"/>
        <signal driver="spi" name="pdo"/>
      </gpio>
      <gpio port="B" pin="4">
        <signal driver="adc" name="11"/>
        <signal driver="exint" name="pcint4"/>
      </gpio>
      <gpio port="B" pin="5">
        <signal driver="adc" name="12"/>
        <signal driver="exint" name="pcint5"/>
        <signal driver="tc" instance="1" name="oca"/>
        <signal driver="tc" instance="4" name="_ocb"/>
      </gpio>
      <gpio port="B" pin="6">
        <signal driver="adc" name="13"/>
        <signal driver="exint" name="pcint6"/>
        <signal driver="tc" instance="1" name="ocb"/>
        <signal driver="tc" instance="4" name="ocb"/>
      </gpio>
      <gpio port="B" pin="7">
        <signal driver="exint" name="pcint7"/>
        <signal driver="tc" instance="0" name="oca"/>
        <signal driver="tc" instance="1" name="occ"/>
        <signal driver="usart" instance="1" name="rts"/>
      </gpio>
      <gpio port="C" pin="6">
        <signal driver="tc" instance="3" name="oca"/>
        <signal driver="tc" instance="4" name="_oca"/>
      </gpio>
      <gpio port="C" pin="7">
        <signal driver="core" name="clk0"/>
        <signal driver="tc" instance="3" name="icp"/>
        <signal driver="tc" instance="4" name="oca"/>
      </gpio>
      <gpio port="D" pin="0">
        <signal driver="exint" name="0"/>
        <signal driver="tc" instance="0" name="ocb"/>
        <signal driver="twi" name="scl"/>
      </gpio>
      <gpio port="D" pin="1">
        <signal driver="exint" name="1"/>
        <signal driver="twi" name="sda"/>
      </gpio>
      <gpio port="D" pin="2">
        <signal driver="exint" name="2"/>
        <signal driver="usart" instance="1" name="rxd"/>
      </gpio>
      <gpio port="D" pin="3">
        <signal driver="exint" name="3"/>
        <signal driver="usart" instance="1" name="txd"/>
      </gpio>
      <gpio port="D" pin="4">
        <signal driver="adc" name="8"/>
        <signal driver="tc" instance="1" name="icp"/>
      </gpio>
      <gpio port="D" pin="5">
        <signal driver="usart" instance="1" name="cts"/>
        <signal driver="usart" instance="1" name="xck"/>
      </gpio>
      <gpio port="D" pin="6">
        <signal driver="adc" name="9"/>
        <signal driver="tc" instance="1" name="t"/>
        <signal driver="tc" instance="4" name="_ocd"/>
      </gpio>
      <gpio port="D" pin="7">
        <signal driver="adc" name="10"/>
        <signal driver="tc" instance="0" name="t"/>
        <signal driver="tc" instance="4" name="ocd"/>
      </gpio>
      <gpio port="E" pin="2">
        <signal driver="boot_load" name="hwb"/>
      </gpio>
      <gpio port="E" pin="6">
        <signal driver="ac" name="ain0"/>
        <signal driver="exint" name="6"/>
      </gpio>
      <gpio port="F" pin="0">
        <signal driver="adc" name="0"/>
      </gpio>
      <gpio port="F" pin="1">
        <signal driver="adc" name="1"/>
      </gpio>
      <gpio port="F" pin="4">
        <signal driver="adc" name="4"/>
        <signal driver="jtag" name="tck"/>
      </gpio>
      <gpio port="F" pin="5">
        <signal driver="adc" name="5"/>
        <signal driver="jtag" name="tms"/>
      </gpio>
      <gpio port="F" pin="6">
        <signal driver="adc" name="6"/>
        <signal driver="jtag" name="tdo"/>
      </gpio>
    </driver>
  </device>
</modm>
