<?xml version='1.0' encoding='UTF-8'?>
<modm version="0.4.0">
  <!-- WARNING: This file is generated by the modm device file generator. Do not edit! -->
  <device platform="avr" family="mega" name="640|1280|2560" type="">
    <naming-schema>at{family}{name}{type}</naming-schema>
    <attribute-mcu device-name="1280" value="m1280"/>
    <attribute-mcu device-name="2560" value="m2560"/>
    <attribute-mcu device-name="640" value="m640"/>
    <driver name="core" type="avr8">
      <memory name="eeprom" size="4096"/>
      <memory device-name="640" name="flash" size="65536"/>
      <memory device-name="1280" name="flash" size="131072"/>
      <memory device-name="2560" name="flash" size="262144"/>
      <memory name="ram" size="8192"/>
    </driver>
    <driver name="ac" type="avr"/>
    <driver name="adc" type="avr"/>
    <driver name="clock" type="avr"/>
    <driver name="eeprom" type="avr"/>
    <driver name="spi" type="avr"/>
    <driver name="tc" type="tc16">
      <instance value="1"/>
      <instance value="3"/>
      <instance value="4"/>
      <instance value="5"/>
    </driver>
    <driver name="tc" type="tc8">
      <instance value="0"/>
    </driver>
    <driver name="tc" type="tc8_async">
      <instance value="2"/>
    </driver>
    <driver name="twi" type="avr"/>
    <driver name="usart" type="avr">
      <instance value="0"/>
      <instance value="1"/>
      <instance value="2"/>
      <instance value="3"/>
    </driver>
    <driver name="wdt" type="avr"/>
    <driver name="gpio" type="avr">
      <gpio port="A" pin="0"/>
      <gpio port="A" pin="1"/>
      <gpio port="A" pin="2"/>
      <gpio port="A" pin="3"/>
      <gpio port="A" pin="4"/>
      <gpio port="A" pin="5"/>
      <gpio port="A" pin="6"/>
      <gpio port="A" pin="7"/>
      <gpio port="B" pin="0">
        <signal driver="exint" name="pcint0"/>
        <signal driver="spi" name="ss"/>
      </gpio>
      <gpio port="B" pin="1">
        <signal driver="exint" name="pcint1"/>
        <signal driver="spi" name="sck"/>
      </gpio>
      <gpio port="B" pin="2">
        <signal driver="exint" name="pcint2"/>
        <signal driver="spi" name="mosi"/>
      </gpio>
      <gpio port="B" pin="3">
        <signal driver="exint" name="pcint3"/>
        <signal driver="spi" name="miso"/>
      </gpio>
      <gpio port="B" pin="4">
        <signal driver="exint" name="pcint4"/>
        <signal driver="tc" instance="2" name="oca"/>
      </gpio>
      <gpio port="B" pin="5">
        <signal driver="exint" name="pcint5"/>
        <signal driver="tc" instance="1" name="oca"/>
      </gpio>
      <gpio port="B" pin="6">
        <signal driver="exint" name="pcint6"/>
        <signal driver="tc" instance="1" name="ocb"/>
      </gpio>
      <gpio port="B" pin="7">
        <signal driver="exint" name="pcint7"/>
        <signal driver="tc" instance="0" name="oca"/>
        <signal driver="tc" instance="1" name="occ"/>
      </gpio>
      <gpio port="C" pin="0"/>
      <gpio port="C" pin="1"/>
      <gpio port="C" pin="2"/>
      <gpio port="C" pin="3"/>
      <gpio port="C" pin="4"/>
      <gpio port="C" pin="5"/>
      <gpio port="C" pin="6"/>
      <gpio port="C" pin="7"/>
      <gpio port="D" pin="0">
        <signal driver="exint" name="0"/>
        <signal driver="twi" name="scl"/>
      </gpio>
      <gpio port="D" pin="1">
        <signal driver="exint" name="1"/>
        <signal driver="twi" name="sda"/>
      </gpio>
      <gpio port="D" pin="2">
        <signal driver="exint" name="2"/>
        <signal driver="usart" instance="1" name="rxd"/>
      </gpio>
      <gpio port="D" pin="3">
        <signal driver="exint" name="3"/>
        <signal driver="usart" instance="1" name="txd"/>
      </gpio>
      <gpio port="D" pin="4">
        <signal driver="tc" instance="1" name="icp"/>
      </gpio>
      <gpio port="D" pin="5">
        <signal driver="usart" instance="1" name="xck"/>
      </gpio>
      <gpio port="D" pin="6">
        <signal driver="tc" instance="1" name="t"/>
      </gpio>
      <gpio port="D" pin="7">
        <signal driver="tc" instance="0" name="t"/>
      </gpio>
      <gpio port="E" pin="0">
        <signal driver="exint" name="pcint8"/>
        <signal driver="usart" instance="0" name="rxd"/>
      </gpio>
      <gpio port="E" pin="1">
        <signal driver="usart" instance="0" name="txd"/>
      </gpio>
      <gpio port="E" pin="2">
        <signal driver="ac" name="ain0"/>
        <signal driver="usart" instance="0" name="xck"/>
      </gpio>
      <gpio port="E" pin="3">
        <signal driver="ac" name="ain1"/>
        <signal driver="tc" instance="3" name="oca"/>
      </gpio>
      <gpio port="E" pin="4">
        <signal driver="exint" name="4"/>
        <signal driver="tc" instance="3" name="ocb"/>
      </gpio>
      <gpio port="E" pin="5">
        <signal driver="exint" name="5"/>
        <signal driver="tc" instance="3" name="occ"/>
      </gpio>
      <gpio port="E" pin="6">
        <signal driver="exint" name="6"/>
        <signal driver="tc" instance="3" name="t"/>
      </gpio>
      <gpio port="E" pin="7">
        <signal driver="core" name="clko0"/>
        <signal driver="exint" name="7"/>
        <signal driver="tc" instance="3" name="icp"/>
      </gpio>
      <gpio port="F" pin="0">
        <signal driver="adc" name="0"/>
      </gpio>
      <gpio port="F" pin="1">
        <signal driver="adc" name="1"/>
      </gpio>
      <gpio port="F" pin="2">
        <signal driver="adc" name="2"/>
      </gpio>
      <gpio port="F" pin="3">
        <signal driver="adc" name="3"/>
      </gpio>
      <gpio port="F" pin="4">
        <signal driver="adc" name="4"/>
        <signal driver="jtag" name="tck"/>
      </gpio>
      <gpio port="F" pin="5">
        <signal driver="adc" name="5"/>
        <signal driver="jtag" name="tms"/>
      </gpio>
      <gpio port="F" pin="6">
        <signal driver="adc" name="6"/>
        <signal driver="jtag" name="tdo"/>
      </gpio>
      <gpio port="F" pin="7">
        <signal driver="adc" name="7"/>
        <signal driver="jtag" name="tdi"/>
      </gpio>
      <gpio port="G" pin="0"/>
      <gpio port="G" pin="1"/>
      <gpio port="G" pin="2"/>
      <gpio port="G" pin="3">
        <signal driver="tc" instance="2" name="tosc2"/>
      </gpio>
      <gpio port="G" pin="4">
        <signal driver="tc" instance="2" name="tosc1"/>
      </gpio>
      <gpio port="G" pin="5">
        <signal driver="tc" instance="0" name="ocb"/>
      </gpio>
      <gpio port="G" pin="6"/>
      <gpio port="G" pin="7"/>
      <gpio port="H" pin="0">
        <signal driver="usart" instance="2" name="rxd"/>
      </gpio>
      <gpio port="H" pin="1">
        <signal driver="usart" instance="2" name="txd"/>
      </gpio>
      <gpio port="H" pin="2">
        <signal driver="usart" instance="2" name="xck"/>
      </gpio>
      <gpio port="H" pin="3">
        <signal driver="tc" instance="4" name="oca"/>
      </gpio>
      <gpio port="H" pin="4">
        <signal driver="tc" instance="4" name="ocb"/>
      </gpio>
      <gpio port="H" pin="5">
        <signal driver="tc" instance="4" name="occ"/>
      </gpio>
      <gpio port="H" pin="6">
        <signal driver="tc" instance="2" name="ocb"/>
      </gpio>
      <gpio port="H" pin="7">
        <signal device-name="640|1280" driver="tc" instance="4" name="t"/>
      </gpio>
      <gpio port="J" pin="0">
        <signal driver="exint" name="pcint9"/>
        <signal driver="usart" instance="3" name="rxd"/>
      </gpio>
      <gpio port="J" pin="1">
        <signal driver="exint" name="pcint10"/>
        <signal driver="usart" instance="3" name="txd"/>
      </gpio>
      <gpio port="J" pin="2">
        <signal driver="exint" name="pcint11"/>
        <signal driver="usart" instance="3" name="xck"/>
      </gpio>
      <gpio port="J" pin="3">
        <signal driver="exint" name="pcint12"/>
      </gpio>
      <gpio port="J" pin="4">
        <signal driver="exint" name="pcint13"/>
      </gpio>
      <gpio port="J" pin="5">
        <signal driver="exint" name="pcint14"/>
      </gpio>
      <gpio port="J" pin="6">
        <signal driver="exint" name="pcint15"/>
      </gpio>
      <gpio port="J" pin="7"/>
      <gpio port="K" pin="0">
        <signal driver="adc" name="8"/>
        <signal driver="exint" name="pcint16"/>
      </gpio>
      <gpio port="K" pin="1">
        <signal driver="adc" name="9"/>
        <signal driver="exint" name="pcint17"/>
      </gpio>
      <gpio port="K" pin="2">
        <signal driver="adc" name="10"/>
        <signal driver="exint" name="pcint18"/>
      </gpio>
      <gpio port="K" pin="3">
        <signal driver="adc" name="11"/>
        <signal driver="exint" name="pcint19"/>
      </gpio>
      <gpio port="K" pin="4">
        <signal driver="adc" name="12"/>
        <signal driver="exint" name="pcint20"/>
      </gpio>
      <gpio port="K" pin="5">
        <signal driver="adc" name="13"/>
        <signal driver="exint" name="pcint21"/>
      </gpio>
      <gpio port="K" pin="6">
        <signal driver="adc" name="14"/>
        <signal driver="exint" name="pcint22"/>
      </gpio>
      <gpio port="K" pin="7">
        <signal driver="adc" name="15"/>
        <signal driver="exint" name="pcint23"/>
      </gpio>
      <gpio port="L" pin="0">
        <signal driver="tc" instance="4" name="icp"/>
      </gpio>
      <gpio port="L" pin="1">
        <signal driver="tc" instance="5" name="icp"/>
      </gpio>
      <gpio port="L" pin="2">
        <signal driver="tc" instance="5" name="t"/>
      </gpio>
      <gpio port="L" pin="3">
        <signal driver="tc" instance="5" name="oca"/>
      </gpio>
      <gpio port="L" pin="4">
        <signal driver="tc" instance="5" name="ocb"/>
      </gpio>
      <gpio port="L" pin="5">
        <signal driver="tc" instance="5" name="occ"/>
      </gpio>
      <gpio port="L" pin="6"/>
      <gpio port="L" pin="7"/>
    </driver>
  </device>
</modm>
