<?xml version='1.0' encoding='UTF-8'?>
<modm version="0.4.0">
  <!-- WARNING: This file is generated by the modm device file generator. Do not edit! -->
  <device platform="avr" family="mega" name="164|324|644" type="|a|p|pa">
    <naming-schema>at{family}{name}{type}</naming-schema>
    <invalid-device>atmega164</invalid-device>
    <invalid-device>atmega324</invalid-device>
    <attribute-mcu device-name="164" device-type="p|pa" value="m164p"/>
    <attribute-mcu device-name="324" device-type="p" value="m324p"/>
    <attribute-mcu device-name="324" device-type="pa" value="m324pa"/>
    <attribute-mcu device-name="644" device-type="|a" value="m644"/>
    <attribute-mcu device-name="644" device-type="p|pa" value="m644p"/>
    <attribute-mcu device-name="164|324" device-type="a" value="unsupported"/>
    <driver name="core" type="avr8">
      <memory device-name="164" name="eeprom" size="512"/>
      <memory device-name="324" name="eeprom" size="1024"/>
      <memory device-name="644" name="eeprom" size="2048"/>
      <memory device-name="164" name="flash" size="16384"/>
      <memory device-name="324" name="flash" size="32768"/>
      <memory device-name="644" name="flash" size="65536"/>
      <memory device-name="164" name="ram" size="1024"/>
      <memory device-name="324" name="ram" size="2048"/>
      <memory device-name="644" name="ram" size="4096"/>
    </driver>
    <driver name="ac" type="avr"/>
    <driver name="adc" type="avr"/>
    <driver name="clock" type="avr"/>
    <driver name="eeprom" type="avr"/>
    <driver name="spi" type="avr"/>
    <driver name="tc" type="tc16">
      <instance value="1"/>
    </driver>
    <driver name="tc" type="tc8">
      <instance value="0"/>
    </driver>
    <driver name="tc" type="tc8_async">
      <instance value="2"/>
    </driver>
    <driver name="twi" type="avr"/>
    <driver name="usart" type="avr">
      <instance value="0"/>
      <instance device-type="a|p|pa" value="1"/>
    </driver>
    <driver name="wdt" type="avr"/>
    <driver name="gpio" type="avr">
      <gpio port="A" pin="0">
        <signal driver="adc" name="0"/>
        <signal driver="exint" name="pcint0"/>
      </gpio>
      <gpio port="A" pin="1">
        <signal driver="adc" name="1"/>
        <signal driver="exint" name="pcint1"/>
      </gpio>
      <gpio port="A" pin="2">
        <signal driver="adc" name="2"/>
        <signal driver="exint" name="pcint2"/>
      </gpio>
      <gpio port="A" pin="3">
        <signal driver="adc" name="3"/>
        <signal driver="exint" name="pcint3"/>
      </gpio>
      <gpio port="A" pin="4">
        <signal driver="adc" name="4"/>
        <signal driver="exint" name="pcint4"/>
      </gpio>
      <gpio port="A" pin="5">
        <signal driver="adc" name="5"/>
        <signal driver="exint" name="pcint5"/>
      </gpio>
      <gpio port="A" pin="6">
        <signal driver="adc" name="6"/>
        <signal driver="exint" name="pcint6"/>
      </gpio>
      <gpio port="A" pin="7">
        <signal driver="adc" name="7"/>
        <signal driver="exint" name="pcint7"/>
      </gpio>
      <gpio port="B" pin="0">
        <signal driver="exint" name="pcint8"/>
        <signal driver="tc" instance="0" name="t"/>
        <signal driver="usart" instance="0" name="xck"/>
      </gpio>
      <gpio port="B" pin="1">
        <signal driver="core" name="clko0"/>
        <signal driver="exint" name="pcint9"/>
        <signal driver="tc" instance="1" name="t"/>
      </gpio>
      <gpio port="B" pin="2">
        <signal driver="ac" name="ain0"/>
        <signal driver="exint" name="2"/>
        <signal driver="exint" name="pcint10"/>
      </gpio>
      <gpio port="B" pin="3">
        <signal driver="ac" name="ain1"/>
        <signal driver="exint" name="pcint11"/>
        <signal driver="tc" instance="0" name="oca"/>
      </gpio>
      <gpio port="B" pin="4">
        <signal driver="exint" name="pcint12"/>
        <signal driver="spi" name="ss"/>
        <signal driver="tc" instance="0" name="ocb"/>
      </gpio>
      <gpio port="B" pin="5">
        <signal driver="exint" name="pcint13"/>
        <signal driver="spi" name="mosi"/>
      </gpio>
      <gpio port="B" pin="6">
        <signal driver="exint" name="pcint14"/>
        <signal driver="spi" name="miso"/>
      </gpio>
      <gpio port="B" pin="7">
        <signal driver="exint" name="pcint15"/>
        <signal driver="spi" name="sck"/>
      </gpio>
      <gpio port="C" pin="0">
        <signal driver="exint" name="pcint16"/>
        <signal driver="twi" name="scl"/>
      </gpio>
      <gpio port="C" pin="1">
        <signal driver="exint" name="pcint17"/>
        <signal driver="twi" name="sda"/>
      </gpio>
      <gpio port="C" pin="2">
        <signal driver="exint" name="pcint18"/>
        <signal driver="jtag" name="tck"/>
      </gpio>
      <gpio port="C" pin="3">
        <signal driver="exint" name="pcint19"/>
        <signal driver="jtag" name="tms"/>
      </gpio>
      <gpio port="C" pin="4">
        <signal driver="exint" name="pcint20"/>
        <signal driver="jtag" name="tdo"/>
      </gpio>
      <gpio port="C" pin="5">
        <signal driver="exint" name="pcint21"/>
        <signal driver="jtag" name="tdi"/>
      </gpio>
      <gpio port="C" pin="6">
        <signal driver="exint" name="pcint22"/>
        <signal device-name="164" device-type="a|pa" driver="tc" instance="2" name="tosc1"/>
        <signal device-name="644" device-type="a|p" driver="tc" instance="2" name="tosc1"/>
      </gpio>
      <gpio port="C" pin="7">
        <signal driver="exint" name="pcint23"/>
        <signal device-name="164" device-type="a|pa" driver="tc" instance="2" name="tosc2"/>
        <signal device-name="644" device-type="a|p" driver="tc" instance="2" name="tosc2"/>
      </gpio>
      <gpio port="D" pin="0">
        <signal driver="exint" name="pcint24"/>
        <signal driver="usart" instance="0" name="rxd"/>
      </gpio>
      <gpio port="D" pin="1">
        <signal driver="exint" name="pcint25"/>
        <signal driver="usart" instance="0" name="txd"/>
      </gpio>
      <gpio port="D" pin="2">
        <signal driver="exint" name="0"/>
        <signal driver="exint" name="pcint26"/>
        <signal device-type="a|p|pa" driver="usart" instance="1" name="rxd"/>
      </gpio>
      <gpio port="D" pin="3">
        <signal driver="exint" name="1"/>
        <signal driver="exint" name="pcint27"/>
        <signal device-type="a|p|pa" driver="usart" instance="1" name="txd"/>
      </gpio>
      <gpio port="D" pin="4">
        <signal driver="exint" name="pcint28"/>
        <signal driver="tc" instance="1" name="ocb"/>
        <signal device-type="a|p|pa" driver="usart" instance="1" name="xck"/>
      </gpio>
      <gpio port="D" pin="5">
        <signal driver="exint" name="pcint29"/>
        <signal driver="tc" instance="1" name="oca"/>
      </gpio>
      <gpio port="D" pin="6">
        <signal driver="exint" name="pcint30"/>
        <signal device-type="" driver="tc" instance="0" name="icp"/>
        <signal driver="tc" instance="1" name="icp"/>
        <signal driver="tc" instance="2" name="ocb"/>
      </gpio>
      <gpio port="D" pin="7">
        <signal driver="exint" name="pcint31"/>
        <signal driver="tc" instance="2" name="oca"/>
      </gpio>
    </driver>
  </device>
</modm>
