<?xml version='1.0' encoding='UTF-8'?>
<modm version="0.4.0">
  <!-- WARNING: This file is generated by the modm device file generator. Do not edit! -->
  <device platform="avr" family="mega" name="169|329|649" type="|a|p|pa">
    <naming-schema>at{family}{name}{type}</naming-schema>
    <invalid-device>atmega169</invalid-device>
    <invalid-device>atmega649pa</invalid-device>
    <attribute-mcu device-name="169" value="m169"/>
    <attribute-mcu device-name="329" device-type="|a" value="m329"/>
    <attribute-mcu device-name="329" device-type="p|pa" value="m329p"/>
    <attribute-mcu device-name="649" value="m649"/>
    <driver name="core" type="avr8">
      <memory device-name="169" name="eeprom" size="512"/>
      <memory device-name="329" name="eeprom" size="1024"/>
      <memory device-name="649" name="eeprom" size="2048"/>
      <memory device-name="169" name="flash" size="16384"/>
      <memory device-name="329" name="flash" size="32768"/>
      <memory device-name="649" name="flash" size="65536"/>
      <memory device-name="169" name="ram" size="1024"/>
      <memory device-name="329" name="ram" size="2048"/>
      <memory device-name="649" name="ram" size="4096"/>
    </driver>
    <driver name="ac" type="avr"/>
    <driver name="adc" type="avr"/>
    <driver name="clock" type="avr"/>
    <driver name="eeprom" type="avr"/>
    <driver name="lcd" type="avr"/>
    <driver name="spi" type="avr"/>
    <driver name="tc" type="tc16">
      <instance value="1"/>
    </driver>
    <driver name="tc" type="tc8">
      <instance value="0"/>
    </driver>
    <driver name="tc" type="tc8_async">
      <instance value="2"/>
    </driver>
    <driver name="usart" type="avr">
      <instance value="0"/>
    </driver>
    <driver name="usi" type="avr"/>
    <driver name="wdt" type="avr"/>
    <driver name="gpio" type="avr">
      <gpio port="A" pin="0">
        <signal driver="lcd" name="com0"/>
      </gpio>
      <gpio port="A" pin="1">
        <signal driver="lcd" name="com1"/>
      </gpio>
      <gpio port="A" pin="2">
        <signal driver="lcd" name="com2"/>
      </gpio>
      <gpio port="A" pin="3">
        <signal driver="lcd" name="com3"/>
      </gpio>
      <gpio port="A" pin="4">
        <signal driver="lcd" name="seg0"/>
      </gpio>
      <gpio port="A" pin="5">
        <signal driver="lcd" name="seg1"/>
      </gpio>
      <gpio port="A" pin="6">
        <signal driver="lcd" name="seg2"/>
      </gpio>
      <gpio port="A" pin="7">
        <signal driver="lcd" name="seg3"/>
      </gpio>
      <gpio port="B" pin="0">
        <signal driver="exint" name="pcint8"/>
        <signal driver="spi" name="ss"/>
      </gpio>
      <gpio port="B" pin="1">
        <signal driver="exint" name="pcint9"/>
        <signal driver="spi" name="sck"/>
      </gpio>
      <gpio port="B" pin="2">
        <signal driver="exint" name="pcint10"/>
        <signal driver="spi" name="mosi"/>
      </gpio>
      <gpio port="B" pin="3">
        <signal driver="exint" name="pcint11"/>
        <signal driver="spi" name="miso"/>
      </gpio>
      <gpio port="B" pin="4">
        <signal driver="exint" name="pcint12"/>
        <signal driver="tc" instance="0" name="oca"/>
      </gpio>
      <gpio port="B" pin="5">
        <signal driver="exint" name="pcint13"/>
        <signal driver="tc" instance="1" name="oca"/>
      </gpio>
      <gpio port="B" pin="6">
        <signal driver="exint" name="pcint14"/>
        <signal driver="tc" instance="1" name="ocb"/>
      </gpio>
      <gpio port="B" pin="7">
        <signal driver="exint" name="pcint15"/>
        <signal driver="tc" instance="2" name="oca"/>
      </gpio>
      <gpio port="C" pin="0">
        <signal driver="lcd" name="seg12"/>
      </gpio>
      <gpio port="C" pin="1">
        <signal driver="lcd" name="seg11"/>
      </gpio>
      <gpio port="C" pin="2">
        <signal driver="lcd" name="seg10"/>
      </gpio>
      <gpio port="C" pin="3">
        <signal driver="lcd" name="seg9"/>
      </gpio>
      <gpio port="C" pin="4">
        <signal driver="lcd" name="seg8"/>
      </gpio>
      <gpio port="C" pin="5">
        <signal driver="lcd" name="seg7"/>
      </gpio>
      <gpio port="C" pin="6">
        <signal driver="lcd" name="seg6"/>
      </gpio>
      <gpio port="C" pin="7">
        <signal driver="lcd" name="seg5"/>
      </gpio>
      <gpio port="D" pin="0">
        <signal driver="lcd" name="seg22"/>
        <signal driver="tc" instance="1" name="icp"/>
      </gpio>
      <gpio port="D" pin="1">
        <signal driver="exint" name="0"/>
        <signal driver="lcd" name="seg21"/>
      </gpio>
      <gpio port="D" pin="2">
        <signal driver="lcd" name="seg20"/>
      </gpio>
      <gpio port="D" pin="3">
        <signal driver="lcd" name="seg19"/>
      </gpio>
      <gpio port="D" pin="4">
        <signal driver="lcd" name="seg18"/>
      </gpio>
      <gpio port="D" pin="5">
        <signal driver="lcd" name="seg17"/>
      </gpio>
      <gpio port="D" pin="6">
        <signal driver="lcd" name="seg16"/>
      </gpio>
      <gpio port="D" pin="7">
        <signal driver="lcd" name="seg15"/>
      </gpio>
      <gpio port="E" pin="0">
        <signal driver="exint" name="pcint0"/>
        <signal driver="usart" instance="0" name="rxd"/>
      </gpio>
      <gpio port="E" pin="1">
        <signal driver="exint" name="pcint1"/>
        <signal driver="usart" instance="0" name="txd"/>
      </gpio>
      <gpio port="E" pin="2">
        <signal driver="ac" name="ain0"/>
        <signal driver="exint" name="pcint2"/>
        <signal driver="usart" instance="0" name="xck"/>
      </gpio>
      <gpio port="E" pin="3">
        <signal driver="ac" name="ain1"/>
        <signal driver="exint" name="pcint3"/>
      </gpio>
      <gpio port="E" pin="4">
        <signal driver="exint" name="pcint4"/>
        <signal driver="usart" instance="0" name="usck"/>
      </gpio>
      <gpio port="E" pin="5">
        <signal driver="exint" name="pcint5"/>
        <signal driver="usi" name="di"/>
      </gpio>
      <gpio port="E" pin="6">
        <signal driver="exint" name="pcint6"/>
        <signal driver="usi" name="do"/>
      </gpio>
      <gpio port="E" pin="7">
        <signal driver="core" name="clk0"/>
        <signal driver="exint" name="pcint7"/>
      </gpio>
      <gpio port="F" pin="0">
        <signal driver="adc" name="0"/>
      </gpio>
      <gpio port="F" pin="1">
        <signal driver="adc" name="1"/>
      </gpio>
      <gpio port="F" pin="2">
        <signal driver="adc" name="2"/>
      </gpio>
      <gpio port="F" pin="3">
        <signal driver="adc" name="3"/>
      </gpio>
      <gpio port="F" pin="4">
        <signal driver="adc" name="4"/>
        <signal driver="jtag" name="tck"/>
      </gpio>
      <gpio port="F" pin="5">
        <signal driver="adc" name="5"/>
        <signal driver="jtag" name="tms"/>
      </gpio>
      <gpio port="F" pin="6">
        <signal driver="adc" name="6"/>
        <signal driver="jtag" name="tdo"/>
      </gpio>
      <gpio port="F" pin="7">
        <signal driver="adc" name="7"/>
        <signal driver="jtag" name="tdi"/>
      </gpio>
      <gpio port="G" pin="0"/>
      <gpio port="G" pin="1">
        <signal driver="lcd" name="seg13"/>
      </gpio>
      <gpio port="G" pin="2">
        <signal driver="lcd" name="seg14"/>
        <signal driver="lcd" name="seg4"/>
      </gpio>
      <gpio port="G" pin="3">
        <signal driver="lcd" name="seg24"/>
        <signal driver="tc" instance="1" name="t"/>
      </gpio>
      <gpio port="G" pin="4">
        <signal driver="lcd" name="seg23"/>
        <signal driver="tc" instance="0" name="t"/>
      </gpio>
      <gpio port="G" pin="5"/>
    </driver>
  </device>
</modm>
