<?xml version='1.0' encoding='UTF-8'?>
<modm version="0.4.0">
  <!-- WARNING: This file is generated by the modm device file generator. Do not edit! -->
  <device platform="avr" family="mega" name="64" type="hve2">
    <naming-schema>at{family}{name}{type}</naming-schema>
    <attribute-mcu value="m64"/>
    <driver name="core" type="avr8">
      <memory name="eeprom" size="1024"/>
      <memory name="flash" size="65536"/>
      <memory name="ram" size="4096"/>
    </driver>
    <driver name="adc" type="avr"/>
    <driver name="bandgap" type="avr"/>
    <driver name="clock" type="avr"/>
    <driver name="eeprom" type="avr"/>
    <driver name="linuart" type="avr"/>
    <driver name="spi" type="avr"/>
    <driver name="tc" type="tc16">
      <instance value="0"/>
      <instance value="1"/>
    </driver>
    <driver name="wakeup_timer" type="avr"/>
    <driver name="wdt" type="avr"/>
    <driver name="gpio" type="avr">
      <gpio port="A" pin="0"/>
      <gpio port="A" pin="1"/>
      <gpio port="B" pin="0"/>
      <gpio port="B" pin="1"/>
      <gpio port="B" pin="2"/>
      <gpio port="B" pin="3"/>
      <gpio port="B" pin="4"/>
      <gpio port="B" pin="5"/>
      <gpio port="B" pin="6"/>
      <gpio port="B" pin="7"/>
    </driver>
  </device>
</modm>
