<?xml version='1.0' encoding='UTF-8'?>
<modm version="0.4.0">
  <!-- WARNING: This file is generated by the modm device file generator. Do not edit! -->
  <device platform="avr" family="mega" name="3290|6490" type="|a|p|pa">
    <naming-schema>at{family}{name}{type}</naming-schema>
    <invalid-device>atmega6490pa</invalid-device>
    <attribute-mcu device-name="3290" device-type="|a" value="m3290"/>
    <attribute-mcu device-name="3290" device-type="p|pa" value="m3290p"/>
    <attribute-mcu device-name="6490" value="m6490"/>
    <driver name="core" type="avr8">
      <memory device-name="3290" name="eeprom" size="1024"/>
      <memory device-name="6490" name="eeprom" size="2048"/>
      <memory device-name="3290" name="flash" size="32768"/>
      <memory device-name="6490" name="flash" size="65536"/>
      <memory device-name="3290" name="ram" size="2048"/>
      <memory device-name="6490" name="ram" size="4096"/>
    </driver>
    <driver name="ac" type="avr"/>
    <driver name="adc" type="avr"/>
    <driver name="clock" type="avr"/>
    <driver name="eeprom" type="avr"/>
    <driver name="lcd" type="avr"/>
    <driver name="spi" type="avr"/>
    <driver name="tc" type="tc16">
      <instance value="1"/>
    </driver>
    <driver name="tc" type="tc8">
      <instance value="0"/>
    </driver>
    <driver name="tc" type="tc8_async">
      <instance value="2"/>
    </driver>
    <driver name="usart" type="avr">
      <instance value="0"/>
    </driver>
    <driver name="usi" type="avr"/>
    <driver name="wdt" type="avr"/>
    <driver name="gpio" type="avr">
      <gpio port="A" pin="0"/>
      <gpio port="A" pin="1"/>
      <gpio port="A" pin="2"/>
      <gpio port="A" pin="3"/>
      <gpio port="A" pin="4"/>
      <gpio port="A" pin="5"/>
      <gpio port="A" pin="6"/>
      <gpio port="A" pin="7"/>
      <gpio port="B" pin="0"/>
      <gpio port="B" pin="1"/>
      <gpio port="B" pin="2"/>
      <gpio port="B" pin="3"/>
      <gpio port="B" pin="4"/>
      <gpio port="B" pin="5"/>
      <gpio port="B" pin="6"/>
      <gpio port="B" pin="7"/>
      <gpio port="C" pin="0"/>
      <gpio port="C" pin="1"/>
      <gpio port="C" pin="2"/>
      <gpio port="C" pin="3"/>
      <gpio port="C" pin="4"/>
      <gpio port="C" pin="5"/>
      <gpio port="C" pin="6"/>
      <gpio port="C" pin="7"/>
      <gpio port="D" pin="0"/>
      <gpio port="D" pin="1"/>
      <gpio port="D" pin="2"/>
      <gpio port="D" pin="3"/>
      <gpio port="D" pin="4"/>
      <gpio port="D" pin="5"/>
      <gpio port="D" pin="6"/>
      <gpio port="D" pin="7"/>
      <gpio port="E" pin="0"/>
      <gpio port="E" pin="1"/>
      <gpio port="E" pin="2"/>
      <gpio port="E" pin="3"/>
      <gpio port="E" pin="4"/>
      <gpio port="E" pin="5"/>
      <gpio port="E" pin="6"/>
      <gpio port="E" pin="7"/>
      <gpio port="F" pin="0"/>
      <gpio port="F" pin="1"/>
      <gpio port="F" pin="2"/>
      <gpio port="F" pin="3"/>
      <gpio port="F" pin="4"/>
      <gpio port="F" pin="5"/>
      <gpio port="F" pin="6"/>
      <gpio port="F" pin="7"/>
      <gpio port="G" pin="0"/>
      <gpio port="G" pin="1"/>
      <gpio port="G" pin="2"/>
      <gpio port="G" pin="3"/>
      <gpio port="G" pin="4"/>
      <gpio port="H" pin="0"/>
      <gpio port="H" pin="1"/>
      <gpio port="H" pin="2"/>
      <gpio port="H" pin="3"/>
      <gpio port="H" pin="4"/>
      <gpio port="H" pin="5"/>
      <gpio port="H" pin="6"/>
      <gpio port="H" pin="7"/>
      <gpio port="J" pin="0"/>
      <gpio port="J" pin="1"/>
      <gpio port="J" pin="2"/>
      <gpio port="J" pin="3"/>
      <gpio port="J" pin="4"/>
      <gpio port="J" pin="5"/>
      <gpio port="J" pin="6"/>
    </driver>
  </device>
</modm>
