<?xml version='1.0' encoding='UTF-8'?>
<modm version="0.4.0">
  <!-- WARNING: This file is generated by the modm device file generator. Do not edit! -->
  <device platform="avr" family="mega" name="64|128|256" type="rfa1|rfr2">
    <naming-schema>at{family}{name}{type}</naming-schema>
    <invalid-device>atmega256rfa1</invalid-device>
    <invalid-device>atmega64rfa1</invalid-device>
    <attribute-mcu device-type="rfa1" value="m128rfa1"/>
    <attribute-mcu device-name="128" device-type="rfr2" value="m128rfr2"/>
    <attribute-mcu device-name="256" value="m256rfr2"/>
    <attribute-mcu device-name="64" value="m64rfr2"/>
    <driver name="core" type="avr8">
      <memory device-name="64" name="eeprom" size="2048"/>
      <memory device-name="128" name="eeprom" size="4096"/>
      <memory device-name="256" name="eeprom" size="8192"/>
      <memory device-name="64" name="flash" size="65536"/>
      <memory device-name="128" name="flash" size="131072"/>
      <memory device-name="256" name="flash" size="262144"/>
      <memory device-name="64" name="ram" size="8192"/>
      <memory device-name="128" name="ram" size="16384"/>
      <memory device-name="256" name="ram" size="32768"/>
    </driver>
    <driver name="ac" type="avr"/>
    <driver name="adc" type="avr"/>
    <driver name="clock" type="avr"/>
    <driver name="eeprom" type="avr"/>
    <driver name="flash" type="avr"/>
    <driver name="pwrctrl" type="avr"/>
    <driver name="spi" type="avr"/>
    <driver name="symcnt" type="avr"/>
    <driver name="tc" type="tc16">
      <instance value="1"/>
      <instance value="3"/>
      <instance value="4"/>
      <instance value="5"/>
    </driver>
    <driver name="tc" type="tc8">
      <instance value="0"/>
    </driver>
    <driver name="tc" type="tc8_async">
      <instance value="2"/>
    </driver>
    <driver name="trx24" type="avr"/>
    <driver name="twi" type="avr"/>
    <driver name="usart" type="avr">
      <instance value="0"/>
      <instance value="1"/>
    </driver>
    <driver name="wdt" type="avr"/>
    <driver name="gpio" type="avr">
      <gpio port="A" pin="0"/>
      <gpio port="A" pin="1"/>
      <gpio port="A" pin="2"/>
      <gpio port="A" pin="3"/>
      <gpio port="A" pin="4"/>
      <gpio port="A" pin="5"/>
      <gpio port="A" pin="6"/>
      <gpio port="A" pin="7"/>
      <gpio port="B" pin="0"/>
      <gpio port="B" pin="1"/>
      <gpio port="B" pin="2"/>
      <gpio port="B" pin="3"/>
      <gpio port="B" pin="4"/>
      <gpio port="B" pin="5"/>
      <gpio port="B" pin="6"/>
      <gpio port="B" pin="7"/>
      <gpio port="C" pin="0"/>
      <gpio port="C" pin="1"/>
      <gpio port="C" pin="2"/>
      <gpio port="C" pin="3"/>
      <gpio port="C" pin="4"/>
      <gpio port="C" pin="5"/>
      <gpio port="C" pin="6"/>
      <gpio port="C" pin="7"/>
      <gpio port="D" pin="0"/>
      <gpio port="D" pin="1"/>
      <gpio port="D" pin="2"/>
      <gpio port="D" pin="3"/>
      <gpio port="D" pin="4"/>
      <gpio port="D" pin="5"/>
      <gpio port="D" pin="6"/>
      <gpio port="D" pin="7"/>
      <gpio port="E" pin="0"/>
      <gpio port="E" pin="1"/>
      <gpio port="E" pin="2"/>
      <gpio port="E" pin="3"/>
      <gpio port="E" pin="4"/>
      <gpio port="E" pin="5"/>
      <gpio port="E" pin="6"/>
      <gpio port="E" pin="7"/>
      <gpio port="F" pin="0"/>
      <gpio port="F" pin="1"/>
      <gpio port="F" pin="2"/>
      <gpio port="F" pin="3"/>
      <gpio port="F" pin="4"/>
      <gpio port="F" pin="5"/>
      <gpio port="F" pin="6"/>
      <gpio port="F" pin="7"/>
      <gpio port="G" pin="0"/>
      <gpio port="G" pin="1"/>
      <gpio port="G" pin="2"/>
      <gpio port="G" pin="3"/>
      <gpio port="G" pin="4"/>
      <gpio port="G" pin="5"/>
      <gpio port="G" pin="6"/>
      <gpio port="G" pin="7"/>
    </driver>
  </device>
</modm>
