<?xml version='1.0' encoding='UTF-8'?>
<modm version="0.4.0">
  <!-- WARNING: This file is generated by the modm device file generator. Do not edit! -->
  <device platform="avr" family="mega" name="324" type="pb">
    <naming-schema>at{family}{name}{type}</naming-schema>
    <attribute-mcu value="m324p"/>
    <driver name="core" type="avr8">
      <memory name="eeprom" size="1024"/>
      <memory name="flash" size="32768"/>
      <memory name="ram" size="2048"/>
    </driver>
    <driver name="ac" type="avr"/>
    <driver name="adc" type="avr"/>
    <driver name="cfd" type="avr"/>
    <driver name="clock" type="avr"/>
    <driver name="eeprom" type="avr"/>
    <driver name="ptc" type="avr"/>
    <driver name="spi" type="avr">
      <instance value="0"/>
      <instance value="1"/>
    </driver>
    <driver name="tc" type="tc16">
      <instance value="1"/>
      <instance value="3"/>
      <instance value="4"/>
    </driver>
    <driver name="tc" type="tc8">
      <instance value="0"/>
    </driver>
    <driver name="tc" type="tc8_async">
      <instance value="2"/>
    </driver>
    <driver name="twi" type="avr">
      <instance value="0"/>
      <instance value="1"/>
    </driver>
    <driver name="usart" type="avr">
      <instance value="0"/>
      <instance value="1"/>
      <instance value="2"/>
    </driver>
    <driver name="wdt" type="avr"/>
    <driver name="gpio" type="avr">
      <gpio port="A" pin="0">
        <signal driver="adc" name="adc0"/>
        <signal driver="exint" name="pcint0"/>
        <signal driver="ptc" name="y0"/>
      </gpio>
      <gpio port="A" pin="1">
        <signal driver="adc" name="adc1"/>
        <signal driver="exint" name="pcint1"/>
        <signal driver="ptc" name="y1"/>
      </gpio>
      <gpio port="A" pin="2">
        <signal driver="adc" name="adc2"/>
        <signal driver="exint" name="pcint2"/>
        <signal driver="ptc" name="y2"/>
      </gpio>
      <gpio port="A" pin="3">
        <signal driver="adc" name="adc3"/>
        <signal driver="exint" name="pcint3"/>
        <signal driver="ptc" name="y3"/>
      </gpio>
      <gpio port="A" pin="4">
        <signal driver="adc" name="adc4"/>
        <signal driver="exint" name="pcint4"/>
        <signal driver="ptc" name="y4"/>
      </gpio>
      <gpio port="A" pin="5">
        <signal driver="adc" name="adc5"/>
        <signal driver="exint" name="pcint5"/>
        <signal driver="ptc" name="y5"/>
      </gpio>
      <gpio port="A" pin="6">
        <signal driver="adc" name="adc6"/>
        <signal driver="exint" name="pcint6"/>
        <signal driver="ptc" name="y6"/>
      </gpio>
      <gpio port="A" pin="7">
        <signal driver="adc" name="adc7"/>
        <signal driver="exint" name="pcint7"/>
        <signal driver="ptc" name="y7"/>
      </gpio>
      <gpio port="B" pin="0">
        <signal driver="exint" name="pcint8"/>
        <signal driver="ptc" name="y24"/>
        <signal driver="tc" instance="0" name="t"/>
        <signal driver="usart" instance="0" name="xck"/>
      </gpio>
      <gpio port="B" pin="1">
        <signal driver="core" name="clk0"/>
        <signal driver="exint" name="pcint9"/>
        <signal driver="ptc" name="y25"/>
        <signal driver="tc" instance="1" name="t"/>
      </gpio>
      <gpio port="B" pin="2">
        <signal driver="ac" name="ain0"/>
        <signal driver="exint" name="2"/>
        <signal driver="exint" name="pcint10"/>
        <signal driver="ptc" name="y26"/>
      </gpio>
      <gpio port="B" pin="3">
        <signal driver="ac" name="ain1"/>
        <signal driver="exint" name="pcint11"/>
        <signal driver="ptc" name="y27"/>
        <signal driver="tc" instance="0" name="oca"/>
      </gpio>
      <gpio port="B" pin="4">
        <signal driver="exint" name="pcint12"/>
        <signal driver="ptc" name="y28"/>
        <signal driver="spi" instance="0" name="ss"/>
        <signal driver="tc" instance="0" name="ocb"/>
      </gpio>
      <gpio port="B" pin="5">
        <signal driver="exint" name="pcint13"/>
        <signal driver="ptc" name="y29"/>
        <signal driver="spi" instance="0" name="mosi"/>
        <signal driver="tc" instance="3" name="icp"/>
      </gpio>
      <gpio port="B" pin="6">
        <signal driver="exint" name="pcint14"/>
        <signal driver="ptc" name="y30"/>
        <signal driver="spi" instance="0" name="miso"/>
        <signal driver="tc" instance="3" name="oca"/>
      </gpio>
      <gpio port="B" pin="7">
        <signal driver="exint" name="pcint15"/>
        <signal driver="ptc" name="y31"/>
        <signal driver="spi" instance="0" name="sck"/>
        <signal driver="tc" instance="3" name="ocb"/>
        <signal driver="tc" instance="4" name="ocb"/>
      </gpio>
      <gpio port="C" pin="0">
        <signal driver="exint" name="pcint16"/>
        <signal driver="ptc" name="x10"/>
        <signal driver="ptc" name="y18"/>
        <signal driver="twi" instance="0" name="scl0"/>
      </gpio>
      <gpio port="C" pin="1">
        <signal driver="exint" name="pcint17"/>
        <signal driver="ptc" name="x11"/>
        <signal driver="ptc" name="y19"/>
        <signal driver="twi" instance="0" name="sda0"/>
      </gpio>
      <gpio port="C" pin="2">
        <signal driver="exint" name="pcint18"/>
        <signal driver="jtag" name="tck"/>
        <signal driver="ptc" name="x12"/>
        <signal driver="ptc" name="y20"/>
        <signal driver="tc" instance="4" name="t"/>
      </gpio>
      <gpio port="C" pin="3">
        <signal driver="exint" name="pcint19"/>
        <signal driver="jtag" name="tms"/>
        <signal driver="ptc" name="x13"/>
        <signal driver="ptc" name="y21"/>
        <signal driver="tc" instance="4" name="icp"/>
      </gpio>
      <gpio port="C" pin="4">
        <signal driver="exint" name="pcint20"/>
        <signal driver="jtag" name="tdo"/>
        <signal driver="ptc" name="x14"/>
        <signal driver="ptc" name="y22"/>
        <signal driver="tc" instance="4" name="oca"/>
      </gpio>
      <gpio port="C" pin="5">
        <signal driver="exint" name="pcint21"/>
        <signal driver="jtag" name="tdi"/>
        <signal driver="ptc" name="x15"/>
        <signal driver="ptc" name="y23"/>
      </gpio>
      <gpio port="C" pin="6">
        <signal driver="exint" name="pcint22"/>
      </gpio>
      <gpio port="C" pin="7">
        <signal driver="exint" name="pcint23"/>
      </gpio>
      <gpio port="D" pin="0">
        <signal driver="exint" name="pcint24"/>
        <signal driver="ptc" name="x0"/>
        <signal driver="ptc" name="y8"/>
        <signal driver="tc" instance="3" name="t"/>
        <signal driver="usart" instance="0" name="rxd"/>
      </gpio>
      <gpio port="D" pin="1">
        <signal driver="exint" name="pcint25"/>
        <signal driver="ptc" name="x1"/>
        <signal driver="ptc" name="y9"/>
        <signal driver="usart" instance="0" name="txd"/>
      </gpio>
      <gpio port="D" pin="2">
        <signal driver="exint" name="0"/>
        <signal driver="exint" name="pcint26"/>
        <signal driver="ptc" name="x2"/>
        <signal driver="ptc" name="y10"/>
        <signal driver="usart" instance="1" name="rxd"/>
      </gpio>
      <gpio port="D" pin="3">
        <signal driver="exint" name="1"/>
        <signal driver="exint" name="pcint27"/>
        <signal driver="ptc" name="x3"/>
        <signal driver="ptc" name="y11"/>
        <signal driver="usart" instance="1" name="txd"/>
      </gpio>
      <gpio port="D" pin="4">
        <signal driver="exint" name="pcint28"/>
        <signal driver="ptc" name="x4"/>
        <signal driver="ptc" name="y12"/>
        <signal driver="tc" instance="1" name="ocb"/>
        <signal driver="usart" instance="1" name="xck"/>
      </gpio>
      <gpio port="D" pin="5">
        <signal driver="exint" name="pcint29"/>
        <signal driver="ptc" name="x5"/>
        <signal driver="ptc" name="y13"/>
        <signal driver="tc" instance="1" name="oca"/>
      </gpio>
      <gpio port="D" pin="6">
        <signal driver="exint" name="pcint30"/>
        <signal driver="ptc" name="x6"/>
        <signal driver="ptc" name="y14"/>
        <signal driver="spi" instance="1" name="ss"/>
        <signal driver="tc" instance="1" name="icp"/>
        <signal driver="tc" instance="2" name="ocb"/>
      </gpio>
      <gpio port="D" pin="7">
        <signal driver="exint" name="pcint31"/>
        <signal driver="ptc" name="x7"/>
        <signal driver="ptc" name="y15"/>
        <signal driver="spi" instance="1" name="sck"/>
        <signal driver="tc" instance="2" name="oca"/>
        <signal driver="usart" instance="2" name="xck"/>
      </gpio>
      <gpio port="E" pin="0">
        <signal driver="exint" name="pcint32"/>
      </gpio>
      <gpio port="E" pin="1">
        <signal driver="exint" name="pcint33"/>
      </gpio>
      <gpio port="E" pin="2">
        <signal driver="ptc" name="x8"/>
        <signal driver="ptc" name="y16"/>
        <signal driver="spi" instance="1" name="miso"/>
        <signal driver="usart" instance="2" name="rxd"/>
      </gpio>
      <gpio port="E" pin="3">
        <signal driver="ptc" name="x9"/>
        <signal driver="ptc" name="y17"/>
        <signal driver="spi" instance="1" name="mosi"/>
        <signal driver="usart" instance="2" name="txd"/>
      </gpio>
      <gpio port="E" pin="4"/>
      <gpio port="E" pin="5">
        <signal driver="twi" instance="1" name="sda1"/>
      </gpio>
      <gpio port="E" pin="6">
        <signal driver="twi" instance="1" name="scl1"/>
      </gpio>
    </driver>
  </device>
</modm>
