<?xml version='1.0' encoding='UTF-8'?>
<modm version="0.4.0">
  <!-- WARNING: This file is generated by the modm device file generator. Do not edit! -->
  <device platform="avr" family="mega" name="8|16" type="hva">
    <naming-schema>at{family}{name}{type}</naming-schema>
    <attribute-mcu device-name="16" value="m16"/>
    <attribute-mcu device-name="8" value="m8"/>
    <driver name="core" type="avr8">
      <memory name="eeprom" size="256"/>
      <memory device-name="8" name="flash" size="8192"/>
      <memory device-name="16" name="flash" size="16384"/>
      <memory name="ram" size="512"/>
    </driver>
    <driver name="adc" type="avr"/>
    <driver name="bandgap" type="avr"/>
    <driver name="battery_protection" type="avr"/>
    <driver name="clock" type="avr"/>
    <driver name="coulomb_counter" type="avr"/>
    <driver name="eeprom" type="avr"/>
    <driver name="fet" type="avr"/>
    <driver name="spi" type="avr"/>
    <driver name="tc" type="tc16">
      <instance value="0"/>
      <instance value="1"/>
    </driver>
    <driver name="voltage_regulator" type="avr"/>
    <driver name="wdt" type="avr"/>
    <driver name="gpio" type="avr">
      <gpio port="A" pin="0"/>
      <gpio port="A" pin="1"/>
      <gpio port="B" pin="0"/>
      <gpio port="B" pin="1"/>
      <gpio port="B" pin="2"/>
      <gpio port="B" pin="3"/>
      <gpio port="C" pin="0"/>
    </driver>
  </device>
</modm>
