<?xml version='1.0' encoding='UTF-8'?>
<modm version="0.4.0">
  <!-- WARNING: This file is generated by the modm device file generator. Do not edit! -->
  <device platform="avr" family="mega" name="64|128" type="|a">
    <naming-schema>at{family}{name}{type}</naming-schema>
    <attribute-mcu device-name="128" value="m128"/>
    <attribute-mcu device-name="64" value="m64"/>
    <driver name="core" type="avr8">
      <memory device-name="64" name="eeprom" size="2048"/>
      <memory device-name="128" name="eeprom" size="4096"/>
      <memory device-name="64" name="flash" size="65536"/>
      <memory device-name="128" name="flash" size="131072"/>
      <memory name="ram" size="4096"/>
    </driver>
    <driver name="ac" type="avr"/>
    <driver name="adc" type="avr"/>
    <driver name="clock" type="avr"/>
    <driver name="eeprom" type="avr"/>
    <driver name="misc" type="avr"/>
    <driver name="spi" type="avr"/>
    <driver name="tc" type="tc16">
      <instance value="1"/>
      <instance value="3"/>
    </driver>
    <driver name="tc" type="tc8">
      <instance value="2"/>
    </driver>
    <driver name="tc" type="tc8_async">
      <instance value="0"/>
    </driver>
    <driver name="twi" type="avr"/>
    <driver name="usart" type="avr">
      <instance value="0"/>
      <instance value="1"/>
    </driver>
    <driver name="wdt" type="avr"/>
    <driver name="gpio" type="avr">
      <gpio port="A" pin="0">
        <signal driver="misc" name="ad0"/>
      </gpio>
      <gpio port="A" pin="1">
        <signal driver="misc" name="ad1"/>
      </gpio>
      <gpio port="A" pin="2">
        <signal driver="misc" name="ad2"/>
      </gpio>
      <gpio port="A" pin="3">
        <signal driver="misc" name="ad3"/>
      </gpio>
      <gpio port="A" pin="4">
        <signal driver="misc" name="ad4"/>
      </gpio>
      <gpio port="A" pin="5">
        <signal driver="misc" name="ad5"/>
      </gpio>
      <gpio port="A" pin="6">
        <signal driver="misc" name="ad6"/>
      </gpio>
      <gpio port="A" pin="7">
        <signal driver="misc" name="ad7"/>
      </gpio>
      <gpio port="B" pin="0">
        <signal driver="spi" name="ss"/>
      </gpio>
      <gpio port="B" pin="1">
        <signal driver="spi" name="sck"/>
      </gpio>
      <gpio port="B" pin="2">
        <signal driver="spi" name="mosi"/>
      </gpio>
      <gpio port="B" pin="3">
        <signal driver="spi" name="miso"/>
      </gpio>
      <gpio port="B" pin="4">
        <signal driver="tc" instance="0" name="oc"/>
      </gpio>
      <gpio port="B" pin="5">
        <signal driver="tc" instance="1" name="oca"/>
      </gpio>
      <gpio port="B" pin="6">
        <signal driver="tc" instance="1" name="ocb"/>
      </gpio>
      <gpio port="B" pin="7">
        <signal driver="tc" instance="1" name="occ"/>
        <signal driver="tc" instance="2" name="oc"/>
      </gpio>
      <gpio port="C" pin="0">
        <signal driver="misc" name="a8"/>
      </gpio>
      <gpio port="C" pin="1">
        <signal driver="misc" name="a9"/>
      </gpio>
      <gpio port="C" pin="2">
        <signal driver="misc" name="a10"/>
      </gpio>
      <gpio port="C" pin="3">
        <signal driver="misc" name="a11"/>
      </gpio>
      <gpio port="C" pin="4">
        <signal driver="misc" name="a12"/>
      </gpio>
      <gpio port="C" pin="5">
        <signal driver="misc" name="a13"/>
      </gpio>
      <gpio port="C" pin="6">
        <signal driver="misc" name="a14"/>
      </gpio>
      <gpio port="C" pin="7">
        <signal driver="misc" name="a15"/>
      </gpio>
      <gpio port="D" pin="0">
        <signal driver="exint" name="0"/>
        <signal driver="twi" name="scl"/>
      </gpio>
      <gpio port="D" pin="1">
        <signal driver="exint" name="1"/>
        <signal driver="twi" name="sda"/>
      </gpio>
      <gpio port="D" pin="2">
        <signal driver="exint" name="2"/>
        <signal driver="usart" instance="1" name="rxd"/>
      </gpio>
      <gpio port="D" pin="3">
        <signal driver="exint" name="3"/>
        <signal driver="usart" instance="1" name="txd"/>
      </gpio>
      <gpio port="D" pin="4">
        <signal driver="tc" instance="1" name="icp"/>
      </gpio>
      <gpio port="D" pin="5">
        <signal driver="usart" instance="1" name="xck"/>
      </gpio>
      <gpio port="D" pin="6">
        <signal driver="tc" instance="1" name="t"/>
      </gpio>
      <gpio port="D" pin="7">
        <signal driver="tc" instance="2" name="t"/>
      </gpio>
      <gpio port="E" pin="0">
        <signal driver="misc" name="pdi"/>
        <signal driver="usart" instance="0" name="rxd"/>
      </gpio>
      <gpio port="E" pin="1">
        <signal driver="misc" name="pdo"/>
        <signal driver="usart" instance="0" name="txd"/>
      </gpio>
      <gpio port="E" pin="2">
        <signal driver="ac" name="ain0"/>
        <signal driver="usart" instance="0" name="xck"/>
      </gpio>
      <gpio port="E" pin="3">
        <signal driver="ac" name="ain1"/>
        <signal driver="tc" instance="3" name="oca"/>
      </gpio>
      <gpio port="E" pin="4">
        <signal driver="exint" name="4"/>
        <signal driver="tc" instance="3" name="ocb"/>
      </gpio>
      <gpio port="E" pin="5">
        <signal driver="exint" name="5"/>
        <signal device-type="a" driver="misc" name="oc3c"/>
        <signal device-type="" driver="tc" instance="3" name="occ"/>
      </gpio>
      <gpio port="E" pin="6">
        <signal driver="exint" name="6"/>
        <signal driver="tc" instance="3" name="t"/>
      </gpio>
      <gpio port="E" pin="7">
        <signal driver="exint" name="7"/>
        <signal driver="tc" instance="3" name="icp"/>
      </gpio>
      <gpio port="F" pin="0">
        <signal driver="adc" name="0"/>
      </gpio>
      <gpio port="F" pin="1">
        <signal driver="adc" name="1"/>
      </gpio>
      <gpio port="F" pin="2">
        <signal driver="adc" name="2"/>
      </gpio>
      <gpio port="F" pin="3">
        <signal driver="adc" name="3"/>
      </gpio>
      <gpio port="F" pin="4">
        <signal driver="adc" name="4"/>
        <signal driver="jtag" name="tck"/>
      </gpio>
      <gpio port="F" pin="5">
        <signal driver="adc" name="5"/>
        <signal driver="jtag" name="tms"/>
      </gpio>
      <gpio port="F" pin="6">
        <signal driver="adc" name="6"/>
        <signal driver="jtag" name="tdo"/>
      </gpio>
      <gpio port="F" pin="7">
        <signal driver="adc" name="7"/>
        <signal driver="jtag" name="tdi"/>
      </gpio>
      <gpio port="G" pin="0">
        <signal device-name="64" device-type="" driver="misc" name="wd"/>
        <signal device-name="128" device-type="|a" driver="misc" name="wr"/>
        <signal device-name="64" device-type="a" driver="misc" name="wr"/>
      </gpio>
      <gpio port="G" pin="1">
        <signal driver="misc" name="rd"/>
      </gpio>
      <gpio port="G" pin="2">
        <signal driver="misc" name="ale"/>
      </gpio>
      <gpio port="G" pin="3">
        <signal device-type="a" driver="misc" name="tosc2"/>
        <signal device-type="" driver="tc" instance="0" name="tosc2"/>
      </gpio>
      <gpio port="G" pin="4">
        <signal device-type="a" driver="misc" name="tosc1"/>
        <signal device-type="" driver="tc" instance="0" name="tosc1"/>
      </gpio>
    </driver>
  </device>
</modm>
