<?xml version='1.0' encoding='UTF-8'?>
<modm version="0.4.0">
  <!-- WARNING: This file is generated by the modm device file generator. Do not edit! -->
  <device platform="avr" family="tiny" name="40" type="">
    <naming-schema>at{family}{name}{type}</naming-schema>
    <attribute-mcu value="t40"/>
    <driver name="core" type="avr8l">
      <memory name="flash" size="4096"/>
      <memory name="ram" size="256"/>
    </driver>
    <driver name="ac" type="avr"/>
    <driver name="adc" type="avr"/>
    <driver name="clock" type="avr"/>
    <driver name="spi" type="avr"/>
    <driver name="tc" type="tc8">
      <instance value="0"/>
    </driver>
    <driver name="twi" type="avr"/>
    <driver name="wdt" type="avr"/>
    <driver name="gpio" type="avr">
      <gpio port="A" pin="0">
        <signal driver="adc" name="0"/>
        <signal driver="exint" name="pcint0"/>
      </gpio>
      <gpio port="A" pin="1">
        <signal driver="ac" name="ain0"/>
        <signal driver="adc" name="1"/>
        <signal driver="exint" name="pcint1"/>
      </gpio>
      <gpio port="A" pin="2">
        <signal driver="ac" name="ain1"/>
        <signal driver="adc" name="2"/>
        <signal driver="exint" name="pcint2"/>
      </gpio>
      <gpio port="A" pin="3">
        <signal driver="adc" name="3"/>
        <signal driver="exint" name="pcint3"/>
      </gpio>
      <gpio port="A" pin="4">
        <signal driver="adc" name="4"/>
        <signal driver="exint" name="pcint4"/>
        <signal driver="tc" instance="0" name="t"/>
      </gpio>
      <gpio port="A" pin="5">
        <signal driver="adc" name="5"/>
        <signal driver="exint" name="pcint5"/>
        <signal driver="tc" instance="0" name="ocb"/>
      </gpio>
      <gpio port="A" pin="6">
        <signal driver="adc" name="6"/>
        <signal driver="exint" name="pcint6"/>
      </gpio>
      <gpio port="A" pin="7">
        <signal driver="adc" name="7"/>
        <signal driver="exint" name="pcint7"/>
      </gpio>
      <gpio port="B" pin="0">
        <signal driver="adc" name="8"/>
        <signal driver="exint" name="pcint8"/>
      </gpio>
      <gpio port="B" pin="1">
        <signal driver="adc" name="9"/>
        <signal driver="exint" name="pcint9"/>
      </gpio>
      <gpio port="B" pin="2">
        <signal driver="adc" name="10"/>
        <signal driver="exint" name="pcint10"/>
      </gpio>
      <gpio port="B" pin="3">
        <signal driver="adc" name="11"/>
        <signal driver="exint" name="pcint11"/>
      </gpio>
      <gpio port="C" pin="0">
        <signal driver="exint" name="pcint12"/>
        <signal driver="spi" name="ss"/>
        <signal driver="tc" instance="0" name="oca"/>
      </gpio>
      <gpio port="C" pin="1">
        <signal driver="exint" name="pcint13"/>
        <signal driver="spi" name="sck"/>
        <signal driver="twi" name="scl"/>
      </gpio>
      <gpio port="C" pin="2">
        <signal driver="exint" name="0"/>
        <signal driver="exint" name="pcint14"/>
        <signal driver="spi" name="miso"/>
      </gpio>
      <gpio port="C" pin="3">
        <signal driver="exint" name="pcint15"/>
      </gpio>
      <gpio port="C" pin="4">
        <signal driver="exint" name="pcint16"/>
        <signal driver="spi" name="mosi"/>
        <signal driver="twi" name="sda"/>
      </gpio>
      <gpio port="C" pin="5">
        <signal driver="exint" name="pcint17"/>
      </gpio>
    </driver>
  </device>
</modm>
