<?xml version='1.0' encoding='UTF-8'?>
<modm version="0.4.0">
  <!-- WARNING: This file is generated by the modm device file generator. Do not edit! -->
  <device platform="avr" family="tiny" name="25|45|85" type="">
    <naming-schema>at{family}{name}{type}</naming-schema>
    <attribute-mcu device-name="25" value="t25"/>
    <attribute-mcu device-name="45" value="t45"/>
    <attribute-mcu device-name="85" value="t85"/>
    <driver name="core" type="avr8">
      <memory device-name="25" name="eeprom" size="128"/>
      <memory device-name="45" name="eeprom" size="256"/>
      <memory device-name="85" name="eeprom" size="512"/>
      <memory device-name="25" name="flash" size="2048"/>
      <memory device-name="45" name="flash" size="4096"/>
      <memory device-name="85" name="flash" size="8192"/>
      <memory device-name="25" name="ram" size="128"/>
      <memory device-name="45" name="ram" size="256"/>
      <memory device-name="85" name="ram" size="512"/>
    </driver>
    <driver name="ac" type="avr"/>
    <driver name="adc" type="avr"/>
    <driver name="clock" type="avr"/>
    <driver name="eeprom" type="avr"/>
    <driver device-name="85" name="tc" type="tc16">
      <instance value="1"/>
    </driver>
    <driver name="tc" type="tc8">
      <instance value="0"/>
      <instance device-name="25|45" value="1"/>
    </driver>
    <driver name="usi" type="avr"/>
    <driver name="wdt" type="avr"/>
    <driver name="gpio" type="avr">
      <gpio port="B" pin="0">
        <signal driver="ac" name="ain0"/>
        <signal driver="adc" name="aref"/>
        <signal driver="exint" name="pcint0"/>
        <signal driver="tc" instance="0" name="oc0a"/>
        <signal driver="tc" instance="1" name="oc1ainv"/>
        <signal driver="usi" name="di"/>
        <signal driver="usi" name="sda"/>
      </gpio>
      <gpio port="B" pin="1">
        <signal driver="ac" name="ain1"/>
        <signal driver="exint" name="pcint1"/>
        <signal driver="tc" instance="0" name="oc0b"/>
        <signal driver="tc" instance="1" name="oc1a"/>
        <signal driver="usi" name="do"/>
      </gpio>
      <gpio port="B" pin="2">
        <signal driver="adc" name="1"/>
        <signal driver="exint" name="0"/>
        <signal driver="exint" name="pcint2"/>
        <signal driver="tc" instance="0" name="t0"/>
        <signal driver="usi" name="scl"/>
        <signal driver="usi" name="usck"/>
      </gpio>
      <gpio port="B" pin="3">
        <signal driver="exint" name="pcint3"/>
        <signal driver="tc" instance="1" name="oc1binv"/>
      </gpio>
      <gpio port="B" pin="4">
        <signal driver="adc" name="2"/>
        <signal driver="exint" name="pcint4"/>
        <signal driver="tc" instance="1" name="oc1b"/>
      </gpio>
      <gpio port="B" pin="5">
        <signal driver="adc" name="0"/>
        <signal driver="exint" name="pcint5"/>
      </gpio>
    </driver>
  </device>
</modm>
