<?xml version='1.0' encoding='UTF-8'?>
<modm version="0.4.0">
  <!-- WARNING: This file is generated by the modm device file generator. Do not edit! -->
  <device platform="avr" family="tiny" name="4|5|9|10" type="">
    <naming-schema>at{family}{name}{type}</naming-schema>
    <attribute-mcu device-name="10" value="t10"/>
    <attribute-mcu device-name="4" value="t4"/>
    <attribute-mcu device-name="5" value="t5"/>
    <attribute-mcu device-name="9" value="t9"/>
    <driver name="core" type="avr8l">
      <memory device-name="4|5" name="flash" size="512"/>
      <memory device-name="9|10" name="flash" size="1024"/>
      <memory name="ram" size="32"/>
    </driver>
    <driver name="ac" type="avr"/>
    <driver device-name="5|10" name="adc" type="avr"/>
    <driver name="clock" type="avr"/>
    <driver name="tc" type="tc16">
      <instance value="0"/>
    </driver>
    <driver name="wdt" type="avr"/>
    <driver name="gpio" type="avr">
      <gpio port="B" pin="0">
        <signal driver="ac" name="ain0"/>
        <signal device-name="5|10" driver="adc" name="0"/>
        <signal driver="exint" name="pcint0"/>
        <signal driver="tc" instance="0" name="oca"/>
      </gpio>
      <gpio port="B" pin="1">
        <signal driver="ac" name="ain1"/>
        <signal device-name="5|10" driver="adc" name="1"/>
        <signal driver="exint" name="pcint1"/>
        <signal driver="tc" instance="0" name="ocb"/>
      </gpio>
      <gpio port="B" pin="2">
        <signal device-name="5|10" driver="adc" name="2"/>
        <signal driver="exint" name="0"/>
        <signal driver="exint" name="pcint2"/>
        <signal driver="tc" instance="0" name="t"/>
      </gpio>
      <gpio port="B" pin="3">
        <signal device-name="5|10" driver="adc" name="3"/>
        <signal driver="exint" name="pcint3"/>
      </gpio>
    </driver>
  </device>
</modm>
