<?xml version='1.0' encoding='UTF-8'?>
<modm version="0.4.0">
  <!-- WARNING: This file is generated by the modm device file generator. Do not edit! -->
  <device platform="avr" family="tiny" name="20" type="">
    <naming-schema>at{family}{name}{type}</naming-schema>
    <attribute-mcu value="t20"/>
    <driver name="core" type="avr8l">
      <memory name="flash" size="2048"/>
      <memory name="ram" size="128"/>
    </driver>
    <driver name="ac" type="avr"/>
    <driver name="adc" type="avr"/>
    <driver name="clock" type="avr"/>
    <driver name="spi" type="avr"/>
    <driver name="tc" type="tc16">
      <instance value="1"/>
    </driver>
    <driver name="tc" type="tc8">
      <instance value="0"/>
    </driver>
    <driver name="twi" type="avr"/>
    <driver name="wdt" type="avr"/>
    <driver name="gpio" type="avr">
      <gpio port="A" pin="0">
        <signal driver="adc" name="0"/>
        <signal driver="exint" name="pcint0"/>
      </gpio>
      <gpio port="A" pin="1">
        <signal driver="ac" name="ain0"/>
        <signal driver="adc" name="1"/>
        <signal driver="exint" name="pcint1"/>
      </gpio>
      <gpio port="A" pin="2">
        <signal driver="ac" name="ain1"/>
        <signal driver="adc" name="2"/>
        <signal driver="exint" name="pcint2"/>
      </gpio>
      <gpio port="A" pin="3">
        <signal driver="adc" name="3"/>
        <signal driver="exint" name="pcint3"/>
      </gpio>
      <gpio port="A" pin="4">
        <signal driver="adc" name="4"/>
        <signal driver="exint" name="pcint4"/>
      </gpio>
      <gpio port="A" pin="5">
        <signal driver="adc" name="5"/>
        <signal driver="exint" name="pcint5"/>
      </gpio>
      <gpio port="A" pin="6">
        <signal driver="adc" name="6"/>
        <signal driver="exint" name="pcint6"/>
        <signal driver="spi" name="ss"/>
      </gpio>
      <gpio port="A" pin="7">
        <signal driver="adc" name="7"/>
        <signal driver="exint" name="pcint7"/>
        <signal driver="spi" name="sck"/>
        <signal driver="tc" instance="0" name="ocb"/>
        <signal driver="tc" instance="1" name="icp"/>
        <signal driver="tc" instance="1" name="t"/>
        <signal driver="twi" name="scl"/>
      </gpio>
      <gpio port="B" pin="0">
        <signal driver="exint" name="pcint8"/>
        <signal driver="tc" instance="0" name="t"/>
      </gpio>
      <gpio port="B" pin="1">
        <signal driver="exint" name="pcint9"/>
        <signal driver="spi" name="mosi"/>
        <signal driver="tc" instance="1" name="oca"/>
        <signal driver="twi" name="sda"/>
      </gpio>
      <gpio port="B" pin="2">
        <signal driver="exint" name="0"/>
        <signal driver="exint" name="pcint10"/>
        <signal driver="spi" name="miso"/>
        <signal driver="tc" instance="0" name="oca"/>
        <signal driver="tc" instance="1" name="ocb"/>
      </gpio>
      <gpio port="B" pin="3">
        <signal driver="exint" name="pcint11"/>
      </gpio>
    </driver>
  </device>
</modm>
