<?xml version='1.0' encoding='UTF-8'?>
<modm version="0.4.0">
  <!-- WARNING: This file is generated by the modm device file generator. Do not edit! -->
  <device platform="avr" family="tiny" name="11|12|13|15" type="|a">
    <naming-schema>at{family}{name}{type}</naming-schema>
    <invalid-device>attiny11a</invalid-device>
    <invalid-device>attiny12a</invalid-device>
    <invalid-device>attiny15a</invalid-device>
    <attribute-mcu device-name="11" value="t11"/>
    <attribute-mcu device-name="12" value="t12"/>
    <attribute-mcu device-name="13" value="t13"/>
    <attribute-mcu device-name="15" value="t15"/>
    <driver name="core" type="avr8">
      <memory device-name="12|13|15" name="eeprom" size="64"/>
      <memory name="flash" size="1024"/>
      <memory device-name="13" name="ram" size="64"/>
    </driver>
    <driver name="ac" type="avr"/>
    <driver device-name="13|15" name="adc" type="avr"/>
    <driver name="clock" type="avr"/>
    <driver device-name="12|13|15" name="eeprom" type="avr"/>
    <driver name="tc" type="tc8">
      <instance value="0"/>
      <instance device-name="15" value="1"/>
    </driver>
    <driver name="wdt" type="avr"/>
    <driver name="gpio" type="avr">
      <gpio port="B" pin="0">
        <signal device-name="13" driver="ac" name="ain0"/>
        <signal device-name="13" driver="exint" name="pcint0"/>
        <signal device-name="13" driver="tc" instance="0" name="oca"/>
      </gpio>
      <gpio port="B" pin="1">
        <signal device-name="13" driver="ac" name="ain1"/>
        <signal device-name="13" driver="exint" name="pcint1"/>
        <signal device-name="13" driver="tc" instance="0" name="ocb"/>
      </gpio>
      <gpio port="B" pin="2">
        <signal device-name="13" driver="exint" name="pcint2"/>
        <signal device-name="13" driver="tc" instance="0" name="t"/>
      </gpio>
      <gpio port="B" pin="3">
        <signal device-name="13" driver="exint" name="pcint3"/>
      </gpio>
      <gpio port="B" pin="4">
        <signal device-name="13" driver="exint" name="pcint4"/>
      </gpio>
      <gpio device-name="13" port="B" pin="5">
        <signal driver="exint" name="pcint5"/>
      </gpio>
    </driver>
  </device>
</modm>
