<?xml version='1.0' encoding='UTF-8'?>
<modm version="0.4.0">
  <!-- WARNING: This file is generated by the modm device file generator. Do not edit! -->
  <device platform="avr" family="tiny" name="48|88" type="">
    <naming-schema>at{family}{name}{type}</naming-schema>
    <attribute-mcu device-name="88" value="t88"/>
    <attribute-mcu device-name="48" value="unsupported"/>
    <driver name="core" type="avr8">
      <memory name="eeprom" size="64"/>
      <memory device-name="48" name="flash" size="4096"/>
      <memory device-name="88" name="flash" size="8192"/>
      <memory device-name="48" name="ram" size="256"/>
      <memory device-name="88" name="ram" size="512"/>
    </driver>
    <driver name="ac" type="avr"/>
    <driver name="adc" type="avr"/>
    <driver name="clock" type="avr"/>
    <driver name="eeprom" type="avr"/>
    <driver name="spi" type="avr"/>
    <driver name="tc" type="tc16">
      <instance value="1"/>
    </driver>
    <driver name="tc" type="tc8">
      <instance value="0"/>
    </driver>
    <driver name="twi" type="avr"/>
    <driver name="wdt" type="avr"/>
    <driver name="gpio" type="avr">
      <gpio port="A" pin="0">
        <signal driver="adc" name="6"/>
        <signal driver="exint" name="pcint24"/>
      </gpio>
      <gpio port="A" pin="1">
        <signal driver="adc" name="7"/>
        <signal driver="exint" name="pcint25"/>
      </gpio>
      <gpio port="A" pin="2">
        <signal driver="exint" name="pcint26"/>
      </gpio>
      <gpio port="A" pin="3">
        <signal driver="exint" name="pcint27"/>
      </gpio>
      <gpio port="B" pin="0">
        <signal driver="exint" name="pcint0"/>
        <signal driver="tc" instance="1" name="icp"/>
      </gpio>
      <gpio port="B" pin="1">
        <signal driver="exint" name="pcint1"/>
        <signal driver="tc" instance="1" name="oca"/>
      </gpio>
      <gpio port="B" pin="2">
        <signal driver="exint" name="pcint2"/>
        <signal driver="spi" name="ss"/>
      </gpio>
      <gpio port="B" pin="3">
        <signal driver="exint" name="pcint3"/>
        <signal driver="spi" name="mosi"/>
        <signal driver="tc" instance="1" name="ocb"/>
      </gpio>
      <gpio port="B" pin="4">
        <signal driver="exint" name="pcint4"/>
        <signal driver="spi" name="miso"/>
      </gpio>
      <gpio port="B" pin="5">
        <signal driver="exint" name="pcint5"/>
        <signal driver="spi" name="sck"/>
      </gpio>
      <gpio port="B" pin="6">
        <signal driver="exint" name="pcint6"/>
      </gpio>
      <gpio port="B" pin="7">
        <signal driver="exint" name="pcint7"/>
      </gpio>
      <gpio port="C" pin="0">
        <signal driver="adc" name="0"/>
        <signal driver="exint" name="pcint8"/>
      </gpio>
      <gpio port="C" pin="1">
        <signal driver="adc" name="1"/>
        <signal driver="exint" name="pcint9"/>
      </gpio>
      <gpio port="C" pin="2">
        <signal driver="adc" name="2"/>
        <signal driver="exint" name="pcint10"/>
      </gpio>
      <gpio port="C" pin="3">
        <signal driver="adc" name="3"/>
        <signal driver="exint" name="pcint11"/>
      </gpio>
      <gpio port="C" pin="4">
        <signal driver="adc" name="4"/>
        <signal driver="exint" name="pcint12"/>
      </gpio>
      <gpio port="C" pin="5">
        <signal driver="adc" name="5"/>
        <signal driver="exint" name="pcint13"/>
        <signal driver="twi" name="sda"/>
      </gpio>
      <gpio port="C" pin="6">
        <signal driver="exint" name="pcint14"/>
        <signal driver="twi" name="scl"/>
      </gpio>
      <gpio port="C" pin="7">
        <signal driver="exint" name="pcint15"/>
      </gpio>
      <gpio port="D" pin="0">
        <signal driver="exint" name="pcint16"/>
      </gpio>
      <gpio port="D" pin="1">
        <signal driver="exint" name="pcint17"/>
      </gpio>
      <gpio port="D" pin="2">
        <signal driver="exint" name="0"/>
        <signal driver="exint" name="pcint18"/>
      </gpio>
      <gpio port="D" pin="3">
        <signal driver="exint" name="1"/>
        <signal driver="exint" name="pcint19"/>
      </gpio>
      <gpio port="D" pin="4">
        <signal driver="exint" name="pcint20"/>
        <signal driver="tc" instance="0" name="t"/>
      </gpio>
      <gpio port="D" pin="5">
        <signal driver="exint" name="pcint21"/>
        <signal driver="tc" instance="1" name="t"/>
      </gpio>
      <gpio port="D" pin="6">
        <signal driver="ac" name="ain0"/>
        <signal driver="exint" name="pcint22"/>
      </gpio>
      <gpio port="D" pin="7">
        <signal driver="ac" name="ain1"/>
        <signal driver="exint" name="pcint23"/>
      </gpio>
    </driver>
  </device>
</modm>
