<?xml version='1.0' encoding='UTF-8'?>
<modm version="0.4.0">
  <!-- WARNING: This file is generated by the modm device file generator. Do not edit! -->
  <device platform="avr" family="tiny" name="102|104" type="">
    <naming-schema>at{family}{name}{type}</naming-schema>
    <attribute-mcu value="unsupported"/>
    <driver name="core" type="avr8l">
      <memory name="flash" size="1024"/>
      <memory name="ram" size="32"/>
    </driver>
    <driver name="ac" type="avr"/>
    <driver name="adc" type="avr"/>
    <driver name="clock" type="avr"/>
    <driver name="tc" type="tc16">
      <instance value="0"/>
    </driver>
    <driver name="usart" type="avr"/>
    <driver name="wdt" type="avr"/>
    <driver name="gpio" type="avr">
      <gpio port="A" pin="0">
        <signal driver="ac" name="ain0"/>
        <signal driver="adc" name="0"/>
        <signal driver="exint" name="pcint0"/>
        <signal driver="tc" instance="0" name="t0"/>
      </gpio>
      <gpio port="A" pin="1">
        <signal driver="ac" name="ain1"/>
        <signal driver="adc" name="1"/>
        <signal driver="exint" name="pcint1"/>
        <signal driver="tc" instance="0" name="oc0b"/>
      </gpio>
      <gpio port="A" pin="2">
        <signal driver="exint" name="pcint2"/>
      </gpio>
      <gpio device-name="104" port="A" pin="3">
        <signal driver="exint" name="pcint3"/>
        <signal driver="tc" instance="0" name="oc0a"/>
      </gpio>
      <gpio device-name="104" port="A" pin="4">
        <signal driver="exint" name="pcint4"/>
        <signal driver="tc" instance="0" name="icp0"/>
      </gpio>
      <gpio device-name="104" port="A" pin="5">
        <signal driver="adc" name="2"/>
        <signal driver="exint" name="pcint5"/>
        <signal driver="tc" instance="0" name="oc0b"/>
      </gpio>
      <gpio device-name="104" port="A" pin="6">
        <signal driver="adc" name="3"/>
        <signal driver="exint" name="pcint6"/>
      </gpio>
      <gpio device-name="104" port="A" pin="7">
        <signal driver="exint" name="pcint7"/>
      </gpio>
      <gpio device-name="104" port="B" pin="0">
        <signal driver="adc" name="4"/>
        <signal driver="exint" name="pcint8"/>
      </gpio>
      <gpio port="B" pin="1">
        <signal driver="adc" name="5"/>
        <signal driver="exint" name="0"/>
        <signal driver="exint" name="pcint9"/>
        <signal driver="tc" instance="0" name="oc0a"/>
        <signal driver="usart" name="xck"/>
      </gpio>
      <gpio port="B" pin="2">
        <signal driver="adc" name="6"/>
        <signal driver="exint" name="pcint10"/>
        <signal driver="tc" instance="0" name="icp0"/>
        <signal driver="usart" name="txd"/>
      </gpio>
      <gpio port="B" pin="3">
        <signal driver="ac" name="aco"/>
        <signal driver="adc" name="7"/>
        <signal driver="exint" name="pcint11"/>
        <signal device-name="104" driver="tc" instance="0" name="t0"/>
        <signal driver="usart" name="rxd"/>
      </gpio>
    </driver>
  </device>
</modm>
