<?xml version='1.0' encoding='UTF-8'?>
<modm version="0.4.0">
  <!-- WARNING: This file is generated by the modm device file generator. Do not edit! -->
  <device platform="avr" family="tiny" name="441|841" type="">
    <naming-schema>at{family}{name}{type}</naming-schema>
    <attribute-mcu value="unsupported"/>
    <driver name="core" type="avr8">
      <memory device-name="441" name="eeprom" size="256"/>
      <memory device-name="841" name="eeprom" size="512"/>
      <memory device-name="441" name="flash" size="4096"/>
      <memory device-name="841" name="flash" size="8192"/>
      <memory device-name="441" name="ram" size="256"/>
      <memory device-name="841" name="ram" size="512"/>
    </driver>
    <driver name="ac" type="avr"/>
    <driver name="adc" type="avr"/>
    <driver name="clock" type="avr"/>
    <driver name="eeprom" type="avr"/>
    <driver name="spi" type="avr"/>
    <driver name="tc" type="tc16">
      <instance value="1"/>
      <instance device-name="841" value="2"/>
    </driver>
    <driver name="tc" type="tc8">
      <instance value="0"/>
    </driver>
    <driver device-name="441" name="tc" type="tc8_async">
      <instance value="2"/>
    </driver>
    <driver name="tocpm" type="avr"/>
    <driver name="twi" type="avr"/>
    <driver name="usart" type="avr">
      <instance value="0"/>
      <instance value="1"/>
    </driver>
    <driver name="wdt" type="avr"/>
    <driver name="gpio" type="avr">
      <gpio port="A" pin="0">
        <signal driver="adc" name="0"/>
        <signal driver="adc" name="aref"/>
        <signal driver="exint" name="pcint0"/>
        <signal driver="spi" name="miso"/>
      </gpio>
      <gpio port="A" pin="1">
        <signal driver="ac" name="ain00"/>
        <signal driver="adc" name="1"/>
        <signal driver="exint" name="pcint1"/>
        <signal driver="spi" name="mosi"/>
        <signal driver="tc" instance="0" name="tocc0"/>
        <signal driver="tc" instance="1" name="tocc0"/>
        <signal driver="tc" instance="2" name="tocc0"/>
        <signal driver="usart" instance="0" name="txd"/>
      </gpio>
      <gpio port="A" pin="2">
        <signal driver="ac" name="ain01"/>
        <signal driver="adc" name="2"/>
        <signal driver="exint" name="pcint2"/>
        <signal driver="spi" name="ss"/>
        <signal driver="tc" instance="0" name="tocc0"/>
        <signal driver="tc" instance="1" name="tocc1"/>
        <signal driver="tc" instance="2" name="tocc1"/>
        <signal driver="usart" instance="0" name="rxd"/>
      </gpio>
      <gpio port="A" pin="3">
        <signal driver="ac" name="ain10"/>
        <signal driver="adc" name="3"/>
        <signal driver="exint" name="pcint3"/>
        <signal driver="spi" name="sck"/>
        <signal driver="tc" instance="0" name="t0"/>
        <signal driver="tc" instance="0" name="tocc0"/>
        <signal driver="tc" instance="1" name="t0"/>
        <signal driver="tc" instance="1" name="tocc2"/>
        <signal driver="tc" instance="2" name="t0"/>
        <signal driver="tc" instance="2" name="tocc2"/>
        <signal driver="usart" instance="0" name="xck"/>
        <signal driver="usart" instance="0" name="xck"/>
      </gpio>
      <gpio port="A" pin="4">
        <signal driver="ac" name="ain11"/>
        <signal driver="adc" name="4"/>
        <signal driver="exint" name="pcint4"/>
        <signal driver="spi" name="sck"/>
        <signal driver="tc" instance="0" name="t1"/>
        <signal driver="tc" instance="0" name="tocc0"/>
        <signal driver="tc" instance="1" name="t1"/>
        <signal driver="tc" instance="1" name="tocc3"/>
        <signal driver="tc" instance="2" name="t1"/>
        <signal driver="tc" instance="2" name="tocc3"/>
        <signal driver="twi" name="scl"/>
        <signal driver="usart" instance="1" name="rxd"/>
      </gpio>
      <gpio port="A" pin="5">
        <signal driver="ac" name="aco0"/>
        <signal driver="adc" name="5"/>
        <signal driver="exint" name="pcint5"/>
        <signal driver="spi" name="miso"/>
        <signal driver="tc" instance="0" name="t2"/>
        <signal driver="tc" instance="0" name="tocc0"/>
        <signal driver="tc" instance="1" name="t2"/>
        <signal driver="tc" instance="1" name="tocc4"/>
        <signal driver="tc" instance="2" name="t2"/>
        <signal driver="tc" instance="2" name="tocc4"/>
        <signal driver="usart" instance="1" name="txd"/>
      </gpio>
      <gpio port="A" pin="6">
        <signal driver="ac" name="aco1"/>
        <signal driver="adc" name="6"/>
        <signal driver="exint" name="pcint6"/>
        <signal driver="spi" name="mosi"/>
        <signal driver="tc" instance="0" name="tocc0"/>
        <signal driver="tc" instance="1" name="tocc5"/>
        <signal driver="tc" instance="2" name="tocc5"/>
        <signal driver="twi" name="sda"/>
        <signal driver="usart" instance="1" name="xck"/>
      </gpio>
      <gpio port="A" pin="7">
        <signal driver="adc" name="7"/>
        <signal driver="exint" name="pcint7"/>
        <signal driver="spi" name="ss"/>
        <signal driver="tc" instance="0" name="tocc0"/>
        <signal driver="tc" instance="1" name="icp1"/>
        <signal driver="tc" instance="1" name="tocc6"/>
        <signal driver="tc" instance="2" name="tocc6"/>
        <signal driver="usart" instance="0" name="txd"/>
      </gpio>
      <gpio port="B" pin="0">
        <signal driver="adc" name="10"/>
        <signal driver="exint" name="pcint8"/>
      </gpio>
      <gpio port="B" pin="1">
        <signal driver="adc" name="11"/>
        <signal driver="exint" name="0"/>
        <signal driver="exint" name="pcint9"/>
      </gpio>
      <gpio port="B" pin="2">
        <signal driver="adc" name="8"/>
        <signal driver="exint" name="pcint10"/>
        <signal driver="tc" instance="0" name="tocc0"/>
        <signal driver="tc" instance="1" name="tocc7"/>
        <signal driver="tc" instance="2" name="icp2"/>
        <signal driver="tc" instance="2" name="tocc7"/>
        <signal driver="usart" instance="0" name="rxd"/>
      </gpio>
      <gpio port="B" pin="3">
        <signal driver="adc" name="9"/>
        <signal driver="exint" name="pcint11"/>
      </gpio>
    </driver>
  </device>
</modm>
