<?xml version='1.0' encoding='UTF-8'?>
<modm version="0.4.0">
  <!-- WARNING: This file is generated by the modm device file generator. Do not edit! -->
  <device platform="avr" family="tiny" name="261|461|861" type="|a">
    <naming-schema>at{family}{name}{type}</naming-schema>
    <attribute-mcu device-name="261" value="t261"/>
    <attribute-mcu device-name="461" value="t461"/>
    <attribute-mcu device-name="861" value="t861"/>
    <driver name="core" type="avr8">
      <memory device-name="261" name="eeprom" size="128"/>
      <memory device-name="461" name="eeprom" size="256"/>
      <memory device-name="861" name="eeprom" size="512"/>
      <memory device-name="261" name="flash" size="2048"/>
      <memory device-name="461" name="flash" size="4096"/>
      <memory device-name="861" name="flash" size="8192"/>
      <memory device-name="261" name="ram" size="128"/>
      <memory device-name="461" name="ram" size="256"/>
      <memory device-name="861" name="ram" size="512"/>
    </driver>
    <driver name="ac" type="avr"/>
    <driver name="adc" type="avr"/>
    <driver name="clock" type="avr"/>
    <driver name="eeprom" type="avr"/>
    <driver device-name="861" name="tc" type="tc16">
      <instance value="1"/>
    </driver>
    <driver name="tc" type="tc8">
      <instance value="0"/>
      <instance device-name="261|461" value="1"/>
    </driver>
    <driver name="usi" type="avr"/>
    <driver name="wdt" type="avr"/>
    <driver name="gpio" type="avr">
      <gpio port="A" pin="0">
        <signal device-type="" driver="adc" name="0"/>
        <signal device-type="" driver="exint" name="pcint0"/>
        <signal device-type="" driver="usi" name="di"/>
        <signal device-type="" driver="usi" name="sda"/>
      </gpio>
      <gpio port="A" pin="1">
        <signal device-type="" driver="adc" name="1"/>
        <signal device-type="" driver="exint" name="pcint1"/>
        <signal device-type="" driver="usi" name="do"/>
      </gpio>
      <gpio port="A" pin="2">
        <signal device-type="" driver="adc" name="2"/>
        <signal device-type="" driver="exint" name="1"/>
        <signal device-type="" driver="exint" name="pcint2"/>
        <signal device-type="" driver="usi" name="scl"/>
        <signal device-type="" driver="usi" name="usck"/>
      </gpio>
      <gpio port="A" pin="3">
        <signal device-type="" driver="adc" name="aref"/>
        <signal device-type="" driver="exint" name="pcint3"/>
      </gpio>
      <gpio port="A" pin="4">
        <signal device-type="" driver="adc" name="3"/>
        <signal device-type="" driver="exint" name="pcint4"/>
        <signal device-type="" driver="tc" instance="0" name="icp0"/>
      </gpio>
      <gpio port="A" pin="5">
        <signal device-type="" driver="ac" name="ain2"/>
        <signal device-type="" driver="adc" name="4"/>
        <signal device-type="" driver="exint" name="pcint5"/>
      </gpio>
      <gpio port="A" pin="6">
        <signal device-type="" driver="ac" name="ain1"/>
        <signal device-type="" driver="adc" name="5"/>
        <signal device-type="" driver="exint" name="pcint6"/>
      </gpio>
      <gpio port="A" pin="7">
        <signal device-type="" driver="ac" name="ain0"/>
        <signal device-type="" driver="adc" name="6"/>
        <signal device-type="" driver="exint" name="pcint7"/>
      </gpio>
      <gpio port="B" pin="0">
        <signal device-type="" driver="exint" name="pcint8"/>
        <signal device-type="" driver="tc" instance="1" name="oc1ainv"/>
        <signal device-type="" driver="usi" name="di"/>
        <signal device-type="" driver="usi" name="sda"/>
      </gpio>
      <gpio port="B" pin="1">
        <signal device-type="" driver="exint" name="pcint9"/>
        <signal device-type="" driver="tc" instance="1" name="oc1a"/>
        <signal device-type="" driver="usi" name="do"/>
      </gpio>
      <gpio port="B" pin="2">
        <signal device-type="" driver="exint" name="pcint10"/>
        <signal device-type="" driver="tc" instance="1" name="oc1binv"/>
        <signal device-type="" driver="usi" name="scl"/>
        <signal device-type="" driver="usi" name="usck"/>
      </gpio>
      <gpio port="B" pin="3">
        <signal device-type="" driver="exint" name="pcint11"/>
        <signal device-type="" driver="tc" instance="1" name="oc1b"/>
      </gpio>
      <gpio port="B" pin="4">
        <signal device-type="" driver="adc" name="7"/>
        <signal device-type="" driver="exint" name="pcint12"/>
        <signal device-type="" driver="tc" instance="1" name="oc1dinv"/>
      </gpio>
      <gpio port="B" pin="5">
        <signal device-type="" driver="adc" name="8"/>
        <signal device-type="" driver="exint" name="pcint13"/>
        <signal device-type="" driver="tc" instance="1" name="oc1d"/>
      </gpio>
      <gpio port="B" pin="6">
        <signal device-type="" driver="adc" name="9"/>
        <signal device-type="" driver="exint" name="0"/>
        <signal device-type="" driver="exint" name="pcint14"/>
        <signal device-type="" driver="tc" instance="0" name="t0"/>
      </gpio>
      <gpio port="B" pin="7">
        <signal device-type="" driver="adc" name="10"/>
        <signal device-type="" driver="exint" name="pcint15"/>
      </gpio>
    </driver>
  </device>
</modm>
