<?xml version='1.0' encoding='UTF-8'?>
<modm version="0.4.0">
  <!-- WARNING: This file is generated by the modm device file generator. Do not edit! -->
  <device platform="avr" family="tiny" name="87|167" type="">
    <naming-schema>at{family}{name}{type}</naming-schema>
    <attribute-mcu value="unsupported"/>
    <driver name="core" type="avr8">
      <memory name="eeprom" size="512"/>
      <memory device-name="87" name="flash" size="8192"/>
      <memory device-name="167" name="flash" size="16384"/>
      <memory name="ram" size="512"/>
    </driver>
    <driver name="ac" type="avr"/>
    <driver name="adc" type="avr"/>
    <driver name="clock" type="avr"/>
    <driver name="current_source" type="avr"/>
    <driver name="eeprom" type="avr"/>
    <driver name="linuart" type="avr"/>
    <driver name="spi" type="avr"/>
    <driver name="tc" type="tc16">
      <instance value="1"/>
    </driver>
    <driver name="tc" type="tc8_async">
      <instance value="0"/>
    </driver>
    <driver name="usi" type="avr"/>
    <driver name="wdt" type="avr"/>
    <driver name="gpio" type="avr">
      <gpio port="A" pin="0"/>
      <gpio port="A" pin="1"/>
      <gpio port="A" pin="2"/>
      <gpio port="A" pin="3"/>
      <gpio port="A" pin="4"/>
      <gpio port="A" pin="5"/>
      <gpio port="A" pin="6"/>
      <gpio port="A" pin="7"/>
      <gpio port="B" pin="0"/>
      <gpio port="B" pin="1"/>
      <gpio port="B" pin="2"/>
      <gpio port="B" pin="3"/>
      <gpio port="B" pin="4"/>
      <gpio port="B" pin="5"/>
      <gpio port="B" pin="6"/>
      <gpio port="B" pin="7"/>
    </driver>
  </device>
</modm>
