<?xml version='1.0' encoding='UTF-8'?>
<modm version="0.4.0">
  <!-- WARNING: This file is generated by the modm device file generator. Do not edit! -->
  <device platform="avr" family="tiny" name="24|44|84" type="|a">
    <naming-schema>at{family}{name}{type}</naming-schema>
    <attribute-mcu device-name="24" value="t24"/>
    <attribute-mcu device-name="44" value="t44"/>
    <attribute-mcu device-name="84" value="t84"/>
    <driver name="core" type="avr8">
      <memory device-name="24" name="eeprom" size="128"/>
      <memory device-name="44" name="eeprom" size="256"/>
      <memory device-name="84" name="eeprom" size="512"/>
      <memory device-name="24" name="flash" size="2048"/>
      <memory device-name="44" name="flash" size="4096"/>
      <memory device-name="84" name="flash" size="8192"/>
      <memory device-name="24" name="ram" size="128"/>
      <memory device-name="44" name="ram" size="256"/>
      <memory device-name="84" name="ram" size="512"/>
    </driver>
    <driver name="ac" type="avr"/>
    <driver name="adc" type="avr"/>
    <driver name="clock" type="avr"/>
    <driver name="eeprom" type="avr"/>
    <driver name="tc" type="tc16">
      <instance value="1"/>
    </driver>
    <driver name="tc" type="tc8">
      <instance value="0"/>
    </driver>
    <driver name="usi" type="avr"/>
    <driver name="wdt" type="avr"/>
    <driver name="gpio" type="avr">
      <gpio port="A" pin="0">
        <signal device-type="a" driver="adc" name="0"/>
        <signal device-type="a" driver="adc" name="aref"/>
        <signal device-type="a" driver="exint" name="pcint0"/>
      </gpio>
      <gpio port="A" pin="1">
        <signal device-type="a" driver="ac" name="ain0"/>
        <signal device-type="a" driver="adc" name="1"/>
        <signal device-type="a" driver="exint" name="pcint1"/>
      </gpio>
      <gpio port="A" pin="2">
        <signal device-type="a" driver="ac" name="ain1"/>
        <signal device-type="a" driver="adc" name="2"/>
        <signal device-type="a" driver="exint" name="pcint2"/>
      </gpio>
      <gpio port="A" pin="3">
        <signal device-type="a" driver="adc" name="3"/>
        <signal device-type="a" driver="exint" name="pcint3"/>
        <signal device-type="a" driver="tc" instance="0" name="t0"/>
      </gpio>
      <gpio port="A" pin="4">
        <signal device-type="a" driver="adc" name="4"/>
        <signal device-type="a" driver="exint" name="pcint4"/>
        <signal device-type="a" driver="tc" instance="1" name="t1"/>
        <signal device-type="a" driver="usi" name="scl"/>
        <signal device-type="a" driver="usi" name="usck"/>
      </gpio>
      <gpio port="A" pin="5">
        <signal device-type="a" driver="adc" name="5"/>
        <signal device-type="a" driver="exint" name="pcint5"/>
        <signal device-type="a" driver="tc" instance="1" name="oc1b"/>
        <signal device-type="a" driver="usi" name="do"/>
      </gpio>
      <gpio port="A" pin="6">
        <signal device-type="a" driver="adc" name="6"/>
        <signal device-type="a" driver="exint" name="pcint6"/>
        <signal device-type="a" driver="tc" instance="1" name="oc1a"/>
        <signal device-type="a" driver="usi" name="di"/>
        <signal device-type="a" driver="usi" name="sda"/>
      </gpio>
      <gpio port="A" pin="7">
        <signal device-type="a" driver="adc" name="7"/>
        <signal device-type="a" driver="exint" name="pcint7"/>
        <signal device-type="a" driver="tc" instance="0" name="oc0b"/>
        <signal device-type="a" driver="tc" instance="1" name="icp1"/>
      </gpio>
      <gpio port="B" pin="0">
        <signal device-type="a" driver="exint" name="pcint8"/>
      </gpio>
      <gpio port="B" pin="1">
        <signal device-type="a" driver="exint" name="pcint9"/>
      </gpio>
      <gpio port="B" pin="2">
        <signal device-type="a" driver="exint" name="0"/>
        <signal device-type="a" driver="exint" name="pcint10"/>
        <signal device-type="a" driver="tc" instance="0" name="oc0a"/>
      </gpio>
      <gpio port="B" pin="3">
        <signal device-type="a" driver="exint" name="pcint11"/>
      </gpio>
    </driver>
  </device>
</modm>
