<?xml version='1.0' encoding='UTF-8'?>
<modm version="0.4.0">
  <!-- WARNING: This file is generated by the modm device file generator. Do not edit! -->
  <device platform="avr" family="tiny" name="2313|4313" type="|a">
    <naming-schema>at{family}{name}{type}</naming-schema>
    <invalid-device>attiny4313a</invalid-device>
    <attribute-mcu device-name="2313" value="t2313"/>
    <attribute-mcu device-name="4313" value="t4313"/>
    <driver name="core" type="avr8">
      <memory device-name="2313" name="eeprom" size="128"/>
      <memory device-name="4313" name="eeprom" size="256"/>
      <memory device-name="2313" name="flash" size="2048"/>
      <memory device-name="4313" name="flash" size="4096"/>
      <memory device-name="2313" name="ram" size="128"/>
      <memory device-name="4313" name="ram" size="256"/>
    </driver>
    <driver name="ac" type="avr"/>
    <driver name="clock" type="avr"/>
    <driver name="eeprom" type="avr"/>
    <driver name="tc" type="tc16">
      <instance value="1"/>
    </driver>
    <driver name="tc" type="tc8">
      <instance value="0"/>
    </driver>
    <driver name="usart" type="avr"/>
    <driver name="usi" type="avr"/>
    <driver name="wdt" type="avr"/>
    <driver name="gpio" type="avr">
      <gpio port="A" pin="0"/>
      <gpio port="A" pin="1"/>
      <gpio port="A" pin="2"/>
      <gpio port="B" pin="0"/>
      <gpio port="B" pin="1"/>
      <gpio port="B" pin="2"/>
      <gpio port="B" pin="3"/>
      <gpio port="B" pin="4"/>
      <gpio port="B" pin="5"/>
      <gpio port="B" pin="6"/>
      <gpio port="B" pin="7"/>
      <gpio port="D" pin="0"/>
      <gpio port="D" pin="1"/>
      <gpio port="D" pin="2"/>
      <gpio port="D" pin="3"/>
      <gpio port="D" pin="4"/>
      <gpio port="D" pin="5"/>
      <gpio port="D" pin="6"/>
    </driver>
  </device>
</modm>
