<?xml version='1.0' encoding='UTF-8'?>
<modm version="0.4.0">
  <!-- WARNING: This file is generated by the modm device file generator. Do not edit! -->
  <device platform="avr" family="xmega" name="32|64|128|192|256|384" type="d3" pin="">
    <naming-schema>at{family}{name}{type}{pin}</naming-schema>
    <attribute-mcu device-name="32" value="unsupported"/>
    <attribute-mcu device-name="128" value="x128d3"/>
    <attribute-mcu device-name="192" value="x192d3"/>
    <attribute-mcu device-name="256" value="x256d3"/>
    <attribute-mcu device-name="384" value="x384d3"/>
    <attribute-mcu device-name="64" value="x64d3"/>
    <driver name="core" type="avr8_xmega">
      <memory device-name="32" name="eeprom" size="1024"/>
      <memory device-name="64|128|192" name="eeprom" size="2048"/>
      <memory device-name="256|384" name="eeprom" size="4096"/>
      <memory device-name="32" name="flash" size="32768"/>
      <memory device-name="64" name="flash" size="65536"/>
      <memory device-name="128" name="flash" size="131072"/>
      <memory device-name="192" name="flash" size="196608"/>
      <memory device-name="256" name="flash" size="262144"/>
      <memory device-name="384" name="flash" size="393216"/>
      <memory device-name="32|64" name="ram" size="4096"/>
      <memory device-name="128" name="ram" size="8192"/>
      <memory device-name="192|256" name="ram" size="16384"/>
      <memory device-name="384" name="ram" size="32768"/>
    </driver>
    <driver name="ac" type="avr">
      <instance value="a"/>
    </driver>
    <driver name="adc" type="avr">
      <instance value="a"/>
    </driver>
    <driver device-name="384" name="awex" type="avr">
      <instance value="c"/>
    </driver>
    <driver name="clk" type="avr"/>
    <driver name="clock" type="avr"/>
    <driver name="crc" type="avr"/>
    <driver name="dfll" type="avr">
      <instance value="rc2m"/>
      <instance value="rc32m"/>
    </driver>
    <driver name="evsys" type="avr"/>
    <driver device-name="384" name="hires" type="avr">
      <instance value="c"/>
    </driver>
    <driver name="ircom" type="avr"/>
    <driver name="mcu" type="avr"/>
    <driver name="nvm" type="avr">
      <instance device-name="32|64|128|192|256" value=""/>
      <instance device-name="32|64|128|192|256" value="d_signatures"/>
      <instance device-name="32|64|128|192|256" value="e"/>
      <instance device-name="32|64|128|192|256" value="kbit"/>
    </driver>
    <driver name="osc" type="avr"/>
    <driver name="pmic" type="avr"/>
    <driver device-name="384" name="portcfg" type="avr"/>
    <driver name="pr" type="avr"/>
    <driver name="rst" type="avr"/>
    <driver name="rtc" type="avr"/>
    <driver device-name="384" name="sigrow" type="avr">
      <instance value="ignatures"/>
    </driver>
    <driver name="sleep" type="avr"/>
    <driver name="spi" type="avr">
      <instance value="c"/>
      <instance value="d"/>
      <instance device-name="32|64|128|192|256" value="e"/>
    </driver>
    <driver name="tc" type="tc">
      <instance value="c0"/>
      <instance value="c1"/>
      <instance value="d0"/>
      <instance value="e0"/>
      <instance device-name="32|64|128|192|256" value="exc"/>
      <instance device-name="32|64|128|192|256" value="exe"/>
      <instance value="f0"/>
      <instance device-name="32|64|128|192|256" value="resc"/>
    </driver>
    <driver name="tc" type="tc2">
      <instance value="c2"/>
      <instance value="d2"/>
      <instance value="e2"/>
      <instance value="f2"/>
    </driver>
    <driver name="twi" type="avr">
      <instance value="c"/>
      <instance value="e"/>
    </driver>
    <driver name="usart" type="avr">
      <instance value="c0"/>
      <instance value="d0"/>
      <instance value="e0"/>
      <instance device-name="384" value="f0"/>
    </driver>
    <driver device-name="384" name="vport" type="avr">
      <instance value="0"/>
      <instance value="1"/>
      <instance value="2"/>
      <instance value="3"/>
    </driver>
    <driver name="wdt" type="avr"/>
    <driver name="xocd" type="avr">
      <instance value=""/>
    </driver>
    <driver name="gpio" type="avr">
      <gpio port="A" pin="0">
        <signal driver="ac" instance="a" name="0"/>
        <signal driver="adc" instance="a" name="0"/>
        <signal driver="adc" instance="a" name="refa0"/>
      </gpio>
      <gpio port="A" pin="1">
        <signal driver="ac" instance="a" name="1"/>
        <signal driver="adc" instance="a" name="1"/>
      </gpio>
      <gpio port="A" pin="2">
        <signal driver="ac" instance="a" name="2"/>
        <signal driver="adc" instance="a" name="2"/>
      </gpio>
      <gpio port="A" pin="3">
        <signal driver="ac" instance="a" name="3"/>
        <signal driver="adc" instance="a" name="3"/>
      </gpio>
      <gpio port="A" pin="4">
        <signal driver="ac" instance="a" name="4"/>
        <signal driver="adc" instance="a" name="4"/>
      </gpio>
      <gpio port="A" pin="5">
        <signal driver="ac" instance="a" name="5"/>
        <signal driver="adc" instance="a" name="5"/>
      </gpio>
      <gpio port="A" pin="6">
        <signal driver="ac" instance="a" name="6"/>
        <signal driver="ac" instance="a" name="acout1"/>
        <signal driver="adc" instance="a" name="6"/>
      </gpio>
      <gpio port="A" pin="7">
        <signal driver="ac" instance="a" name="7"/>
        <signal driver="ac" instance="a" name="acout0"/>
        <signal driver="adc" instance="a" name="7"/>
      </gpio>
      <gpio port="B" pin="0">
        <signal driver="adc" instance="a" name="8"/>
        <signal driver="adc" instance="a" name="refb0"/>
      </gpio>
      <gpio port="B" pin="1">
        <signal driver="adc" instance="a" name="9"/>
      </gpio>
      <gpio port="B" pin="2">
        <signal driver="adc" instance="a" name="10"/>
      </gpio>
      <gpio port="B" pin="3">
        <signal driver="adc" instance="a" name="11"/>
      </gpio>
      <gpio port="B" pin="4">
        <signal driver="adc" instance="a" name="12"/>
      </gpio>
      <gpio port="B" pin="5">
        <signal driver="adc" instance="a" name="13"/>
      </gpio>
      <gpio port="B" pin="6">
        <signal driver="adc" instance="a" name="14"/>
      </gpio>
      <gpio port="B" pin="7">
        <signal driver="adc" instance="a" name="15"/>
      </gpio>
      <gpio port="C" pin="0">
        <signal device-name="384" driver="awex" instance="c" name="oc0als"/>
        <signal device-name="32|64|128|192|256" driver="tc" instance="awexc" name="oc0als"/>
        <signal driver="tc" instance="c0" name="oc0a"/>
        <signal driver="tc" instance="c2" name="loc2a"/>
        <signal driver="twi" instance="c" name="sda"/>
      </gpio>
      <gpio port="C" pin="1">
        <signal device-name="384" driver="awex" instance="c" name="oc0ahs"/>
        <signal device-name="32|64|128|192|256" driver="tc" instance="awexc" name="oc0ahs"/>
        <signal driver="tc" instance="c0" name="oc0b"/>
        <signal driver="tc" instance="c2" name="loc2b"/>
        <signal driver="twi" instance="c" name="scl"/>
        <signal driver="usart" instance="c0" name="xck"/>
      </gpio>
      <gpio port="C" pin="2">
        <signal device-name="384" driver="awex" instance="c" name="oc0bls"/>
        <signal device-name="32|64|128|192|256" driver="tc" instance="awexc" name="oc0bls"/>
        <signal driver="tc" instance="c0" name="oc0c"/>
        <signal driver="tc" instance="c2" name="loc2c"/>
        <signal driver="usart" instance="c0" name="rxd"/>
      </gpio>
      <gpio port="C" pin="3">
        <signal device-name="384" driver="awex" instance="c" name="oc0bhs"/>
        <signal device-name="32|64|128|192|256" driver="tc" instance="awexc" name="oc0bhs"/>
        <signal driver="tc" instance="c0" name="oc0d"/>
        <signal driver="tc" instance="c2" name="loc2d"/>
        <signal driver="usart" instance="c0" name="txd"/>
      </gpio>
      <gpio port="C" pin="4">
        <signal device-name="384" driver="awex" instance="c" name="oc0cls"/>
        <signal device-name="32|64|128|192|256" driver="port" instance="_cfg" name="clkout"/>
        <signal device-name="32|64|128|192|256" driver="port" instance="_cfg" name="evout"/>
        <signal device-name="384" driver="portcfg" name="clkout"/>
        <signal device-name="384" driver="portcfg" name="evout"/>
        <signal driver="spi" instance="c" name="ss"/>
        <signal driver="spi" instance="c" name="ss"/>
        <signal device-name="32|64|128|192|256" driver="tc" instance="awexc" name="oc0cls"/>
        <signal driver="tc" instance="c0" name="oc0a"/>
        <signal driver="tc" instance="c1" name="oc1a"/>
        <signal driver="tc" instance="c2" name="hoc2a"/>
      </gpio>
      <gpio port="C" pin="5">
        <signal device-name="384" driver="awex" instance="c" name="oc0chs"/>
        <signal driver="spi" instance="c" name="mosi"/>
        <signal driver="spi" instance="c" name="sck"/>
        <signal device-name="32|64|128|192|256" driver="tc" instance="awexc" name="oc0chs"/>
        <signal driver="tc" instance="c0" name="oc0b"/>
        <signal driver="tc" instance="c1" name="oc1b"/>
        <signal driver="tc" instance="c2" name="hoc2b"/>
        <signal driver="usart" instance="c0" name="xck"/>
      </gpio>
      <gpio port="C" pin="6">
        <signal device-name="384" driver="awex" instance="c" name="oc0dls"/>
        <signal device-name="32|64|128|192|256" driver="port" instance="_cfg" name="rtcout"/>
        <signal device-name="384" driver="portcfg" name="rtcout"/>
        <signal driver="spi" instance="c" name="miso"/>
        <signal driver="spi" instance="c" name="miso"/>
        <signal device-name="32|64|128|192|256" driver="tc" instance="awexc" name="oc0dls"/>
        <signal driver="tc" instance="c0" name="oc0c"/>
        <signal driver="tc" instance="c2" name="hoc2c"/>
        <signal driver="usart" instance="c0" name="rxd"/>
      </gpio>
      <gpio port="C" pin="7">
        <signal device-name="384" driver="awex" instance="c" name="oc0dhs"/>
        <signal device-name="32|64|128|192|256" driver="port" instance="_cfg" name="clkout"/>
        <signal device-name="32|64|128|192|256" driver="port" instance="_cfg" name="evout"/>
        <signal device-name="384" driver="portcfg" name="clkout"/>
        <signal device-name="384" driver="portcfg" name="evout"/>
        <signal driver="spi" instance="c" name="mosi"/>
        <signal driver="spi" instance="c" name="sck"/>
        <signal device-name="32|64|128|192|256" driver="tc" instance="awexc" name="oc0dhs"/>
        <signal driver="tc" instance="c0" name="oc0d"/>
        <signal driver="tc" instance="c2" name="hoc2d"/>
        <signal driver="usart" instance="c0" name="txd"/>
      </gpio>
      <gpio port="D" pin="0">
        <signal driver="tc" instance="d0" name="oc0a"/>
        <signal driver="tc" instance="d2" name="loc2a"/>
      </gpio>
      <gpio port="D" pin="1">
        <signal driver="tc" instance="d0" name="oc0b"/>
        <signal driver="tc" instance="d2" name="loc2b"/>
        <signal driver="usart" instance="d0" name="xck"/>
      </gpio>
      <gpio port="D" pin="2">
        <signal driver="tc" instance="d0" name="oc0c"/>
        <signal driver="tc" instance="d2" name="loc2c"/>
        <signal driver="usart" instance="d0" name="rxd"/>
      </gpio>
      <gpio port="D" pin="3">
        <signal driver="tc" instance="d0" name="oc0d"/>
        <signal driver="tc" instance="d2" name="loc2d"/>
        <signal driver="usart" instance="d0" name="txd"/>
      </gpio>
      <gpio port="D" pin="4">
        <signal driver="spi" instance="d" name="ss"/>
        <signal driver="tc" instance="d2" name="hoc2a"/>
      </gpio>
      <gpio port="D" pin="5">
        <signal driver="spi" instance="d" name="mosi"/>
        <signal driver="tc" instance="d2" name="hoc2b"/>
      </gpio>
      <gpio port="D" pin="6">
        <signal driver="spi" instance="d" name="miso"/>
        <signal driver="tc" instance="d2" name="hoc2c"/>
      </gpio>
      <gpio port="D" pin="7">
        <signal driver="spi" instance="d" name="sck"/>
        <signal driver="tc" instance="d2" name="hoc2d"/>
      </gpio>
      <gpio port="E" pin="0">
        <signal driver="tc" instance="e0" name="oc0a"/>
        <signal driver="tc" instance="e2" name="loc2a"/>
        <signal driver="twi" instance="e" name="sda"/>
      </gpio>
      <gpio port="E" pin="1">
        <signal driver="tc" instance="e0" name="oc0b"/>
        <signal driver="tc" instance="e2" name="loc2b"/>
        <signal driver="twi" instance="e" name="scl"/>
        <signal driver="usart" instance="e0" name="xck"/>
      </gpio>
      <gpio port="E" pin="2">
        <signal driver="osc" name="tosc2"/>
        <signal driver="tc" instance="e0" name="oc0c"/>
        <signal driver="tc" instance="e2" name="loc2c"/>
        <signal driver="usart" instance="e0" name="rxd"/>
      </gpio>
      <gpio port="E" pin="3">
        <signal driver="osc" name="tosc1"/>
        <signal driver="tc" instance="e0" name="oc0d"/>
        <signal driver="tc" instance="e2" name="loc2d"/>
        <signal driver="usart" instance="e0" name="txd"/>
      </gpio>
      <gpio port="E" pin="4">
        <signal driver="tc" instance="e2" name="hoc2a"/>
      </gpio>
      <gpio port="E" pin="5">
        <signal driver="tc" instance="e2" name="hoc2b"/>
      </gpio>
      <gpio port="E" pin="6">
        <signal driver="tc" instance="e2" name="hoc2c"/>
      </gpio>
      <gpio port="E" pin="7">
        <signal driver="tc" instance="e2" name="hoc2d"/>
      </gpio>
      <gpio port="F" pin="0">
        <signal driver="tc" instance="f0" name="oc0a"/>
        <signal driver="tc" instance="f2" name="loc2a"/>
      </gpio>
      <gpio port="F" pin="1">
        <signal driver="tc" instance="f0" name="oc0b"/>
        <signal driver="tc" instance="f2" name="loc2b"/>
        <signal device-name="384" driver="usart" instance="f0" name="xck"/>
      </gpio>
      <gpio port="F" pin="2">
        <signal driver="tc" instance="f0" name="oc0c"/>
        <signal driver="tc" instance="f2" name="loc2c"/>
        <signal device-name="384" driver="usart" instance="f0" name="rxd"/>
      </gpio>
      <gpio port="F" pin="3">
        <signal driver="tc" instance="f0" name="oc0d"/>
        <signal driver="tc" instance="f2" name="loc2d"/>
        <signal device-name="384" driver="usart" instance="f0" name="txd"/>
      </gpio>
      <gpio port="F" pin="4">
        <signal driver="tc" instance="f2" name="hoc2a"/>
      </gpio>
      <gpio port="F" pin="5">
        <signal driver="tc" instance="f2" name="hoc2b"/>
      </gpio>
      <gpio port="F" pin="6">
        <signal driver="tc" instance="f2" name="hoc2c"/>
      </gpio>
      <gpio port="F" pin="7">
        <signal driver="tc" instance="f2" name="hoc2d"/>
      </gpio>
      <gpio port="R" pin="0">
        <signal driver="osc" name="xtal2"/>
      </gpio>
      <gpio port="R" pin="1">
        <signal driver="osc" name="xtal1"/>
      </gpio>
    </driver>
  </device>
</modm>
