<?xml version='1.0' encoding='UTF-8'?>
<modm version="0.4.0">
  <!-- WARNING: This file is generated by the modm device file generator. Do not edit! -->
  <device platform="avr" family="xmega" name="64|128" type="a1" pin="|u">
    <naming-schema>at{family}{name}{type}{pin}</naming-schema>
    <attribute-mcu device-name="128" device-pin="" value="x128a1"/>
    <attribute-mcu device-name="128" device-pin="u" value="x128a1u"/>
    <attribute-mcu device-name="64" device-pin="" value="x64a1"/>
    <attribute-mcu device-name="64" device-pin="u" value="x64a1u"/>
    <driver name="core" type="avr8_xmega">
      <memory name="eeprom" size="2048"/>
      <memory device-name="64" name="flash" size="65536"/>
      <memory device-name="128" name="flash" size="131072"/>
      <memory device-name="64" name="ram" size="4096"/>
      <memory device-name="128" name="ram" size="8192"/>
    </driver>
    <driver name="ac" type="avr">
      <instance value="a"/>
      <instance value="b"/>
    </driver>
    <driver name="adc" type="avr">
      <instance value="a"/>
      <instance value="b"/>
    </driver>
    <driver name="aes" type="avr"/>
    <driver device-pin="u" name="awex" type="avr">
      <instance value="c"/>
      <instance value="e"/>
    </driver>
    <driver name="clk" type="avr">
      <instance device-pin="" value=""/>
      <instance device-pin="" value=""/>
    </driver>
    <driver name="clock" type="avr"/>
    <driver device-pin="u" name="crc" type="avr"/>
    <driver name="dac" type="avr">
      <instance value="a"/>
      <instance value="b"/>
    </driver>
    <driver name="dfll" type="avr">
      <instance value="rc2m"/>
      <instance value="rc32m"/>
    </driver>
    <driver name="dma" type="avr"/>
    <driver name="ebi" type="avr"/>
    <driver name="evsys" type="avr"/>
    <driver device-pin="u" name="hires" type="avr">
      <instance value="c"/>
      <instance value="d"/>
      <instance value="e"/>
      <instance value="f"/>
    </driver>
    <driver name="ircom" type="avr"/>
    <driver name="mcu" type="avr"/>
    <driver name="nvm" type="avr">
      <instance device-pin="" value=""/>
      <instance device-pin="" value="d_signatures"/>
      <instance device-pin="" value="e"/>
      <instance device-pin="" value="kbit"/>
    </driver>
    <driver name="osc" type="avr"/>
    <driver name="pmic" type="avr"/>
    <driver device-pin="u" name="portcfg" type="avr"/>
    <driver device-pin="u" name="pr" type="avr"/>
    <driver name="rst" type="avr"/>
    <driver name="rtc" type="avr"/>
    <driver device-pin="u" name="sigrow" type="avr">
      <instance value="ignatures"/>
    </driver>
    <driver name="sleep" type="avr"/>
    <driver name="spi" type="avr">
      <instance value="c"/>
      <instance value="d"/>
      <instance value="e"/>
      <instance value="f"/>
    </driver>
    <driver name="tc" type="tc">
      <instance value="c0"/>
      <instance value="c1"/>
      <instance value="d0"/>
      <instance value="d1"/>
      <instance value="e0"/>
      <instance value="e1"/>
      <instance device-pin="" value="exc"/>
      <instance device-pin="" value="exe"/>
      <instance value="f0"/>
      <instance value="f1"/>
      <instance device-pin="" value="resc"/>
      <instance device-pin="" value="resd"/>
      <instance device-pin="" value="rese"/>
      <instance device-pin="" value="resf"/>
    </driver>
    <driver device-pin="u" name="tc" type="tc2">
      <instance value="c2"/>
      <instance value="d2"/>
      <instance value="e2"/>
      <instance value="f2"/>
    </driver>
    <driver name="twi" type="avr">
      <instance value="c"/>
      <instance value="d"/>
      <instance value="e"/>
      <instance value="f"/>
    </driver>
    <driver name="usart" type="avr">
      <instance value="c0"/>
      <instance value="c1"/>
      <instance value="d0"/>
      <instance value="d1"/>
      <instance value="e0"/>
      <instance value="e1"/>
      <instance value="f0"/>
      <instance value="f1"/>
    </driver>
    <driver device-pin="u" name="usb" type="avr"/>
    <driver device-pin="u" name="vport" type="avr">
      <instance value="0"/>
      <instance value="1"/>
      <instance value="2"/>
      <instance value="3"/>
    </driver>
    <driver name="wdt" type="avr"/>
    <driver name="xocd" type="avr">
      <instance value=""/>
    </driver>
    <driver name="gpio" type="avr">
      <gpio device-pin="u" port="A" pin="0">
        <signal driver="ac" instance="a" name="0"/>
        <signal driver="ac" instance="a" name="0"/>
        <signal driver="adc" instance="a" name="0"/>
        <signal driver="adc" instance="a" name="0"/>
        <signal driver="adc" instance="a" name="0"/>
        <signal driver="adc" instance="a" name="refa0"/>
        <signal driver="adc" instance="b" name="refa0"/>
        <signal driver="dac" instance="a" name="refa0"/>
        <signal driver="dac" instance="b" name="refa0"/>
      </gpio>
      <gpio device-pin="u" port="A" pin="1">
        <signal driver="ac" instance="a" name="1"/>
        <signal driver="ac" instance="a" name="1"/>
        <signal driver="adc" instance="a" name="1"/>
        <signal driver="adc" instance="a" name="1"/>
        <signal driver="adc" instance="a" name="1"/>
      </gpio>
      <gpio device-pin="u" port="A" pin="2">
        <signal driver="ac" instance="a" name="2"/>
        <signal driver="adc" instance="a" name="2"/>
        <signal driver="adc" instance="a" name="2"/>
        <signal driver="adc" instance="a" name="2"/>
        <signal driver="dac" instance="a" name="0"/>
      </gpio>
      <gpio device-pin="u" port="A" pin="3">
        <signal driver="ac" instance="a" name="3"/>
        <signal driver="ac" instance="a" name="3"/>
        <signal driver="adc" instance="a" name="3"/>
        <signal driver="adc" instance="a" name="3"/>
        <signal driver="adc" instance="a" name="3"/>
        <signal driver="dac" instance="a" name="1"/>
      </gpio>
      <gpio device-pin="u" port="A" pin="4">
        <signal driver="ac" instance="a" name="4"/>
        <signal driver="adc" instance="a" name="4"/>
        <signal driver="adc" instance="a" name="4"/>
        <signal driver="adc" instance="a" name="4"/>
      </gpio>
      <gpio device-pin="u" port="A" pin="5">
        <signal driver="ac" instance="a" name="5"/>
        <signal driver="ac" instance="a" name="5"/>
        <signal driver="adc" instance="a" name="5"/>
        <signal driver="adc" instance="a" name="5"/>
        <signal driver="adc" instance="a" name="5"/>
      </gpio>
      <gpio device-pin="u" port="A" pin="6">
        <signal driver="ac" instance="a" name="6"/>
        <signal driver="ac" instance="a" name="acout1"/>
        <signal driver="adc" instance="a" name="6"/>
        <signal driver="adc" instance="a" name="6"/>
        <signal driver="adc" instance="a" name="6"/>
      </gpio>
      <gpio device-pin="u" port="A" pin="7">
        <signal driver="ac" instance="a" name="7"/>
        <signal driver="ac" instance="a" name="acout0"/>
        <signal driver="adc" instance="a" name="7"/>
        <signal driver="adc" instance="a" name="7"/>
        <signal driver="adc" instance="a" name="7"/>
      </gpio>
      <gpio device-pin="u" port="B" pin="0">
        <signal driver="ac" instance="b" name="0"/>
        <signal driver="ac" instance="b" name="0"/>
        <signal driver="adc" instance="a" name="8"/>
        <signal driver="adc" instance="a" name="refb0"/>
        <signal driver="adc" instance="b" name="0"/>
        <signal driver="adc" instance="b" name="0"/>
        <signal driver="adc" instance="b" name="refb0"/>
        <signal driver="dac" instance="a" name="refb0"/>
        <signal driver="dac" instance="b" name="refb0"/>
      </gpio>
      <gpio device-pin="u" port="B" pin="1">
        <signal driver="ac" instance="b" name="1"/>
        <signal driver="ac" instance="b" name="1"/>
        <signal driver="adc" instance="a" name="9"/>
        <signal driver="adc" instance="b" name="1"/>
        <signal driver="adc" instance="b" name="1"/>
      </gpio>
      <gpio device-pin="u" port="B" pin="2">
        <signal driver="ac" instance="b" name="2"/>
        <signal driver="adc" instance="a" name="10"/>
        <signal driver="adc" instance="b" name="2"/>
        <signal driver="adc" instance="b" name="2"/>
        <signal driver="dac" instance="b" name="0"/>
      </gpio>
      <gpio device-pin="u" port="B" pin="3">
        <signal driver="ac" instance="b" name="3"/>
        <signal driver="ac" instance="b" name="3"/>
        <signal driver="adc" instance="a" name="11"/>
        <signal driver="adc" instance="b" name="3"/>
        <signal driver="adc" instance="b" name="3"/>
        <signal driver="dac" instance="b" name="1"/>
      </gpio>
      <gpio device-pin="u" port="B" pin="4">
        <signal driver="ac" instance="b" name="4"/>
        <signal driver="adc" instance="a" name="12"/>
        <signal driver="adc" instance="b" name="4"/>
        <signal driver="adc" instance="b" name="4"/>
        <signal driver="adc" instance="b" name="4"/>
        <signal driver="adc" instance="b" name="4"/>
      </gpio>
      <gpio device-pin="u" port="B" pin="5">
        <signal driver="ac" instance="b" name="5"/>
        <signal driver="ac" instance="b" name="5"/>
        <signal driver="adc" instance="a" name="13"/>
        <signal driver="adc" instance="b" name="5"/>
        <signal driver="adc" instance="b" name="5"/>
        <signal driver="adc" instance="b" name="5"/>
        <signal driver="adc" instance="b" name="5"/>
      </gpio>
      <gpio device-pin="u" port="B" pin="6">
        <signal driver="ac" instance="b" name="6"/>
        <signal driver="ac" instance="b" name="acout1"/>
        <signal driver="adc" instance="a" name="14"/>
        <signal driver="adc" instance="b" name="6"/>
        <signal driver="adc" instance="b" name="6"/>
        <signal driver="adc" instance="b" name="6"/>
        <signal driver="adc" instance="b" name="6"/>
      </gpio>
      <gpio device-pin="u" port="B" pin="7">
        <signal driver="ac" instance="b" name="7"/>
        <signal driver="ac" instance="b" name="acout0"/>
        <signal driver="adc" instance="a" name="15"/>
        <signal driver="adc" instance="b" name="7"/>
        <signal driver="adc" instance="b" name="7"/>
        <signal driver="adc" instance="b" name="7"/>
        <signal driver="adc" instance="b" name="7"/>
      </gpio>
      <gpio device-pin="u" port="C" pin="0">
        <signal driver="awex" instance="c" name="oc0als"/>
        <signal driver="tc" instance="c0" name="oc0a"/>
        <signal driver="tc" instance="c2" name="loc2a"/>
        <signal driver="twi" instance="c" name="sda"/>
      </gpio>
      <gpio device-pin="u" port="C" pin="1">
        <signal driver="awex" instance="c" name="oc0ahs"/>
        <signal driver="tc" instance="c0" name="oc0b"/>
        <signal driver="tc" instance="c2" name="loc2b"/>
        <signal driver="twi" instance="c" name="scl"/>
        <signal driver="usart" instance="c0" name="xck"/>
      </gpio>
      <gpio device-pin="u" port="C" pin="2">
        <signal driver="awex" instance="c" name="oc0bls"/>
        <signal driver="tc" instance="c0" name="oc0c"/>
        <signal driver="tc" instance="c2" name="loc2c"/>
        <signal driver="usart" instance="c0" name="rxd"/>
      </gpio>
      <gpio device-pin="u" port="C" pin="3">
        <signal driver="awex" instance="c" name="oc0bhs"/>
        <signal driver="tc" instance="c0" name="oc0d"/>
        <signal driver="tc" instance="c2" name="loc2d"/>
        <signal driver="usart" instance="c0" name="txd"/>
      </gpio>
      <gpio device-pin="u" port="C" pin="4">
        <signal driver="awex" instance="c" name="oc0cls"/>
        <signal driver="portcfg" name="clkout"/>
        <signal driver="portcfg" name="evout"/>
        <signal driver="spi" instance="c" name="ss"/>
        <signal driver="tc" instance="c0" name="oc0a"/>
        <signal driver="tc" instance="c1" name="oc1a"/>
        <signal driver="tc" instance="c2" name="hoc2a"/>
      </gpio>
      <gpio device-pin="u" port="C" pin="5">
        <signal driver="awex" instance="c" name="oc0chs"/>
        <signal driver="spi" instance="c" name="mosi"/>
        <signal driver="tc" instance="c0" name="oc0b"/>
        <signal driver="tc" instance="c1" name="oc1b"/>
        <signal driver="tc" instance="c2" name="hoc2b"/>
        <signal driver="usart" instance="c0" name="xck"/>
        <signal driver="usart" instance="c1" name="xck"/>
      </gpio>
      <gpio device-pin="u" port="C" pin="6">
        <signal driver="awex" instance="c" name="oc0dls"/>
        <signal driver="portcfg" name="rtcout"/>
        <signal driver="spi" instance="c" name="miso"/>
        <signal driver="tc" instance="c0" name="oc0c"/>
        <signal driver="tc" instance="c2" name="hoc2c"/>
        <signal driver="usart" instance="c0" name="rxd"/>
        <signal driver="usart" instance="c1" name="rxd"/>
      </gpio>
      <gpio device-pin="u" port="C" pin="7">
        <signal driver="awex" instance="c" name="oc0dhs"/>
        <signal driver="portcfg" name="clkout"/>
        <signal driver="portcfg" name="evout"/>
        <signal driver="spi" instance="c" name="sck"/>
        <signal driver="tc" instance="c0" name="oc0d"/>
        <signal driver="tc" instance="c2" name="hoc2d"/>
        <signal driver="usart" instance="c0" name="txd"/>
        <signal driver="usart" instance="c1" name="txd"/>
      </gpio>
      <gpio device-pin="u" port="D" pin="0">
        <signal driver="tc" instance="d0" name="oc0a"/>
        <signal driver="tc" instance="d2" name="loc2a"/>
        <signal driver="twi" instance="d" name="sda"/>
      </gpio>
      <gpio device-pin="u" port="D" pin="1">
        <signal driver="tc" instance="d0" name="oc0b"/>
        <signal driver="tc" instance="d2" name="loc2b"/>
        <signal driver="twi" instance="d" name="scl"/>
        <signal driver="usart" instance="d0" name="xck"/>
      </gpio>
      <gpio device-pin="u" port="D" pin="2">
        <signal driver="tc" instance="d0" name="oc0c"/>
        <signal driver="tc" instance="d2" name="loc2c"/>
        <signal driver="usart" instance="d0" name="rxd"/>
      </gpio>
      <gpio device-pin="u" port="D" pin="3">
        <signal driver="tc" instance="d0" name="oc0d"/>
        <signal driver="tc" instance="d2" name="loc2d"/>
        <signal driver="usart" instance="d0" name="txd"/>
      </gpio>
      <gpio device-pin="u" port="D" pin="4">
        <signal driver="portcfg" name="clkout"/>
        <signal driver="portcfg" name="evout"/>
        <signal driver="spi" instance="d" name="ss"/>
        <signal driver="tc" instance="d1" name="oc1a"/>
        <signal driver="tc" instance="d2" name="hoc2a"/>
      </gpio>
      <gpio device-pin="u" port="D" pin="5">
        <signal driver="spi" instance="d" name="mosi"/>
        <signal driver="tc" instance="d1" name="oc1b"/>
        <signal driver="tc" instance="d2" name="hoc2b"/>
        <signal driver="usart" instance="d1" name="xck"/>
      </gpio>
      <gpio device-pin="u" port="D" pin="6">
        <signal driver="spi" instance="d" name="miso"/>
        <signal driver="tc" instance="d2" name="hoc2c"/>
        <signal driver="usart" instance="d1" name="rxd"/>
        <signal driver="usb" name="dn"/>
      </gpio>
      <gpio device-pin="u" port="D" pin="7">
        <signal driver="portcfg" name="clkout"/>
        <signal driver="portcfg" name="evout"/>
        <signal driver="spi" instance="d" name="sck"/>
        <signal driver="tc" instance="d2" name="hoc2d"/>
        <signal driver="usart" instance="d1" name="txd"/>
        <signal driver="usb" name="dp"/>
      </gpio>
      <gpio device-pin="u" port="E" pin="0">
        <signal driver="awex" instance="e" name="oc0als"/>
        <signal driver="tc" instance="e0" name="oc0a"/>
        <signal driver="tc" instance="e2" name="loc2a"/>
        <signal driver="twi" instance="e" name="sda"/>
      </gpio>
      <gpio device-pin="u" port="E" pin="1">
        <signal driver="awex" instance="e" name="oc0ahs"/>
        <signal driver="tc" instance="e0" name="oc0b"/>
        <signal driver="tc" instance="e2" name="loc2b"/>
        <signal driver="twi" instance="e" name="scl"/>
        <signal driver="usart" instance="e0" name="xck"/>
      </gpio>
      <gpio device-pin="u" port="E" pin="2">
        <signal driver="awex" instance="e" name="oc0bls"/>
        <signal driver="tc" instance="e0" name="oc0c"/>
        <signal driver="tc" instance="e2" name="loc2c"/>
        <signal driver="usart" instance="e0" name="rxd"/>
      </gpio>
      <gpio device-pin="u" port="E" pin="3">
        <signal driver="awex" instance="e" name="oc0bhs"/>
        <signal driver="tc" instance="e0" name="oc0d"/>
        <signal driver="tc" instance="e2" name="loc2d"/>
        <signal driver="usart" instance="e0" name="txd"/>
      </gpio>
      <gpio device-pin="u" port="E" pin="4">
        <signal driver="awex" instance="e" name="oc0cls"/>
        <signal driver="portcfg" name="clkout"/>
        <signal driver="portcfg" name="evout"/>
        <signal driver="spi" instance="e" name="ss"/>
        <signal driver="tc" instance="e1" name="oc1a"/>
        <signal driver="tc" instance="e2" name="hoc2a"/>
      </gpio>
      <gpio device-pin="u" port="E" pin="5">
        <signal driver="awex" instance="e" name="oc0chs"/>
        <signal driver="spi" instance="e" name="mosi"/>
        <signal driver="tc" instance="e1" name="oc1b"/>
        <signal driver="tc" instance="e2" name="hoc2b"/>
        <signal driver="usart" instance="e1" name="xck"/>
      </gpio>
      <gpio device-pin="u" port="E" pin="6">
        <signal driver="awex" instance="e" name="oc0dls"/>
        <signal driver="spi" instance="e" name="miso"/>
        <signal driver="tc" instance="e2" name="hoc2c"/>
        <signal driver="usart" instance="e1" name="rxd"/>
      </gpio>
      <gpio device-pin="u" port="E" pin="7">
        <signal driver="awex" instance="e" name="oc0dhs"/>
        <signal driver="portcfg" name="clkout"/>
        <signal driver="portcfg" name="evout"/>
        <signal driver="spi" instance="e" name="sck"/>
        <signal driver="tc" instance="e2" name="hoc2d"/>
        <signal driver="usart" instance="e1" name="txd"/>
      </gpio>
      <gpio device-pin="u" port="F" pin="0">
        <signal driver="tc" instance="f0" name="oc0a"/>
        <signal driver="tc" instance="f2" name="loc2a"/>
        <signal driver="twi" instance="f" name="sda"/>
      </gpio>
      <gpio device-pin="u" port="F" pin="0">
        <signal driver="tc" instance="f0" name="oc0a"/>
        <signal driver="tc" instance="f2" name="loc2a"/>
        <signal driver="twi" instance="f" name="sda"/>
      </gpio>
      <gpio device-pin="u" port="F" pin="1">
        <signal driver="tc" instance="f0" name="oc0b"/>
        <signal driver="tc" instance="f2" name="loc2b"/>
        <signal driver="twi" instance="f" name="scl"/>
        <signal driver="usart" instance="f0" name="xck"/>
      </gpio>
      <gpio device-pin="u" port="F" pin="1">
        <signal driver="tc" instance="f0" name="oc0b"/>
        <signal driver="tc" instance="f2" name="loc2b"/>
        <signal driver="twi" instance="f" name="scl"/>
        <signal driver="usart" instance="f0" name="xck"/>
      </gpio>
      <gpio device-pin="u" port="F" pin="2">
        <signal driver="tc" instance="f0" name="oc0c"/>
        <signal driver="tc" instance="f2" name="loc2c"/>
        <signal driver="usart" instance="f0" name="rxd"/>
      </gpio>
      <gpio device-pin="u" port="F" pin="2">
        <signal driver="tc" instance="f0" name="oc0c"/>
        <signal driver="tc" instance="f2" name="loc2c"/>
        <signal driver="usart" instance="f0" name="rxd"/>
      </gpio>
      <gpio device-pin="u" port="F" pin="3">
        <signal driver="tc" instance="f0" name="oc0d"/>
        <signal driver="tc" instance="f2" name="loc2d"/>
        <signal driver="usart" instance="f0" name="txd"/>
      </gpio>
      <gpio device-pin="u" port="F" pin="3">
        <signal driver="tc" instance="f0" name="oc0d"/>
        <signal driver="tc" instance="f2" name="loc2d"/>
        <signal driver="usart" instance="f0" name="txd"/>
      </gpio>
      <gpio device-pin="u" port="F" pin="4">
        <signal driver="spi" instance="f" name="ss"/>
        <signal driver="tc" instance="f1" name="oc1a"/>
        <signal driver="tc" instance="f2" name="hoc2a"/>
      </gpio>
      <gpio device-pin="u" port="F" pin="4">
        <signal driver="spi" instance="f" name="ss"/>
        <signal driver="tc" instance="f1" name="oc1a"/>
        <signal driver="tc" instance="f2" name="hoc2a"/>
      </gpio>
      <gpio device-pin="u" port="F" pin="5">
        <signal driver="spi" instance="f" name="mosi"/>
        <signal driver="tc" instance="f1" name="oc1b"/>
        <signal driver="tc" instance="f2" name="hoc2b"/>
        <signal driver="usart" instance="f1" name="xck"/>
      </gpio>
      <gpio device-pin="u" port="F" pin="5">
        <signal driver="spi" instance="f" name="mosi"/>
        <signal driver="tc" instance="f1" name="oc1b"/>
        <signal driver="tc" instance="f2" name="hoc2b"/>
        <signal driver="usart" instance="f1" name="xck"/>
      </gpio>
      <gpio device-pin="u" port="F" pin="6">
        <signal driver="spi" instance="f" name="miso"/>
        <signal driver="tc" instance="f2" name="hoc2c"/>
        <signal driver="usart" instance="f1" name="rxd"/>
      </gpio>
      <gpio device-pin="u" port="F" pin="6">
        <signal driver="spi" instance="f" name="miso"/>
        <signal driver="tc" instance="f2" name="hoc2c"/>
        <signal driver="usart" instance="f1" name="rxd"/>
      </gpio>
      <gpio device-pin="u" port="F" pin="7">
        <signal driver="spi" instance="f" name="sck"/>
        <signal driver="tc" instance="f2" name="hoc2d"/>
        <signal driver="usart" instance="f1" name="txd"/>
      </gpio>
      <gpio device-pin="u" port="F" pin="7">
        <signal driver="spi" instance="f" name="sck"/>
        <signal driver="tc" instance="f2" name="hoc2d"/>
        <signal driver="usart" instance="f1" name="txd"/>
      </gpio>
      <gpio device-pin="u" port="H" pin="0"/>
      <gpio device-pin="u" port="H" pin="0"/>
      <gpio device-pin="u" port="H" pin="1"/>
      <gpio device-pin="u" port="H" pin="1"/>
      <gpio device-pin="u" port="H" pin="2"/>
      <gpio device-pin="u" port="H" pin="2"/>
      <gpio device-pin="u" port="H" pin="3"/>
      <gpio device-pin="u" port="H" pin="3"/>
      <gpio device-pin="u" port="H" pin="4"/>
      <gpio device-pin="u" port="H" pin="4"/>
      <gpio device-pin="u" port="H" pin="5"/>
      <gpio device-pin="u" port="H" pin="5"/>
      <gpio device-pin="u" port="H" pin="6"/>
      <gpio device-pin="u" port="H" pin="6"/>
      <gpio device-pin="u" port="H" pin="7"/>
      <gpio device-pin="u" port="H" pin="7"/>
      <gpio device-pin="u" port="J" pin="0"/>
      <gpio device-pin="u" port="J" pin="0"/>
      <gpio device-pin="u" port="J" pin="1"/>
      <gpio device-pin="u" port="J" pin="1"/>
      <gpio device-pin="u" port="J" pin="2"/>
      <gpio device-pin="u" port="J" pin="2"/>
      <gpio device-pin="u" port="J" pin="3"/>
      <gpio device-pin="u" port="J" pin="3"/>
      <gpio device-pin="u" port="J" pin="4"/>
      <gpio device-pin="u" port="J" pin="4"/>
      <gpio device-pin="u" port="J" pin="5"/>
      <gpio device-pin="u" port="J" pin="5"/>
      <gpio device-pin="u" port="J" pin="6"/>
      <gpio device-pin="u" port="J" pin="6"/>
      <gpio device-pin="u" port="J" pin="7"/>
      <gpio device-pin="u" port="J" pin="7"/>
      <gpio device-pin="u" port="K" pin="0"/>
      <gpio device-pin="u" port="K" pin="0"/>
      <gpio device-pin="u" port="K" pin="1"/>
      <gpio device-pin="u" port="K" pin="1"/>
      <gpio device-pin="u" port="K" pin="2"/>
      <gpio device-pin="u" port="K" pin="2"/>
      <gpio device-pin="u" port="K" pin="3"/>
      <gpio device-pin="u" port="K" pin="3"/>
      <gpio device-pin="u" port="K" pin="4"/>
      <gpio device-pin="u" port="K" pin="4"/>
      <gpio device-pin="u" port="K" pin="5"/>
      <gpio device-pin="u" port="K" pin="5"/>
      <gpio device-pin="u" port="K" pin="6"/>
      <gpio device-pin="u" port="K" pin="6"/>
      <gpio device-pin="u" port="K" pin="7"/>
      <gpio device-pin="u" port="K" pin="7"/>
      <gpio device-pin="u" port="Q" pin="0"/>
      <gpio device-pin="u" port="Q" pin="1"/>
      <gpio device-pin="u" port="Q" pin="2"/>
      <gpio device-pin="u" port="Q" pin="3"/>
      <gpio device-pin="u" port="R" pin="0"/>
      <gpio device-pin="u" port="R" pin="1"/>
    </driver>
  </device>
</modm>
