<?xml version='1.0' encoding='UTF-8'?>
<modm version="0.4.0">
  <!-- WARNING: This file is generated by the modm device file generator. Do not edit! -->
  <device platform="avr" family="xmega" name="64|128" type="b1" pin="">
    <naming-schema>at{family}{name}{type}{pin}</naming-schema>
    <attribute-mcu device-name="128" value="x128b1"/>
    <attribute-mcu device-name="64" value="x64b1"/>
    <driver name="core" type="avr8_xmega">
      <memory name="eeprom" size="2048"/>
      <memory device-name="64" name="flash" size="65536"/>
      <memory device-name="128" name="flash" size="131072"/>
      <memory device-name="64" name="ram" size="4096"/>
      <memory device-name="128" name="ram" size="8192"/>
    </driver>
    <driver name="ac" type="avr">
      <instance value="a"/>
      <instance value="b"/>
    </driver>
    <driver name="adc" type="avr">
      <instance value="a"/>
      <instance value="b"/>
    </driver>
    <driver name="aes" type="avr"/>
    <driver name="awex" type="avr">
      <instance value="c"/>
    </driver>
    <driver name="clk" type="avr"/>
    <driver name="clock" type="avr"/>
    <driver name="crc" type="avr"/>
    <driver name="dfll" type="avr">
      <instance value="rc2m"/>
      <instance value="rc32m"/>
    </driver>
    <driver name="dma" type="avr"/>
    <driver name="evsys" type="avr"/>
    <driver name="hires" type="avr">
      <instance value="c"/>
    </driver>
    <driver name="ircom" type="avr"/>
    <driver name="lcd" type="avr"/>
    <driver name="mcu" type="avr"/>
    <driver name="nvm" type="avr"/>
    <driver name="osc" type="avr"/>
    <driver name="pmic" type="avr"/>
    <driver name="portcfg" type="avr"/>
    <driver name="pr" type="avr"/>
    <driver name="rst" type="avr"/>
    <driver name="rtc" type="avr"/>
    <driver name="sigrow" type="avr">
      <instance value="ignatures"/>
    </driver>
    <driver name="sleep" type="avr"/>
    <driver name="spi" type="avr">
      <instance value="c"/>
    </driver>
    <driver name="tc" type="tc">
      <instance value="c0"/>
      <instance value="c1"/>
      <instance value="e0"/>
    </driver>
    <driver name="tc" type="tc2">
      <instance value="c2"/>
      <instance value="e2"/>
    </driver>
    <driver name="twi" type="avr">
      <instance value="c"/>
    </driver>
    <driver name="usart" type="avr">
      <instance value="c0"/>
      <instance value="e0"/>
    </driver>
    <driver name="usb" type="avr"/>
    <driver name="vport" type="avr">
      <instance value="0"/>
      <instance value="1"/>
      <instance value="2"/>
      <instance value="3"/>
    </driver>
    <driver name="wdt" type="avr"/>
    <driver name="xocd" type="avr">
      <instance value=""/>
    </driver>
    <driver name="gpio" type="avr">
      <gpio port="A" pin="0">
        <signal driver="ac" instance="a" name="0"/>
        <signal driver="adc" instance="a" name="0"/>
        <signal driver="adc" instance="a" name="refa0"/>
        <signal driver="adc" instance="b" name="refa0"/>
      </gpio>
      <gpio port="A" pin="1">
        <signal driver="ac" instance="a" name="1"/>
        <signal driver="adc" instance="a" name="1"/>
      </gpio>
      <gpio port="A" pin="2">
        <signal driver="ac" instance="a" name="2"/>
        <signal driver="adc" instance="a" name="2"/>
      </gpio>
      <gpio port="A" pin="3">
        <signal driver="ac" instance="a" name="3"/>
        <signal driver="adc" instance="a" name="3"/>
      </gpio>
      <gpio port="A" pin="4">
        <signal driver="ac" instance="a" name="4"/>
        <signal driver="adc" instance="a" name="4"/>
      </gpio>
      <gpio port="A" pin="5">
        <signal driver="ac" instance="a" name="5"/>
        <signal driver="adc" instance="a" name="5"/>
      </gpio>
      <gpio port="A" pin="6">
        <signal driver="ac" instance="a" name="6"/>
        <signal driver="ac" instance="a" name="acout1"/>
        <signal driver="adc" instance="a" name="6"/>
      </gpio>
      <gpio port="A" pin="7">
        <signal driver="ac" instance="a" name="7"/>
        <signal driver="ac" instance="a" name="acout0"/>
        <signal device-name="128" driver="adc" instance="a" name="7"/>
      </gpio>
      <gpio port="B" pin="0">
        <signal driver="ac" instance="b" name="0"/>
        <signal device-name="64" driver="adc" instance="a" name="7"/>
        <signal device-name="128" driver="adc" instance="a" name="8"/>
        <signal driver="adc" instance="a" name="refb0"/>
        <signal driver="adc" instance="b" name="0"/>
        <signal driver="adc" instance="b" name="refb0"/>
      </gpio>
      <gpio port="B" pin="1">
        <signal driver="ac" instance="b" name="1"/>
        <signal device-name="64" driver="adc" instance="a" name="8"/>
        <signal device-name="128" driver="adc" instance="a" name="9"/>
        <signal driver="adc" instance="b" name="1"/>
      </gpio>
      <gpio port="B" pin="2">
        <signal driver="ac" instance="b" name="2"/>
        <signal device-name="128" driver="adc" instance="a" name="10"/>
        <signal device-name="64" driver="adc" instance="a" name="9"/>
        <signal driver="adc" instance="b" name="2"/>
      </gpio>
      <gpio port="B" pin="3">
        <signal driver="ac" instance="b" name="3"/>
        <signal device-name="64" driver="adc" instance="a" name="10"/>
        <signal device-name="128" driver="adc" instance="a" name="11"/>
        <signal driver="adc" instance="b" name="3"/>
      </gpio>
      <gpio port="B" pin="4">
        <signal driver="ac" instance="b" name="4"/>
        <signal device-name="64" driver="adc" instance="a" name="11"/>
        <signal device-name="128" driver="adc" instance="a" name="12"/>
        <signal driver="adc" instance="b" name="4"/>
      </gpio>
      <gpio port="B" pin="5">
        <signal driver="ac" instance="b" name="5"/>
        <signal device-name="64" driver="adc" instance="a" name="12"/>
        <signal device-name="128" driver="adc" instance="a" name="13"/>
        <signal driver="adc" instance="b" name="5"/>
      </gpio>
      <gpio port="B" pin="6">
        <signal driver="ac" instance="b" name="6"/>
        <signal driver="ac" instance="b" name="acout1"/>
        <signal device-name="64" driver="adc" instance="a" name="13"/>
        <signal device-name="128" driver="adc" instance="a" name="14"/>
        <signal driver="adc" instance="b" name="6"/>
      </gpio>
      <gpio port="B" pin="7">
        <signal driver="ac" instance="b" name="7"/>
        <signal driver="ac" instance="b" name="acout0"/>
        <signal device-name="64" driver="adc" instance="a" name="14"/>
        <signal device-name="128" driver="adc" instance="a" name="15"/>
        <signal driver="adc" instance="b" name="7"/>
      </gpio>
      <gpio port="C" pin="0">
        <signal driver="awex" instance="c" name="oc0als"/>
        <signal driver="clk" name="extclk0"/>
        <signal driver="tc" instance="c0" name="oc0a"/>
        <signal driver="tc" instance="c2" name="loc2a"/>
        <signal driver="twi" instance="c" name="sda"/>
      </gpio>
      <gpio port="C" pin="1">
        <signal driver="awex" instance="c" name="oc0ahs"/>
        <signal driver="clk" name="extclk1"/>
        <signal driver="tc" instance="c0" name="oc0b"/>
        <signal driver="tc" instance="c2" name="loc2b"/>
        <signal driver="twi" instance="c" name="scl"/>
        <signal driver="usart" instance="c0" name="xck"/>
      </gpio>
      <gpio port="C" pin="2">
        <signal driver="awex" instance="c" name="oc0bls"/>
        <signal driver="clk" name="extclk2"/>
        <signal driver="tc" instance="c0" name="oc0c"/>
        <signal driver="tc" instance="c2" name="loc2c"/>
        <signal driver="usart" instance="c0" name="rxd"/>
      </gpio>
      <gpio port="C" pin="3">
        <signal driver="awex" instance="c" name="oc0bhs"/>
        <signal driver="clk" name="extclk3"/>
        <signal driver="tc" instance="c0" name="oc0d"/>
        <signal driver="tc" instance="c2" name="loc2d"/>
        <signal driver="usart" instance="c0" name="txd"/>
      </gpio>
      <gpio port="C" pin="4">
        <signal driver="awex" instance="c" name="oc0cls"/>
        <signal driver="clk" name="extclk4"/>
        <signal driver="spi" instance="c" name="ss"/>
        <signal driver="spi" instance="c" name="ss"/>
        <signal driver="tc" instance="c0" name="oc0a"/>
        <signal driver="tc" instance="c1" name="oc1a"/>
        <signal driver="tc" instance="c2" name="hoc2a"/>
      </gpio>
      <gpio port="C" pin="5">
        <signal driver="awex" instance="c" name="oc0chs"/>
        <signal driver="clk" name="extclk5"/>
        <signal driver="spi" instance="c" name="mosi"/>
        <signal driver="spi" instance="c" name="sck"/>
        <signal driver="tc" instance="c0" name="oc0b"/>
        <signal driver="tc" instance="c1" name="oc1b"/>
        <signal driver="tc" instance="c2" name="hoc2b"/>
        <signal driver="usart" instance="c0" name="xck"/>
      </gpio>
      <gpio port="C" pin="6">
        <signal driver="awex" instance="c" name="oc0dls"/>
        <signal driver="clk" name="extclk6"/>
        <signal driver="spi" instance="c" name="miso"/>
        <signal driver="spi" instance="c" name="miso"/>
        <signal driver="tc" instance="c0" name="oc0c"/>
        <signal driver="tc" instance="c2" name="hoc2c"/>
        <signal driver="usart" instance="c0" name="rxd"/>
      </gpio>
      <gpio port="C" pin="7">
        <signal driver="awex" instance="c" name="oc0dhs"/>
        <signal driver="clk" name="extclk7"/>
        <signal driver="spi" instance="c" name="mosi"/>
        <signal driver="spi" instance="c" name="sck"/>
        <signal driver="tc" instance="c0" name="oc0d"/>
        <signal driver="tc" instance="c2" name="hoc2d"/>
        <signal driver="usart" instance="c0" name="txd"/>
      </gpio>
      <gpio port="D" pin="0">
        <signal driver="usb" name="dn"/>
      </gpio>
      <gpio port="D" pin="1">
        <signal driver="usb" name="dp"/>
      </gpio>
      <gpio port="D" pin="2"/>
      <gpio port="E" pin="0">
        <signal driver="tc" instance="e0" name="oc0a"/>
        <signal driver="tc" instance="e2" name="loc2a"/>
      </gpio>
      <gpio port="E" pin="1">
        <signal driver="tc" instance="e0" name="oc0b"/>
        <signal driver="tc" instance="e2" name="loc2b"/>
        <signal driver="usart" instance="e0" name="xck"/>
      </gpio>
      <gpio port="E" pin="2">
        <signal driver="tc" instance="e0" name="oc0c"/>
        <signal driver="tc" instance="e2" name="loc2c"/>
        <signal driver="usart" instance="e0" name="rxd"/>
      </gpio>
      <gpio port="E" pin="3">
        <signal driver="tc" instance="e0" name="oc0d"/>
        <signal driver="tc" instance="e2" name="loc2d"/>
        <signal driver="usart" instance="e0" name="txd"/>
      </gpio>
      <gpio port="E" pin="4">
        <signal driver="tc" instance="e0" name="oc0a"/>
        <signal driver="tc" instance="e2" name="hoc2a"/>
      </gpio>
      <gpio port="E" pin="5">
        <signal driver="tc" instance="e0" name="oc0b"/>
        <signal driver="tc" instance="e2" name="hoc2b"/>
        <signal driver="usart" instance="e0" name="xck"/>
      </gpio>
      <gpio port="E" pin="6">
        <signal driver="osc" name="tosc2"/>
        <signal driver="tc" instance="e0" name="oc0c"/>
        <signal driver="tc" instance="e2" name="hoc2c"/>
        <signal driver="usart" instance="e0" name="rxd"/>
      </gpio>
      <gpio port="E" pin="7">
        <signal driver="osc" name="tosc1"/>
        <signal driver="portcfg" name="clkout"/>
        <signal driver="portcfg" name="evout"/>
        <signal driver="tc" instance="e0" name="oc0d"/>
        <signal driver="tc" instance="e2" name="hoc2d"/>
        <signal driver="usart" instance="e0" name="txd"/>
      </gpio>
      <gpio port="G" pin="0">
        <signal driver="lcd" name="seg39"/>
      </gpio>
      <gpio port="G" pin="1">
        <signal driver="lcd" name="seg38"/>
      </gpio>
      <gpio port="G" pin="2">
        <signal driver="lcd" name="seg37"/>
      </gpio>
      <gpio port="G" pin="3">
        <signal driver="lcd" name="seg36"/>
      </gpio>
      <gpio port="G" pin="4">
        <signal driver="lcd" name="seg35"/>
      </gpio>
      <gpio port="G" pin="5">
        <signal driver="lcd" name="seg34"/>
      </gpio>
      <gpio port="G" pin="6">
        <signal driver="lcd" name="seg33"/>
      </gpio>
      <gpio port="G" pin="7">
        <signal driver="lcd" name="seg32"/>
      </gpio>
      <gpio port="M" pin="0">
        <signal driver="lcd" name="seg31"/>
      </gpio>
      <gpio port="M" pin="1">
        <signal driver="lcd" name="seg30"/>
      </gpio>
      <gpio port="M" pin="2">
        <signal driver="lcd" name="seg29"/>
      </gpio>
      <gpio port="M" pin="3">
        <signal driver="lcd" name="seg28"/>
      </gpio>
      <gpio port="M" pin="4">
        <signal driver="lcd" name="seg27"/>
      </gpio>
      <gpio port="M" pin="5">
        <signal driver="lcd" name="seg26"/>
      </gpio>
      <gpio port="M" pin="6">
        <signal driver="lcd" name="seg25"/>
      </gpio>
      <gpio port="M" pin="7">
        <signal driver="lcd" name="seg24"/>
      </gpio>
      <gpio port="R" pin="0">
        <signal driver="osc" name="tosc2"/>
        <signal driver="osc" name="xtal2"/>
      </gpio>
      <gpio port="R" pin="1">
        <signal driver="osc" name="tosc1"/>
        <signal driver="osc" name="xtal1"/>
      </gpio>
    </driver>
  </device>
</modm>
