<?xml version='1.0' encoding='UTF-8'?>
<modm version="0.4.0">
  <!-- WARNING: This file is generated by the modm device file generator. Do not edit! -->
  <device platform="avr" family="xmega" name="8|16|32" type="e5" pin="">
    <naming-schema>at{family}{name}{type}{pin}</naming-schema>
    <attribute-mcu device-name="16" value="x16e5"/>
    <attribute-mcu device-name="32" value="x32e5"/>
    <attribute-mcu device-name="8" value="x8e5"/>
    <driver name="core" type="avr8_xmega">
      <memory device-name="8|16" name="eeprom" size="512"/>
      <memory device-name="32" name="eeprom" size="1024"/>
      <memory device-name="8" name="flash" size="8192"/>
      <memory device-name="16" name="flash" size="16384"/>
      <memory device-name="32" name="flash" size="32768"/>
      <memory device-name="8" name="ram" size="1024"/>
      <memory device-name="16" name="ram" size="2048"/>
      <memory device-name="32" name="ram" size="4096"/>
    </driver>
    <driver name="ac" type="avr">
      <instance value="a"/>
    </driver>
    <driver name="adc" type="avr">
      <instance value="a"/>
    </driver>
    <driver name="clk" type="avr"/>
    <driver name="clock" type="avr"/>
    <driver name="crc" type="avr"/>
    <driver name="dac" type="avr">
      <instance value="a"/>
    </driver>
    <driver name="dfll" type="avr">
      <instance value="rc32m"/>
    </driver>
    <driver name="edma" type="avr"/>
    <driver name="evsys" type="avr"/>
    <driver name="fault" type="avr">
      <instance value="c4"/>
      <instance value="c5"/>
    </driver>
    <driver name="hires" type="avr">
      <instance value="c"/>
    </driver>
    <driver name="ircom" type="avr"/>
    <driver name="mcu" type="avr"/>
    <driver name="nvm" type="avr"/>
    <driver name="osc" type="avr"/>
    <driver name="pmic" type="avr"/>
    <driver name="portcfg" type="avr"/>
    <driver name="pr" type="avr"/>
    <driver name="rst" type="avr"/>
    <driver name="rtc" type="avr"/>
    <driver name="sigrow" type="avr">
      <instance value="ignatures"/>
    </driver>
    <driver name="sleep" type="avr"/>
    <driver name="spi" type="avr">
      <instance value="c"/>
    </driver>
    <driver name="tc" type="tc">
      <instance value="c4"/>
      <instance value="c5"/>
      <instance value="d5"/>
    </driver>
    <driver name="twi" type="avr">
      <instance value="c"/>
    </driver>
    <driver name="usart" type="avr">
      <instance value="c0"/>
      <instance value="d0"/>
    </driver>
    <driver name="vport" type="avr">
      <instance value="0"/>
      <instance value="1"/>
      <instance value="2"/>
      <instance value="3"/>
    </driver>
    <driver name="wdt" type="avr"/>
    <driver name="wex" type="avr">
      <instance value="c"/>
    </driver>
    <driver name="xcl" type="avr"/>
    <driver name="xocd" type="avr">
      <instance value=""/>
    </driver>
    <driver name="gpio" type="avr">
      <gpio port="A" pin="0">
        <signal driver="ac" instance="a" name="0"/>
        <signal driver="adc" instance="a" name="0"/>
        <signal driver="adc" instance="a" name="refa0"/>
        <signal driver="dac" instance="a" name="refa0"/>
      </gpio>
      <gpio port="A" pin="1">
        <signal driver="ac" instance="a" name="1"/>
        <signal driver="adc" instance="a" name="1"/>
      </gpio>
      <gpio port="A" pin="2">
        <signal driver="ac" instance="a" name="2"/>
        <signal driver="adc" instance="a" name="2"/>
        <signal driver="dac" instance="a" name="0"/>
      </gpio>
      <gpio port="A" pin="3">
        <signal driver="ac" instance="a" name="3"/>
        <signal driver="adc" instance="a" name="3"/>
        <signal driver="dac" instance="a" name="1"/>
      </gpio>
      <gpio port="A" pin="4">
        <signal driver="ac" instance="a" name="4"/>
        <signal driver="adc" instance="a" name="4"/>
      </gpio>
      <gpio port="A" pin="5">
        <signal driver="ac" instance="a" name="5"/>
        <signal driver="adc" instance="a" name="5"/>
      </gpio>
      <gpio port="A" pin="6">
        <signal driver="ac" instance="a" name="6"/>
        <signal driver="ac" instance="a" name="acout1"/>
        <signal driver="adc" instance="a" name="6"/>
      </gpio>
      <gpio port="A" pin="7">
        <signal driver="ac" instance="a" name="7"/>
        <signal driver="ac" instance="a" name="acout0"/>
        <signal driver="adc" instance="a" name="7"/>
      </gpio>
      <gpio port="C" pin="0">
        <signal driver="tc" instance="c4" name="oc4a"/>
        <signal driver="twi" instance="c" name="sda"/>
        <signal driver="wex" instance="c" name="oc4als"/>
        <signal driver="xcl" name="in1"/>
        <signal driver="xcl" name="out0"/>
      </gpio>
      <gpio port="C" pin="1">
        <signal driver="tc" instance="c4" name="oc4b"/>
        <signal driver="twi" instance="c" name="scl"/>
        <signal driver="usart" instance="c0" name="xck"/>
        <signal driver="wex" instance="c" name="oc4ahs"/>
        <signal driver="xcl" name="in2"/>
      </gpio>
      <gpio port="C" pin="2">
        <signal driver="tc" instance="c4" name="oc4c"/>
        <signal driver="usart" instance="c0" name="rxd"/>
        <signal driver="wex" instance="c" name="oc4bls"/>
        <signal driver="xcl" name="in0"/>
      </gpio>
      <gpio port="C" pin="3">
        <signal driver="tc" instance="c4" name="oc4d"/>
        <signal driver="usart" instance="c0" name="txd"/>
        <signal driver="wex" instance="c" name="oc4bhs"/>
        <signal driver="xcl" name="in3"/>
      </gpio>
      <gpio port="C" pin="4">
        <signal driver="clk" name="extclk"/>
        <signal driver="spi" instance="c" name="ss"/>
        <signal driver="tc" instance="c4" name="oc4a"/>
        <signal driver="tc" instance="c5" name="oc5a"/>
        <signal driver="wex" instance="c" name="oc4cls"/>
        <signal driver="xcl" name="in1"/>
        <signal driver="xcl" name="out0"/>
      </gpio>
      <gpio port="C" pin="5">
        <signal driver="spi" instance="c" name="mosi"/>
        <signal driver="tc" instance="c4" name="oc4b"/>
        <signal driver="tc" instance="c5" name="oc5b"/>
        <signal driver="usart" instance="c0" name="xck"/>
        <signal driver="wex" instance="c" name="oc4chs"/>
        <signal driver="xcl" name="in2"/>
      </gpio>
      <gpio port="C" pin="6">
        <signal driver="ac" instance="a" name="acout1"/>
        <signal driver="spi" instance="c" name="miso"/>
        <signal driver="tc" instance="c4" name="oc4c"/>
        <signal driver="usart" instance="c0" name="rxd"/>
        <signal driver="wex" instance="c" name="oc4dls"/>
        <signal driver="xcl" name="in0"/>
      </gpio>
      <gpio port="C" pin="7">
        <signal driver="ac" instance="a" name="acout0"/>
        <signal driver="spi" instance="c" name="sck"/>
        <signal driver="tc" instance="c4" name="oc4d"/>
        <signal driver="usart" instance="c0" name="txd"/>
        <signal driver="wex" instance="c" name="oc4dhs"/>
        <signal driver="xcl" name="in3"/>
      </gpio>
      <gpio port="D" pin="0">
        <signal driver="adc" instance="a" name="8"/>
        <signal driver="adc" instance="a" name="refd0"/>
        <signal driver="dac" instance="a" name="refd0"/>
        <signal driver="twi" instance="c" name="sda"/>
        <signal driver="xcl" name="in1"/>
        <signal driver="xcl" name="out0"/>
      </gpio>
      <gpio port="D" pin="1">
        <signal driver="adc" instance="a" name="9"/>
        <signal driver="twi" instance="c" name="scl"/>
        <signal driver="usart" instance="d0" name="xck"/>
        <signal driver="xcl" name="in2"/>
      </gpio>
      <gpio port="D" pin="2">
        <signal driver="adc" instance="a" name="10"/>
        <signal driver="usart" instance="d0" name="rxd"/>
        <signal driver="xcl" name="in0"/>
        <signal driver="xcl" name="oc0"/>
      </gpio>
      <gpio port="D" pin="3">
        <signal driver="adc" instance="a" name="11"/>
        <signal driver="usart" instance="d0" name="txd"/>
        <signal driver="xcl" name="in3"/>
        <signal driver="xcl" name="oc1"/>
      </gpio>
      <gpio port="D" pin="4">
        <signal driver="adc" instance="a" name="12"/>
        <signal driver="portcfg" name="clkout"/>
        <signal driver="portcfg" name="evout"/>
        <signal driver="tc" instance="d5" name="oc5a"/>
        <signal driver="xcl" name="in1"/>
        <signal driver="xcl" name="out0"/>
      </gpio>
      <gpio port="D" pin="5">
        <signal driver="adc" instance="a" name="13"/>
        <signal driver="tc" instance="d5" name="oc5b"/>
        <signal driver="usart" instance="d0" name="xck"/>
        <signal driver="xcl" name="in2"/>
      </gpio>
      <gpio port="D" pin="6">
        <signal driver="ac" instance="a" name="acout1"/>
        <signal driver="adc" instance="a" name="14"/>
        <signal driver="portcfg" name="rtcout"/>
        <signal driver="usart" instance="d0" name="rxd"/>
        <signal driver="xcl" name="in0"/>
      </gpio>
      <gpio port="D" pin="7">
        <signal driver="ac" instance="a" name="acout0"/>
        <signal driver="adc" instance="a" name="15"/>
        <signal driver="portcfg" name="clkout"/>
        <signal driver="portcfg" name="evout"/>
        <signal driver="usart" instance="d0" name="txd"/>
        <signal driver="xcl" name="in3"/>
      </gpio>
      <gpio port="R" pin="0">
        <signal driver="ac" instance="a" name="acout1"/>
        <signal driver="osc" name="tosc2"/>
        <signal driver="osc" name="xtal2"/>
        <signal driver="portcfg" name="clkout"/>
        <signal driver="portcfg" name="evout"/>
        <signal driver="portcfg" name="rtcout"/>
      </gpio>
      <gpio port="R" pin="1">
        <signal driver="ac" instance="a" name="acout0"/>
        <signal driver="osc" name="tosc1"/>
        <signal driver="osc" name="xtal1"/>
      </gpio>
    </driver>
  </device>
</modm>
