<?xml version='1.0' encoding='UTF-8'?>
<modm version="0.4.0">
  <!-- WARNING: This file is generated by the modm device file generator. Do not edit! -->
  <device platform="avr" family="xmega" name="64|128|192|256" type="a3" pin="|b">
    <naming-schema>at{family}{name}{type}{pin}</naming-schema>
    <invalid-device>atxmega128a3b</invalid-device>
    <invalid-device>atxmega192a3b</invalid-device>
    <invalid-device>atxmega64a3b</invalid-device>
    <attribute-mcu device-name="128" value="x128a3"/>
    <attribute-mcu device-name="192" value="x192a3"/>
    <attribute-mcu device-name="256" device-pin="" value="x256a3"/>
    <attribute-mcu device-pin="b" value="x256a3b"/>
    <attribute-mcu device-name="64" value="x64a3"/>
    <driver name="core" type="avr8_xmega">
      <memory device-name="64|128|192" name="eeprom" size="2048"/>
      <memory device-name="256" name="eeprom" size="4096"/>
      <memory device-name="64" name="flash" size="65536"/>
      <memory device-name="128" name="flash" size="131072"/>
      <memory device-name="192" name="flash" size="196608"/>
      <memory device-name="256" name="flash" size="262144"/>
      <memory device-name="64" name="ram" size="4096"/>
      <memory device-name="128" name="ram" size="8192"/>
      <memory device-name="192|256" name="ram" size="16384"/>
    </driver>
    <driver name="ac" type="avr">
      <instance value="a"/>
      <instance value="b"/>
    </driver>
    <driver name="adc" type="avr">
      <instance value="a"/>
      <instance value="b"/>
    </driver>
    <driver name="aes" type="avr"/>
    <driver name="clk" type="avr">
      <instance value=""/>
      <instance value=""/>
    </driver>
    <driver name="clock" type="avr"/>
    <driver name="dac" type="avr">
      <instance value="b"/>
    </driver>
    <driver name="dfll" type="avr">
      <instance value="rc2m"/>
      <instance value="rc32m"/>
    </driver>
    <driver name="dma" type="avr"/>
    <driver name="evsys" type="avr"/>
    <driver name="ircom" type="avr"/>
    <driver name="mcu" type="avr"/>
    <driver name="nvm" type="avr">
      <instance value=""/>
      <instance value="d_signatures"/>
      <instance value="e"/>
      <instance value="kbit"/>
    </driver>
    <driver name="osc" type="avr"/>
    <driver name="pmic" type="avr"/>
    <driver name="rst" type="avr"/>
    <driver device-pin="" name="rtc" type="avr"/>
    <driver device-pin="b" name="rtc32" type="avr"/>
    <driver name="sleep" type="avr"/>
    <driver name="spi" type="avr">
      <instance value="c"/>
      <instance value="d"/>
      <instance device-pin="" value="e"/>
      <instance value="f"/>
    </driver>
    <driver name="tc" type="tc">
      <instance value="c0"/>
      <instance value="c1"/>
      <instance value="d0"/>
      <instance value="d1"/>
      <instance value="e0"/>
      <instance value="e1"/>
      <instance value="exc"/>
      <instance value="exe"/>
      <instance value="f0"/>
      <instance value="resc"/>
      <instance value="resd"/>
      <instance value="rese"/>
      <instance value="resf"/>
    </driver>
    <driver name="twi" type="avr">
      <instance value="c"/>
      <instance value="e"/>
    </driver>
    <driver name="usart" type="avr">
      <instance value="c0"/>
      <instance value="c1"/>
      <instance value="d0"/>
      <instance value="d1"/>
      <instance value="e0"/>
      <instance device-pin="" value="e1"/>
      <instance value="f0"/>
      <instance device-pin="" value="f1"/>
    </driver>
    <driver device-pin="b" name="vbat" type="avr"/>
    <driver name="wdt" type="avr"/>
    <driver name="xocd" type="avr">
      <instance value=""/>
    </driver>
    <driver name="gpio" type="avr"/>
  </device>
</modm>
