<library>
  <extends>modm:blue-pill</extends>
  <options>
    <option name="modm:build:build.path">../../../build/stm32f103c8t6_blue_pill/environment</option>
  </options>
  <modules>
    <module>modm:debug</module>
    <module>modm:driver:bme280</module>
    <module>modm:driver:bmp085</module>
    <module>modm:platform:gpio</module>
    <module>modm:platform:i2c:1</module>
    <module>modm:platform:i2c:2</module>
    <module>modm:platform:uart:2</module>
    <module>modm:processing:timer</module>
    <module>modm:processing:protothread</module>
    <module>modm:build:scons</module>
  </modules>
</library>
