<?xml version='1.0' encoding='UTF-8'?>
<library>
  <extends>../../../src/modm/board/nucleo_f303k8/board.xml</extends>
  <options>
    <option name=":target">stm32f303k8t</option>
    <!-- <option name=":target">stm32f103c8t</option> -->
    <option name=":platform:uart:2:buffer.tx">2048</option>
    <option name=":platform:uart:2:buffer.rx">2048</option>
    <option name=":build:build.path">../../../build/generic/i2c_multiplex</option>
  </options>
  <modules>
    <module>:debug</module>
    <module>:platform:gpio</module>
    <module>:driver</module>
    <module>:driver:pca9548a</module>
    <module>:platform:i2c:1</module>
    <module>:platform:uart:2</module>
    <module>:processing:protothread</module>
    <module>:processing:resumable</module>
    <module>:processing:timer</module>
    <module>:build:scons</module>
  </modules>
</library>
