{
  "name": "Avrheap",
  "keywords": "heap,dump,walk,free,list,debug,analyze",
  "description": "Library to runtime analyze the structure of the heap (AVR328).",
  "authors":
  [
    {
      "name": "Rob Tillaart",
      "email": "Rob.Tillaart@gmail.com",
      "maintainer": true
    }
  ],
  "repository":
  {
    "type": "git",
    "url": "https://github.com/RobTillaart/Arduino.git"
  },
  "version":"0.1.5",
  "frameworks": "arduino",
  "platforms": "atmelavr",
  "export": {
    "include": "libraries/Avrheap"
  }
}
