<library>
  <options>
    <option name="modm:target">atmega644</option>
    <option name="modm:platform:clock:f_cpu">14745600</option>
    <option name="modm:build:build.path">../../../../build/avr/1-wire/ds18b20</option>
  </options>
  <modules>
    <module>modm:driver:ds18b20</module>
    <module>modm:io</module>
    <module>modm:platform:1-wire.bitbang</module>
    <module>modm:platform:clock</module>
    <module>modm:platform:core</module>
    <module>modm:platform:gpio</module>
    <module>modm:platform:uart:0</module>
    <module>modm:build:scons</module>
  </modules>
</library>
