<library>
  <extends>modm:nucleo-l476rg</extends>
  <options>
    <option name="modm:build:build.path">../../../../build/generic/ros/environment</option>
    <option name="modm:platform:uart:2:buffer.tx">512</option>
    <option name="modm:platform:uart:2:buffer.rx">512</option>
  </options>
  <modules>
    <module>modm:driver:bme280</module>
    <module>modm:driver:ssd1306</module>
    <module>modm:ros</module>
    <module>modm:communication:ros</module>
    <module>modm:processing:timer</module>
    <module>modm:processing:protothread</module>
    <module>modm:platform:i2c:1</module>
    <module>modm:build:scons</module>
  </modules>
</library>
