<library>
  <extends>modm:disco-f407vg</extends>
  <options>
    <option name="modm:build:build.path">../../../../build/stm32f4_discovery/radio/nrf24-basic-comm</option>
  </options>
  <modules>
    <module>modm:debug</module>
    <module>modm:driver:nrf24</module>
    <module>modm:platform:gpio</module>
    <module>modm:platform:spi:1</module>
    <module>modm:platform:spi:2</module>
    <module>modm:platform:uart:2</module>
    <module>modm:processing:timer</module>
    <module>modm:build:scons</module>
  </modules>
</library>
