<library>
  <extends>modm:blue-pill</extends>
  <options>
    <option name="modm:build:build.path">../../../../build/generic/ros/can_bridge</option>
    <option name="modm:platform:uart:2:buffer.tx">512</option>
    <option name="modm:platform:uart:2:buffer.rx">512</option>
  </options>
  <modules>
    <module>modm:build:scons</module>
    <module>modm:communication:ros</module>
    <module>modm:platform:can</module>
    <module>modm:platform:uart:2</module>
    <module>modm:ros</module>
  </modules>
</library>
